id,timestamp,datetime,device_id,package_name,app_name,uid,bytes_rx,bytes_tx,bytes_total,network_type,is_system_app
1,1774972800000,2026-04-01T00:00:00,mock-device-uuid-12345,com.spotify.music,Spotify,10299,8401632,1083618,9485250,MOBILE,0
2,1774972800000,2026-04-01T00:00:00,mock-device-uuid-12345,com.android.chrome,Chrome,10080,1709773,383129,2092902,MOBILE,0
3,1774972800000,2026-04-01T00:00:00,mock-device-uuid-12345,com.tencent.ig,PUBG Mobile,10352,942463,52744,995207,MOBILE,0
4,1774972800000,2026-04-01T00:00:00,mock-device-uuid-12345,com.zhiliaoapp.musically,TikTok,10310,748659,112996,861655,MOBILE,0
5,1774972800000,2026-04-01T00:00:00,mock-device-uuid-12345,com.facebook.katana,Facebook,10245,1112425,187778,1300203,MOBILE,0
6,1774976400000,2026-04-01T01:00:00,mock-device-uuid-12345,com.google.android.youtube,YouTube,10101,1279800,293862,1573662,MOBILE,0
7,1774976400000,2026-04-01T01:00:00,mock-device-uuid-12345,com.spotify.music,Spotify,10299,174483,42111,216594,MOBILE,0
8,1774976400000,2026-04-01T01:00:00,mock-device-uuid-12345,com.facebook.katana,Facebook,10245,83584,10958,94542,MOBILE,0
9,1774976400000,2026-04-01T01:00:00,mock-device-uuid-12345,com.zhiliaoapp.musically,TikTok,10310,816533,85887,902420,MOBILE,0
10,1774980000000,2026-04-01T02:00:00,mock-device-uuid-12345,com.tencent.ig,PUBG Mobile,10352,8624411,1182554,9806965,MOBILE,0
11,1774980000000,2026-04-01T02:00:00,mock-device-uuid-12345,com.spotify.music,Spotify,10299,1175147,126268,1301415,MOBILE,0
12,1774980000000,2026-04-01T02:00:00,mock-device-uuid-12345,com.facebook.katana,Facebook,10245,5193790,707702,5901492,MOBILE,0
13,1774980000000,2026-04-01T02:00:00,mock-device-uuid-12345,com.instagram.android,Instagram,10246,5034751,316363,5351114,MOBILE,0
14,1774983600000,2026-04-01T03:00:00,mock-device-uuid-12345,com.instagram.android,Instagram,10246,0,0,0,MOBILE,0
15,1774983600000,2026-04-01T03:00:00,mock-device-uuid-12345,com.android.chrome,Chrome,10080,0,0,0,MOBILE,0
16,1774987200000,2026-04-01T04:00:00,mock-device-uuid-12345,com.spotify.music,Spotify,10299,5608351,911265,6519616,MOBILE,0
17,1774987200000,2026-04-01T04:00:00,mock-device-uuid-12345,com.tencent.ig,PUBG Mobile,10352,5846338,1308524,7154862,MOBILE,0
18,1774990800000,2026-04-01T05:00:00,mock-device-uuid-12345,com.android.chrome,Chrome,10080,8927158,1660142,10587300,MOBILE,0
19,1774990800000,2026-04-01T05:00:00,mock-device-uuid-12345,com.facebook.katana,Facebook,10245,2754232,477635,3231867,MOBILE,0
20,1774990800000,2026-04-01T05:00:00,mock-device-uuid-12345,com.zhiliaoapp.musically,TikTok,10310,359667,29767,389434,MOBILE,0
21,1774990800000,2026-04-01T05:00:00,mock-device-uuid-12345,com.spotify.music,Spotify,10299,1270015,158556,1428571,MOBILE,0
22,1774990800000,2026-04-01T05:00:00,mock-device-uuid-12345,com.tencent.ig,PUBG Mobile,10352,899208,117101,1016309,MOBILE,0
23,1774994400000,2026-04-01T06:00:00,mock-device-uuid-12345,com.tencent.ig,PUBG Mobile,10352,27620877,2130339,29751216,MOBILE,0
24,1774994400000,2026-04-01T06:00:00,mock-device-uuid-12345,com.instagram.android,Instagram,10246,732492,46020,778512,MOBILE,0
25,1774994400000,2026-04-01T06:00:00,mock-device-uuid-12345,com.spotify.music,Spotify,10299,3850825,907812,4758637,MOBILE,0
26,1774994400000,2026-04-01T06:00:00,mock-device-uuid-12345,com.android.chrome,Chrome,10080,8655222,769264,9424486,MOBILE,0
27,1774998000000,2026-04-01T07:00:00,mock-device-uuid-12345,com.spotify.music,Spotify,10299,5513409,547812,6061221,MOBILE,0
28,1774998000000,2026-04-01T07:00:00,mock-device-uuid-12345,com.tencent.ig,PUBG Mobile,10352,28728489,4903924,33632413,MOBILE,0
29,1775001600000,2026-04-01T08:00:00,mock-device-uuid-12345,com.tencent.ig,PUBG Mobile,10352,12378559,1516153,13894712,MOBILE,0
30,1775001600000,2026-04-01T08:00:00,mock-device-uuid-12345,com.android.chrome,Chrome,10080,26628302,1781195,28409497,MOBILE,0
31,1775001600000,2026-04-01T08:00:00,mock-device-uuid-12345,com.google.android.youtube,YouTube,10101,21815906,1783866,23599772,MOBILE,0
32,1775001600000,2026-04-01T08:00:00,mock-device-uuid-12345,com.instagram.android,Instagram,10246,5857362,631682,6489044,MOBILE,0
33,1775001600000,2026-04-01T08:00:00,mock-device-uuid-12345,com.zhiliaoapp.musically,TikTok,10310,6846753,900786,7747539,MOBILE,0
34,1775005200000,2026-04-01T09:00:00,mock-device-uuid-12345,com.zhiliaoapp.musically,TikTok,10310,13760181,1087327,14847508,MOBILE,0
35,1775005200000,2026-04-01T09:00:00,mock-device-uuid-12345,com.android.chrome,Chrome,10080,35379301,6971858,42351159,MOBILE,0
36,1775008800000,2026-04-01T10:00:00,mock-device-uuid-12345,com.instagram.android,Instagram,10246,20985950,2856998,23842948,MOBILE,0
37,1775008800000,2026-04-01T10:00:00,mock-device-uuid-12345,com.zhiliaoapp.musically,TikTok,10310,24627644,3564676,28192320,MOBILE,0
38,1775012400000,2026-04-01T11:00:00,mock-device-uuid-12345,com.instagram.android,Instagram,10246,23171816,2130107,25301923,MOBILE,0
39,1775012400000,2026-04-01T11:00:00,mock-device-uuid-12345,com.zhiliaoapp.musically,TikTok,10310,9268563,497223,9765786,MOBILE,0
40,1775012400000,2026-04-01T11:00:00,mock-device-uuid-12345,com.android.chrome,Chrome,10080,19063250,2929340,21992590,MOBILE,0
41,1775012400000,2026-04-01T11:00:00,mock-device-uuid-12345,com.google.android.youtube,YouTube,10101,10387302,676386,11063688,MOBILE,0
42,1775016000000,2026-04-01T12:00:00,mock-device-uuid-12345,com.instagram.android,Instagram,10246,2616801,652890,3269691,MOBILE,0
43,1775016000000,2026-04-01T12:00:00,mock-device-uuid-12345,com.google.android.youtube,YouTube,10101,2629604,602959,3232563,MOBILE,0
44,1775016000000,2026-04-01T12:00:00,mock-device-uuid-12345,com.zhiliaoapp.musically,TikTok,10310,44728849,4947508,49676357,MOBILE,0
45,1775019600000,2026-04-01T13:00:00,mock-device-uuid-12345,com.facebook.katana,Facebook,10245,24076136,3269188,27345324,MOBILE,0
46,1775019600000,2026-04-01T13:00:00,mock-device-uuid-12345,com.google.android.youtube,YouTube,10101,10642289,708729,11351018,MOBILE,0
47,1775019600000,2026-04-01T13:00:00,mock-device-uuid-12345,com.spotify.music,Spotify,10299,6779794,1061029,7840823,MOBILE,0
48,1775023200000,2026-04-01T14:00:00,mock-device-uuid-12345,com.zhiliaoapp.musically,TikTok,10310,4178602,974511,5153113,MOBILE,0
49,1775023200000,2026-04-01T14:00:00,mock-device-uuid-12345,com.google.android.youtube,YouTube,10101,47523608,2615881,50139489,MOBILE,0
50,1775023200000,2026-04-01T14:00:00,mock-device-uuid-12345,com.spotify.music,Spotify,10299,1320400,171442,1491842,MOBILE,0
51,1775023200000,2026-04-01T14:00:00,mock-device-uuid-12345,com.instagram.android,Instagram,10246,4814561,663842,5478403,MOBILE,0
52,1775023200000,2026-04-01T14:00:00,mock-device-uuid-12345,com.tencent.ig,PUBG Mobile,10352,11963593,2687551,14651144,MOBILE,0
53,1775026800000,2026-04-01T15:00:00,mock-device-uuid-12345,com.zhiliaoapp.musically,TikTok,10310,25890239,5658302,31548541,MOBILE,0
54,1775026800000,2026-04-01T15:00:00,mock-device-uuid-12345,com.instagram.android,Instagram,10246,11494279,840686,12334965,MOBILE,0
55,1775026800000,2026-04-01T15:00:00,mock-device-uuid-12345,com.android.chrome,Chrome,10080,549591,130352,679943,MOBILE,0
56,1775026800000,2026-04-01T15:00:00,mock-device-uuid-12345,com.facebook.katana,Facebook,10245,10986783,843862,11830645,MOBILE,0
57,1775030400000,2026-04-01T16:00:00,mock-device-uuid-12345,com.instagram.android,Instagram,10246,8911107,1205312,10116419,MOBILE,0
58,1775030400000,2026-04-01T16:00:00,mock-device-uuid-12345,com.spotify.music,Spotify,10299,11760469,1097138,12857607,MOBILE,0
59,1775030400000,2026-04-01T16:00:00,mock-device-uuid-12345,com.google.android.youtube,YouTube,10101,6516432,1159836,7676268,MOBILE,0
60,1775034000000,2026-04-01T17:00:00,mock-device-uuid-12345,com.google.android.youtube,YouTube,10101,8367972,1089660,9457632,MOBILE,0
61,1775034000000,2026-04-01T17:00:00,mock-device-uuid-12345,com.spotify.music,Spotify,10299,30851808,6858967,37710775,MOBILE,0
62,1775037600000,2026-04-01T18:00:00,mock-device-uuid-12345,com.android.chrome,Chrome,10080,18275883,4485853,22761736,MOBILE,0
63,1775037600000,2026-04-01T18:00:00,mock-device-uuid-12345,com.spotify.music,Spotify,10299,150794034,27242654,178036688,MOBILE,0
64,1775041200000,2026-04-01T19:00:00,mock-device-uuid-12345,com.zhiliaoapp.musically,TikTok,10310,17040774,3844674,20885448,MOBILE,0
65,1775041200000,2026-04-01T19:00:00,mock-device-uuid-12345,com.instagram.android,Instagram,10246,211260908,20261300,231522208,MOBILE,0
66,1775044800000,2026-04-01T20:00:00,mock-device-uuid-12345,com.google.android.youtube,YouTube,10101,57119810,13678807,70798617,MOBILE,0
67,1775044800000,2026-04-01T20:00:00,mock-device-uuid-12345,com.facebook.katana,Facebook,10245,80394988,6670934,87065922,MOBILE,0
68,1775044800000,2026-04-01T20:00:00,mock-device-uuid-12345,com.tencent.ig,PUBG Mobile,10352,19808152,1443974,21252126,MOBILE,0
69,1775044800000,2026-04-01T20:00:00,mock-device-uuid-12345,com.android.chrome,Chrome,10080,39170906,4091593,43262499,MOBILE,0
70,1775048400000,2026-04-01T21:00:00,mock-device-uuid-12345,com.google.android.youtube,YouTube,10101,68491187,5694677,74185864,MOBILE,0
71,1775048400000,2026-04-01T21:00:00,mock-device-uuid-12345,com.instagram.android,Instagram,10246,40928816,2636534,43565350,MOBILE,0
72,1775048400000,2026-04-01T21:00:00,mock-device-uuid-12345,com.spotify.music,Spotify,10299,13456315,2933168,16389483,MOBILE,0
73,1775048400000,2026-04-01T21:00:00,mock-device-uuid-12345,com.zhiliaoapp.musically,TikTok,10310,30896051,4922634,35818685,MOBILE,0
74,1775052000000,2026-04-01T22:00:00,mock-device-uuid-12345,com.spotify.music,Spotify,10299,79649254,7129329,86778583,MOBILE,0
75,1775052000000,2026-04-01T22:00:00,mock-device-uuid-12345,com.facebook.katana,Facebook,10245,10168063,2485661,12653724,MOBILE,0
76,1775052000000,2026-04-01T22:00:00,mock-device-uuid-12345,com.android.chrome,Chrome,10080,46680464,3946894,50627358,MOBILE,0
77,1775052000000,2026-04-01T22:00:00,mock-device-uuid-12345,com.google.android.youtube,YouTube,10101,32660586,6187110,38847696,MOBILE,0
78,1775055600000,2026-04-01T23:00:00,mock-device-uuid-12345,com.zhiliaoapp.musically,TikTok,10310,18468077,3263686,21731763,MOBILE,0
79,1775055600000,2026-04-01T23:00:00,mock-device-uuid-12345,com.google.android.youtube,YouTube,10101,37422986,6049923,43472909,MOBILE,0
80,1775055600000,2026-04-01T23:00:00,mock-device-uuid-12345,com.facebook.katana,Facebook,10245,8697565,676310,9373875,MOBILE,0
81,1775055600000,2026-04-01T23:00:00,mock-device-uuid-12345,com.spotify.music,Spotify,10299,16179243,2358903,18538146,MOBILE,0
82,1775059200000,2026-04-02T00:00:00,mock-device-uuid-12345,com.instagram.android,Instagram,10246,0,0,0,MOBILE,0
83,1775059200000,2026-04-02T00:00:00,mock-device-uuid-12345,com.facebook.katana,Facebook,10245,0,0,0,MOBILE,0
84,1775059200000,2026-04-02T00:00:00,mock-device-uuid-12345,com.tencent.ig,PUBG Mobile,10352,0,0,0,MOBILE,0
85,1775059200000,2026-04-02T00:00:00,mock-device-uuid-12345,com.google.android.youtube,YouTube,10101,0,0,0,MOBILE,0
86,1775062800000,2026-04-02T01:00:00,mock-device-uuid-12345,com.google.android.youtube,YouTube,10101,0,0,0,MOBILE,0
87,1775062800000,2026-04-02T01:00:00,mock-device-uuid-12345,com.instagram.android,Instagram,10246,0,0,0,MOBILE,0
88,1775062800000,2026-04-02T01:00:00,mock-device-uuid-12345,com.android.chrome,Chrome,10080,0,0,0,MOBILE,0
89,1775062800000,2026-04-02T01:00:00,mock-device-uuid-12345,com.facebook.katana,Facebook,10245,0,0,0,MOBILE,0
90,1775066400000,2026-04-02T02:00:00,mock-device-uuid-12345,com.spotify.music,Spotify,10299,273543,62281,335824,MOBILE,0
91,1775066400000,2026-04-02T02:00:00,mock-device-uuid-12345,com.facebook.katana,Facebook,10245,31068,6870,37938,MOBILE,0
92,1775066400000,2026-04-02T02:00:00,mock-device-uuid-12345,com.tencent.ig,PUBG Mobile,10352,148692,17247,165939,MOBILE,0
93,1775070000000,2026-04-02T03:00:00,mock-device-uuid-12345,com.spotify.music,Spotify,10299,0,0,0,MOBILE,0
94,1775070000000,2026-04-02T03:00:00,mock-device-uuid-12345,com.instagram.android,Instagram,10246,0,0,0,MOBILE,0
95,1775073600000,2026-04-02T04:00:00,mock-device-uuid-12345,com.android.chrome,Chrome,10080,7683889,1729359,9413248,MOBILE,0
96,1775073600000,2026-04-02T04:00:00,mock-device-uuid-12345,com.zhiliaoapp.musically,TikTok,10310,906687,50157,956844,MOBILE,0
97,1775073600000,2026-04-02T04:00:00,mock-device-uuid-12345,com.google.android.youtube,YouTube,10101,3653437,774289,4427726,MOBILE,0
98,1775077200000,2026-04-02T05:00:00,mock-device-uuid-12345,com.facebook.katana,Facebook,10245,5448439,1185599,6634038,MOBILE,0
99,1775077200000,2026-04-02T05:00:00,mock-device-uuid-12345,com.tencent.ig,PUBG Mobile,10352,2685829,220286,2906115,MOBILE,0
100,1775080800000,2026-04-02T06:00:00,mock-device-uuid-12345,com.tencent.ig,PUBG Mobile,10352,12345706,756679,13102385,MOBILE,0
101,1775080800000,2026-04-02T06:00:00,mock-device-uuid-12345,com.google.android.youtube,YouTube,10101,23609289,2821461,26430750,MOBILE,0
102,1775080800000,2026-04-02T06:00:00,mock-device-uuid-12345,com.facebook.katana,Facebook,10245,3395792,649083,4044875,MOBILE,0
103,1775080800000,2026-04-02T06:00:00,mock-device-uuid-12345,com.android.chrome,Chrome,10080,4640070,274242,4914312,MOBILE,0
104,1775080800000,2026-04-02T06:00:00,mock-device-uuid-12345,com.instagram.android,Instagram,10246,15099120,1097622,16196742,MOBILE,0
105,1775084400000,2026-04-02T07:00:00,mock-device-uuid-12345,com.google.android.youtube,YouTube,10101,8547045,1569467,10116512,MOBILE,0
106,1775084400000,2026-04-02T07:00:00,mock-device-uuid-12345,com.instagram.android,Instagram,10246,15406308,1975218,17381526,MOBILE,0
107,1775084400000,2026-04-02T07:00:00,mock-device-uuid-12345,com.zhiliaoapp.musically,TikTok,10310,3746982,608666,4355648,MOBILE,0
108,1775084400000,2026-04-02T07:00:00,mock-device-uuid-12345,com.facebook.katana,Facebook,10245,2538641,615890,3154531,MOBILE,0
109,1775084400000,2026-04-02T07:00:00,mock-device-uuid-12345,com.android.chrome,Chrome,10080,2869614,510429,3380043,MOBILE,0
110,1775088000000,2026-04-02T08:00:00,mock-device-uuid-12345,com.spotify.music,Spotify,10299,9283368,654109,9937477,MOBILE,0
111,1775088000000,2026-04-02T08:00:00,mock-device-uuid-12345,com.instagram.android,Instagram,10246,8750142,1739060,10489202,MOBILE,0
112,1775091600000,2026-04-02T09:00:00,mock-device-uuid-12345,com.android.chrome,Chrome,10080,11937240,1545829,13483069,MOBILE,0
113,1775091600000,2026-04-02T09:00:00,mock-device-uuid-12345,com.instagram.android,Instagram,10246,15809261,1656712,17465973,MOBILE,0
114,1775091600000,2026-04-02T09:00:00,mock-device-uuid-12345,com.spotify.music,Spotify,10299,6906455,830036,7736491,MOBILE,0
115,1775095200000,2026-04-02T10:00:00,mock-device-uuid-12345,com.zhiliaoapp.musically,TikTok,10310,26841733,5239798,32081531,MOBILE,0
116,1775095200000,2026-04-02T10:00:00,mock-device-uuid-12345,com.spotify.music,Spotify,10299,5041088,1007839,6048927,MOBILE,0
117,1775095200000,2026-04-02T10:00:00,mock-device-uuid-12345,com.google.android.youtube,YouTube,10101,625461,117051,742512,MOBILE,0
118,1775095200000,2026-04-02T10:00:00,mock-device-uuid-12345,com.instagram.android,Instagram,10246,7323298,1674684,8997982,MOBILE,0
119,1775098800000,2026-04-02T11:00:00,mock-device-uuid-12345,com.google.android.youtube,YouTube,10101,14242533,1480701,15723234,MOBILE,0
120,1775098800000,2026-04-02T11:00:00,mock-device-uuid-12345,com.spotify.music,Spotify,10299,19760849,1943683,21704532,MOBILE,0
121,1775102400000,2026-04-02T12:00:00,mock-device-uuid-12345,com.facebook.katana,Facebook,10245,15380881,2345048,17725929,MOBILE,0
122,1775102400000,2026-04-02T12:00:00,mock-device-uuid-12345,com.android.chrome,Chrome,10080,24996569,3623406,28619975,MOBILE,0
123,1775106000000,2026-04-02T13:00:00,mock-device-uuid-12345,com.android.chrome,Chrome,10080,9798767,657012,10455779,MOBILE,0
124,1775106000000,2026-04-02T13:00:00,mock-device-uuid-12345,com.tencent.ig,PUBG Mobile,10352,29845790,2513361,32359151,MOBILE,0
125,1775109600000,2026-04-02T14:00:00,mock-device-uuid-12345,com.zhiliaoapp.musically,TikTok,10310,8712469,766356,9478825,MOBILE,0
126,1775109600000,2026-04-02T14:00:00,mock-device-uuid-12345,com.android.chrome,Chrome,10080,39037917,3440512,42478429,MOBILE,0
127,1775113200000,2026-04-02T15:00:00,mock-device-uuid-12345,com.zhiliaoapp.musically,TikTok,10310,18391941,1335795,19727736,MOBILE,0
128,1775113200000,2026-04-02T15:00:00,mock-device-uuid-12345,com.instagram.android,Instagram,10246,15809936,2343498,18153434,MOBILE,0
129,1775113200000,2026-04-02T15:00:00,mock-device-uuid-12345,com.tencent.ig,PUBG Mobile,10352,44269204,7801821,52071025,MOBILE,0
130,1775116800000,2026-04-02T16:00:00,mock-device-uuid-12345,com.android.chrome,Chrome,10080,13501885,2971149,16473034,MOBILE,0
131,1775116800000,2026-04-02T16:00:00,mock-device-uuid-12345,com.spotify.music,Spotify,10299,11590398,1275533,12865931,MOBILE,0
132,1775116800000,2026-04-02T16:00:00,mock-device-uuid-12345,com.instagram.android,Instagram,10246,10977092,1293011,12270103,MOBILE,0
133,1775120400000,2026-04-02T17:00:00,mock-device-uuid-12345,com.tencent.ig,PUBG Mobile,10352,2962287,168926,3131213,MOBILE,0
134,1775120400000,2026-04-02T17:00:00,mock-device-uuid-12345,com.spotify.music,Spotify,10299,15701218,3731036,19432254,MOBILE,0
135,1775124000000,2026-04-02T18:00:00,mock-device-uuid-12345,com.facebook.katana,Facebook,10245,78443095,4527157,82970252,MOBILE,0
136,1775124000000,2026-04-02T18:00:00,mock-device-uuid-12345,com.google.android.youtube,YouTube,10101,37622522,4967200,42589722,MOBILE,0
137,1775124000000,2026-04-02T18:00:00,mock-device-uuid-12345,com.android.chrome,Chrome,10080,39843177,3267139,43110316,MOBILE,0
138,1775124000000,2026-04-02T18:00:00,mock-device-uuid-12345,com.zhiliaoapp.musically,TikTok,10310,29342960,2412718,31755678,MOBILE,0
139,1775127600000,2026-04-02T19:00:00,mock-device-uuid-12345,com.google.android.youtube,YouTube,10101,33836882,6109513,39946395,MOBILE,0
140,1775127600000,2026-04-02T19:00:00,mock-device-uuid-12345,com.tencent.ig,PUBG Mobile,10352,26653051,3920310,30573361,MOBILE,0
141,1775127600000,2026-04-02T19:00:00,mock-device-uuid-12345,com.android.chrome,Chrome,10080,15867105,1243070,17110175,MOBILE,0
142,1775127600000,2026-04-02T19:00:00,mock-device-uuid-12345,com.facebook.katana,Facebook,10245,33557382,7253928,40811310,MOBILE,0
143,1775127600000,2026-04-02T19:00:00,mock-device-uuid-12345,com.spotify.music,Spotify,10299,26756929,5577050,32333979,MOBILE,0
144,1775131200000,2026-04-02T20:00:00,mock-device-uuid-12345,com.spotify.music,Spotify,10299,28519822,1599132,30118954,MOBILE,0
145,1775131200000,2026-04-02T20:00:00,mock-device-uuid-12345,com.android.chrome,Chrome,10080,84586829,7148563,91735392,MOBILE,0
146,1775131200000,2026-04-02T20:00:00,mock-device-uuid-12345,com.instagram.android,Instagram,10246,40232406,5912138,46144544,MOBILE,0
147,1775131200000,2026-04-02T20:00:00,mock-device-uuid-12345,com.google.android.youtube,YouTube,10101,20930767,4373252,25304019,MOBILE,0
148,1775131200000,2026-04-02T20:00:00,mock-device-uuid-12345,com.facebook.katana,Facebook,10245,16927186,1654711,18581897,MOBILE,0
149,1775134800000,2026-04-02T21:00:00,mock-device-uuid-12345,com.android.chrome,Chrome,10080,10425556,830954,11256510,MOBILE,0
150,1775134800000,2026-04-02T21:00:00,mock-device-uuid-12345,com.facebook.katana,Facebook,10245,20292653,1510369,21803022,MOBILE,0
151,1775134800000,2026-04-02T21:00:00,mock-device-uuid-12345,com.instagram.android,Instagram,10246,116506526,13085484,129592010,MOBILE,0
152,1775138400000,2026-04-02T22:00:00,mock-device-uuid-12345,com.google.android.youtube,YouTube,10101,17558155,3238131,20796286,MOBILE,0
153,1775138400000,2026-04-02T22:00:00,mock-device-uuid-12345,com.tencent.ig,PUBG Mobile,10352,84593596,17173682,101767278,MOBILE,0
154,1775138400000,2026-04-02T22:00:00,mock-device-uuid-12345,com.facebook.katana,Facebook,10245,23134109,4744778,27878887,MOBILE,0
155,1775138400000,2026-04-02T22:00:00,mock-device-uuid-12345,com.spotify.music,Spotify,10299,18977986,4190296,23168282,MOBILE,0
156,1775142000000,2026-04-02T23:00:00,mock-device-uuid-12345,com.spotify.music,Spotify,10299,16137538,3062499,19200037,MOBILE,0
157,1775142000000,2026-04-02T23:00:00,mock-device-uuid-12345,com.zhiliaoapp.musically,TikTok,10310,69862580,8991926,78854506,MOBILE,0
158,1775145600000,2026-04-03T00:00:00,mock-device-uuid-12345,com.instagram.android,Instagram,10246,1473727,252728,1726455,MOBILE,0
159,1775145600000,2026-04-03T00:00:00,mock-device-uuid-12345,com.facebook.katana,Facebook,10245,8881277,1429304,10310581,MOBILE,0
160,1775145600000,2026-04-03T00:00:00,mock-device-uuid-12345,com.zhiliaoapp.musically,TikTok,10310,826575,110882,937457,MOBILE,0
161,1775145600000,2026-04-03T00:00:00,mock-device-uuid-12345,com.tencent.ig,PUBG Mobile,10352,8817552,1829225,10646777,MOBILE,0
162,1775149200000,2026-04-03T01:00:00,mock-device-uuid-12345,com.tencent.ig,PUBG Mobile,10352,78740,9769,88509,MOBILE,0
163,1775149200000,2026-04-03T01:00:00,mock-device-uuid-12345,com.android.chrome,Chrome,10080,385001,69823,454824,MOBILE,0
164,1775149200000,2026-04-03T01:00:00,mock-device-uuid-12345,com.zhiliaoapp.musically,TikTok,10310,254406,16164,270570,MOBILE,0
165,1775152800000,2026-04-03T02:00:00,mock-device-uuid-12345,com.google.android.youtube,YouTube,10101,2127864,296403,2424267,MOBILE,0
166,1775152800000,2026-04-03T02:00:00,mock-device-uuid-12345,com.zhiliaoapp.musically,TikTok,10310,6003648,791062,6794710,MOBILE,0
167,1775152800000,2026-04-03T02:00:00,mock-device-uuid-12345,com.android.chrome,Chrome,10080,242687,33924,276611,MOBILE,0
168,1775152800000,2026-04-03T02:00:00,mock-device-uuid-12345,com.instagram.android,Instagram,10246,2608975,306955,2915930,MOBILE,0
169,1775152800000,2026-04-03T02:00:00,mock-device-uuid-12345,com.tencent.ig,PUBG Mobile,10352,1229627,114073,1343700,MOBILE,0
170,1775156400000,2026-04-03T03:00:00,mock-device-uuid-12345,com.google.android.youtube,YouTube,10101,327463,21508,348971,MOBILE,0
171,1775156400000,2026-04-03T03:00:00,mock-device-uuid-12345,com.instagram.android,Instagram,10246,2245625,136488,2382113,MOBILE,0
172,1775156400000,2026-04-03T03:00:00,mock-device-uuid-12345,com.zhiliaoapp.musically,TikTok,10310,959172,234251,1193423,MOBILE,0
173,1775156400000,2026-04-03T03:00:00,mock-device-uuid-12345,com.tencent.ig,PUBG Mobile,10352,761351,53599,814950,MOBILE,0
174,1775160000000,2026-04-03T04:00:00,mock-device-uuid-12345,com.zhiliaoapp.musically,TikTok,10310,0,0,0,MOBILE,0
175,1775160000000,2026-04-03T04:00:00,mock-device-uuid-12345,com.facebook.katana,Facebook,10245,0,0,0,MOBILE,0
176,1775160000000,2026-04-03T04:00:00,mock-device-uuid-12345,com.tencent.ig,PUBG Mobile,10352,0,0,0,MOBILE,0
177,1775160000000,2026-04-03T04:00:00,mock-device-uuid-12345,com.instagram.android,Instagram,10246,0,0,0,MOBILE,0
178,1775160000000,2026-04-03T04:00:00,mock-device-uuid-12345,com.google.android.youtube,YouTube,10101,0,0,0,MOBILE,0
179,1775163600000,2026-04-03T05:00:00,mock-device-uuid-12345,com.tencent.ig,PUBG Mobile,10352,512122,56508,568630,MOBILE,0
180,1775163600000,2026-04-03T05:00:00,mock-device-uuid-12345,com.zhiliaoapp.musically,TikTok,10310,967075,109820,1076895,MOBILE,0
181,1775163600000,2026-04-03T05:00:00,mock-device-uuid-12345,com.android.chrome,Chrome,10080,371475,45922,417397,MOBILE,0
182,1775163600000,2026-04-03T05:00:00,mock-device-uuid-12345,com.spotify.music,Spotify,10299,285573,62715,348288,MOBILE,0
183,1775163600000,2026-04-03T05:00:00,mock-device-uuid-12345,com.google.android.youtube,YouTube,10101,381961,32319,414280,MOBILE,0
184,1775167200000,2026-04-03T06:00:00,mock-device-uuid-12345,com.zhiliaoapp.musically,TikTok,10310,12384992,2495403,14880395,MOBILE,0
185,1775167200000,2026-04-03T06:00:00,mock-device-uuid-12345,com.tencent.ig,PUBG Mobile,10352,2733418,418806,3152224,MOBILE,0
186,1775167200000,2026-04-03T06:00:00,mock-device-uuid-12345,com.google.android.youtube,YouTube,10101,23502367,3647104,27149471,MOBILE,0
187,1775170800000,2026-04-03T07:00:00,mock-device-uuid-12345,com.google.android.youtube,YouTube,10101,22558807,5631299,28190106,MOBILE,0
188,1775170800000,2026-04-03T07:00:00,mock-device-uuid-12345,com.facebook.katana,Facebook,10245,21245808,2237281,23483089,MOBILE,0
189,1775174400000,2026-04-03T08:00:00,mock-device-uuid-12345,com.spotify.music,Spotify,10299,17781858,1798786,19580644,MOBILE,0
190,1775174400000,2026-04-03T08:00:00,mock-device-uuid-12345,com.instagram.android,Instagram,10246,16119769,940238,17060007,MOBILE,0
191,1775174400000,2026-04-03T08:00:00,mock-device-uuid-12345,com.zhiliaoapp.musically,TikTok,10310,4343918,293250,4637168,MOBILE,0
192,1775174400000,2026-04-03T08:00:00,mock-device-uuid-12345,com.tencent.ig,PUBG Mobile,10352,5522075,449882,5971957,MOBILE,0
193,1775178000000,2026-04-03T09:00:00,mock-device-uuid-12345,com.zhiliaoapp.musically,TikTok,10310,28364758,3090378,31455136,MOBILE,0
194,1775178000000,2026-04-03T09:00:00,mock-device-uuid-12345,com.android.chrome,Chrome,10080,13712047,2568860,16280907,MOBILE,0
195,1775178000000,2026-04-03T09:00:00,mock-device-uuid-12345,com.spotify.music,Spotify,10299,6676035,1256511,7932546,MOBILE,0
196,1775178000000,2026-04-03T09:00:00,mock-device-uuid-12345,com.tencent.ig,PUBG Mobile,10352,5261846,334294,5596140,MOBILE,0
197,1775181600000,2026-04-03T10:00:00,mock-device-uuid-12345,com.zhiliaoapp.musically,TikTok,10310,18017569,2303517,20321086,MOBILE,0
198,1775181600000,2026-04-03T10:00:00,mock-device-uuid-12345,com.tencent.ig,PUBG Mobile,10352,3695986,336870,4032856,MOBILE,0
199,1775181600000,2026-04-03T10:00:00,mock-device-uuid-12345,com.android.chrome,Chrome,10080,36083109,7472399,43555508,MOBILE,0
200,1775185200000,2026-04-03T11:00:00,mock-device-uuid-12345,com.spotify.music,Spotify,10299,6523256,1549316,8072572,MOBILE,0
201,1775185200000,2026-04-03T11:00:00,mock-device-uuid-12345,com.tencent.ig,PUBG Mobile,10352,7884179,1204274,9088453,MOBILE,0
202,1775185200000,2026-04-03T11:00:00,mock-device-uuid-12345,com.android.chrome,Chrome,10080,1554930,238963,1793893,MOBILE,0
203,1775185200000,2026-04-03T11:00:00,mock-device-uuid-12345,com.zhiliaoapp.musically,TikTok,10310,349902,23419,373321,MOBILE,0
204,1775185200000,2026-04-03T11:00:00,mock-device-uuid-12345,com.instagram.android,Instagram,10246,3488232,200085,3688317,MOBILE,0
205,1775188800000,2026-04-03T12:00:00,mock-device-uuid-12345,com.instagram.android,Instagram,10246,22261719,3616494,25878213,MOBILE,0
206,1775188800000,2026-04-03T12:00:00,mock-device-uuid-12345,com.tencent.ig,PUBG Mobile,10352,5310384,430120,5740504,MOBILE,0
207,1775188800000,2026-04-03T12:00:00,mock-device-uuid-12345,com.spotify.music,Spotify,10299,6842377,876338,7718715,MOBILE,0
208,1775192400000,2026-04-03T13:00:00,mock-device-uuid-12345,com.tencent.ig,PUBG Mobile,10352,1898732,402362,2301094,MOBILE,0
209,1775192400000,2026-04-03T13:00:00,mock-device-uuid-12345,com.google.android.youtube,YouTube,10101,10868308,1368476,12236784,MOBILE,0
210,1775192400000,2026-04-03T13:00:00,mock-device-uuid-12345,com.android.chrome,Chrome,10080,3003834,427464,3431298,MOBILE,0
211,1775192400000,2026-04-03T13:00:00,mock-device-uuid-12345,com.facebook.katana,Facebook,10245,9764522,1694376,11458898,MOBILE,0
212,1775196000000,2026-04-03T14:00:00,mock-device-uuid-12345,com.facebook.katana,Facebook,10245,13480274,1129514,14609788,MOBILE,0
213,1775196000000,2026-04-03T14:00:00,mock-device-uuid-12345,com.tencent.ig,PUBG Mobile,10352,2955635,193810,3149445,MOBILE,0
214,1775196000000,2026-04-03T14:00:00,mock-device-uuid-12345,com.instagram.android,Instagram,10246,4959892,961712,5921604,MOBILE,0
215,1775196000000,2026-04-03T14:00:00,mock-device-uuid-12345,com.spotify.music,Spotify,10299,6659321,680807,7340128,MOBILE,0
216,1775199600000,2026-04-03T15:00:00,mock-device-uuid-12345,com.instagram.android,Instagram,10246,32102123,6195270,38297393,MOBILE,0
217,1775199600000,2026-04-03T15:00:00,mock-device-uuid-12345,com.android.chrome,Chrome,10080,38881906,5268658,44150564,MOBILE,0
218,1775203200000,2026-04-03T16:00:00,mock-device-uuid-12345,com.google.android.youtube,YouTube,10101,16070078,1902160,17972238,MOBILE,0
219,1775203200000,2026-04-03T16:00:00,mock-device-uuid-12345,com.facebook.katana,Facebook,10245,34834214,2426869,37261083,MOBILE,0
220,1775206800000,2026-04-03T17:00:00,mock-device-uuid-12345,com.instagram.android,Instagram,10246,9047740,1921677,10969417,MOBILE,0
221,1775206800000,2026-04-03T17:00:00,mock-device-uuid-12345,com.spotify.music,Spotify,10299,15512093,2520601,18032694,MOBILE,0
222,1775206800000,2026-04-03T17:00:00,mock-device-uuid-12345,com.tencent.ig,PUBG Mobile,10352,13553166,857097,14410263,MOBILE,0
223,1775206800000,2026-04-03T17:00:00,mock-device-uuid-12345,com.facebook.katana,Facebook,10245,5468242,1218979,6687221,MOBILE,0
224,1775210400000,2026-04-03T18:00:00,mock-device-uuid-12345,com.zhiliaoapp.musically,TikTok,10310,81693206,19359401,101052607,MOBILE,0
225,1775210400000,2026-04-03T18:00:00,mock-device-uuid-12345,com.facebook.katana,Facebook,10245,11152888,1808757,12961645,MOBILE,0
226,1775210400000,2026-04-03T18:00:00,mock-device-uuid-12345,com.spotify.music,Spotify,10299,14702366,3063030,17765396,MOBILE,0
227,1775210400000,2026-04-03T18:00:00,mock-device-uuid-12345,com.instagram.android,Instagram,10246,81025992,17883385,98909377,MOBILE,0
228,1775214000000,2026-04-03T19:00:00,mock-device-uuid-12345,com.spotify.music,Spotify,10299,51876197,12237453,64113650,MOBILE,0
229,1775214000000,2026-04-03T19:00:00,mock-device-uuid-12345,com.tencent.ig,PUBG Mobile,10352,85129216,16566673,101695889,MOBILE,0
230,1775217600000,2026-04-03T20:00:00,mock-device-uuid-12345,com.google.android.youtube,YouTube,10101,67569306,4428475,71997781,MOBILE,0
231,1775217600000,2026-04-03T20:00:00,mock-device-uuid-12345,com.tencent.ig,PUBG Mobile,10352,56417648,7440329,63857977,MOBILE,0
232,1775217600000,2026-04-03T20:00:00,mock-device-uuid-12345,com.facebook.katana,Facebook,10245,61599474,15247674,76847148,MOBILE,0
233,1775221200000,2026-04-03T21:00:00,mock-device-uuid-12345,com.spotify.music,Spotify,10299,64460244,3539346,67999590,MOBILE,0
234,1775221200000,2026-04-03T21:00:00,mock-device-uuid-12345,com.google.android.youtube,YouTube,10101,9072756,1957802,11030558,MOBILE,0
235,1775221200000,2026-04-03T21:00:00,mock-device-uuid-12345,com.tencent.ig,PUBG Mobile,10352,39105759,2383498,41489257,MOBILE,0
236,1775221200000,2026-04-03T21:00:00,mock-device-uuid-12345,com.android.chrome,Chrome,10080,59697038,14390243,74087281,MOBILE,0
237,1775224800000,2026-04-03T22:00:00,mock-device-uuid-12345,com.spotify.music,Spotify,10299,29816271,5521327,35337598,MOBILE,0
238,1775224800000,2026-04-03T22:00:00,mock-device-uuid-12345,com.facebook.katana,Facebook,10245,131176739,27481659,158658398,MOBILE,0
239,1775228400000,2026-04-03T23:00:00,mock-device-uuid-12345,com.instagram.android,Instagram,10246,5735567,362393,6097960,MOBILE,0
240,1775228400000,2026-04-03T23:00:00,mock-device-uuid-12345,com.zhiliaoapp.musically,TikTok,10310,46863019,7803284,54666303,MOBILE,0
241,1775228400000,2026-04-03T23:00:00,mock-device-uuid-12345,com.android.chrome,Chrome,10080,24933158,5021073,29954231,MOBILE,0
242,1775232000000,2026-04-04T00:00:00,mock-device-uuid-12345,com.tencent.ig,PUBG Mobile,10352,33178907,1803665,34982572,MOBILE,0
243,1775232000000,2026-04-04T00:00:00,mock-device-uuid-12345,com.spotify.music,Spotify,10299,8914271,491098,9405369,MOBILE,0
244,1775232000000,2026-04-04T00:00:00,mock-device-uuid-12345,com.android.chrome,Chrome,10080,16288618,1027523,17316141,MOBILE,0
245,1775235600000,2026-04-04T01:00:00,mock-device-uuid-12345,com.instagram.android,Instagram,10246,19088126,4753442,23841568,MOBILE,0
246,1775235600000,2026-04-04T01:00:00,mock-device-uuid-12345,com.google.android.youtube,YouTube,10101,11720343,1092751,12813094,MOBILE,0
247,1775235600000,2026-04-04T01:00:00,mock-device-uuid-12345,com.tencent.ig,PUBG Mobile,10352,6137790,948649,7086439,MOBILE,0
248,1775235600000,2026-04-04T01:00:00,mock-device-uuid-12345,com.facebook.katana,Facebook,10245,1235709,155929,1391638,MOBILE,0
249,1775235600000,2026-04-04T01:00:00,mock-device-uuid-12345,com.spotify.music,Spotify,10299,7801566,637440,8439006,MOBILE,0
250,1775239200000,2026-04-04T02:00:00,mock-device-uuid-12345,com.spotify.music,Spotify,10299,22019968,2562296,24582264,MOBILE,0
251,1775239200000,2026-04-04T02:00:00,mock-device-uuid-12345,com.android.chrome,Chrome,10080,7156925,491977,7648902,MOBILE,0
252,1775239200000,2026-04-04T02:00:00,mock-device-uuid-12345,com.facebook.katana,Facebook,10245,5589912,544341,6134253,MOBILE,0
253,1775239200000,2026-04-04T02:00:00,mock-device-uuid-12345,com.instagram.android,Instagram,10246,13752460,3194712,16947172,MOBILE,0
254,1775242800000,2026-04-04T03:00:00,mock-device-uuid-12345,com.spotify.music,Spotify,10299,26677792,2885724,29563516,MOBILE,0
255,1775242800000,2026-04-04T03:00:00,mock-device-uuid-12345,com.instagram.android,Instagram,10246,20357156,4949632,25306788,MOBILE,0
256,1775246400000,2026-04-04T04:00:00,mock-device-uuid-12345,com.facebook.katana,Facebook,10245,3899059,611712,4510771,MOBILE,0
257,1775246400000,2026-04-04T04:00:00,mock-device-uuid-12345,com.zhiliaoapp.musically,TikTok,10310,12910778,707181,13617959,MOBILE,0
258,1775246400000,2026-04-04T04:00:00,mock-device-uuid-12345,com.spotify.music,Spotify,10299,20330687,3723685,24054372,MOBILE,0
259,1775246400000,2026-04-04T04:00:00,mock-device-uuid-12345,com.google.android.youtube,YouTube,10101,9394759,1454603,10849362,MOBILE,0
260,1775250000000,2026-04-04T05:00:00,mock-device-uuid-12345,com.tencent.ig,PUBG Mobile,10352,41103605,4995642,46099247,MOBILE,0
261,1775250000000,2026-04-04T05:00:00,mock-device-uuid-12345,com.spotify.music,Spotify,10299,6085741,544588,6630329,MOBILE,0
262,1775250000000,2026-04-04T05:00:00,mock-device-uuid-12345,com.facebook.katana,Facebook,10245,11467812,1692400,13160212,MOBILE,0
263,1775253600000,2026-04-04T06:00:00,mock-device-uuid-12345,com.zhiliaoapp.musically,TikTok,10310,19767854,3140211,22908065,MOBILE,0
264,1775253600000,2026-04-04T06:00:00,mock-device-uuid-12345,com.instagram.android,Instagram,10246,3445651,795145,4240796,MOBILE,0
265,1775253600000,2026-04-04T06:00:00,mock-device-uuid-12345,com.android.chrome,Chrome,10080,26583709,2361156,28944865,MOBILE,0
266,1775253600000,2026-04-04T06:00:00,mock-device-uuid-12345,com.facebook.katana,Facebook,10245,12442592,664405,13106997,MOBILE,0
267,1775253600000,2026-04-04T06:00:00,mock-device-uuid-12345,com.spotify.music,Spotify,10299,7592615,1792608,9385223,MOBILE,0
268,1775257200000,2026-04-04T07:00:00,mock-device-uuid-12345,com.android.chrome,Chrome,10080,7813089,920641,8733730,MOBILE,0
269,1775257200000,2026-04-04T07:00:00,mock-device-uuid-12345,com.google.android.youtube,YouTube,10101,56109527,5728529,61838056,MOBILE,0
270,1775260800000,2026-04-04T08:00:00,mock-device-uuid-12345,com.tencent.ig,PUBG Mobile,10352,20245417,5044347,25289764,MOBILE,0
271,1775260800000,2026-04-04T08:00:00,mock-device-uuid-12345,com.spotify.music,Spotify,10299,17775956,3063704,20839660,MOBILE,0
272,1775260800000,2026-04-04T08:00:00,mock-device-uuid-12345,com.instagram.android,Instagram,10246,19321523,2026811,21348334,MOBILE,0
273,1775260800000,2026-04-04T08:00:00,mock-device-uuid-12345,com.android.chrome,Chrome,10080,2640151,200317,2840468,MOBILE,0
274,1775260800000,2026-04-04T08:00:00,mock-device-uuid-12345,com.facebook.katana,Facebook,10245,14804087,1060565,15864652,MOBILE,0
275,1775264400000,2026-04-04T09:00:00,mock-device-uuid-12345,com.facebook.katana,Facebook,10245,37419757,4808365,42228122,MOBILE,0
276,1775264400000,2026-04-04T09:00:00,mock-device-uuid-12345,com.tencent.ig,PUBG Mobile,10352,2238729,341374,2580103,MOBILE,0
277,1775264400000,2026-04-04T09:00:00,mock-device-uuid-12345,com.spotify.music,Spotify,10299,3945978,751621,4697599,MOBILE,0
278,1775264400000,2026-04-04T09:00:00,mock-device-uuid-12345,com.android.chrome,Chrome,10080,3873973,327911,4201884,MOBILE,0
279,1775264400000,2026-04-04T09:00:00,mock-device-uuid-12345,com.zhiliaoapp.musically,TikTok,10310,9914726,2005210,11919936,MOBILE,0
280,1775268000000,2026-04-04T10:00:00,mock-device-uuid-12345,com.spotify.music,Spotify,10299,57213029,6440906,63653935,MOBILE,0
281,1775268000000,2026-04-04T10:00:00,mock-device-uuid-12345,com.google.android.youtube,YouTube,10101,8657412,1549387,10206799,MOBILE,0
282,1775268000000,2026-04-04T10:00:00,mock-device-uuid-12345,com.instagram.android,Instagram,10246,1547839,215519,1763358,MOBILE,0
283,1775268000000,2026-04-04T10:00:00,mock-device-uuid-12345,com.zhiliaoapp.musically,TikTok,10310,23374233,2959226,26333459,MOBILE,0
284,1775271600000,2026-04-04T11:00:00,mock-device-uuid-12345,com.android.chrome,Chrome,10080,52534736,5412658,57947394,MOBILE,0
285,1775271600000,2026-04-04T11:00:00,mock-device-uuid-12345,com.tencent.ig,PUBG Mobile,10352,40267205,9449829,49717034,MOBILE,0
286,1775275200000,2026-04-04T12:00:00,mock-device-uuid-12345,com.zhiliaoapp.musically,TikTok,10310,32625828,5830080,38455908,MOBILE,0
287,1775275200000,2026-04-04T12:00:00,mock-device-uuid-12345,com.instagram.android,Instagram,10246,28673189,5222017,33895206,MOBILE,0
288,1775278800000,2026-04-04T13:00:00,mock-device-uuid-12345,com.facebook.katana,Facebook,10245,38903319,3940610,42843929,MOBILE,0
289,1775278800000,2026-04-04T13:00:00,mock-device-uuid-12345,com.instagram.android,Instagram,10246,35460923,5260572,40721495,MOBILE,0
290,1775282400000,2026-04-04T14:00:00,mock-device-uuid-12345,com.google.android.youtube,YouTube,10101,28955563,4646718,33602281,MOBILE,0
291,1775282400000,2026-04-04T14:00:00,mock-device-uuid-12345,com.facebook.katana,Facebook,10245,37317441,5457085,42774526,MOBILE,0
292,1775286000000,2026-04-04T15:00:00,mock-device-uuid-12345,com.spotify.music,Spotify,10299,27007756,6737113,33744869,MOBILE,0
293,1775286000000,2026-04-04T15:00:00,mock-device-uuid-12345,com.zhiliaoapp.musically,TikTok,10310,19154479,4771460,23925939,MOBILE,0
294,1775286000000,2026-04-04T15:00:00,mock-device-uuid-12345,com.instagram.android,Instagram,10246,6580958,763496,7344454,MOBILE,0
295,1775286000000,2026-04-04T15:00:00,mock-device-uuid-12345,com.android.chrome,Chrome,10080,24365723,3524525,27890248,MOBILE,0
296,1775289600000,2026-04-04T16:00:00,mock-device-uuid-12345,com.spotify.music,Spotify,10299,12745870,1623986,14369856,MOBILE,0
297,1775289600000,2026-04-04T16:00:00,mock-device-uuid-12345,com.android.chrome,Chrome,10080,17178779,1815028,18993807,MOBILE,0
298,1775289600000,2026-04-04T16:00:00,mock-device-uuid-12345,com.instagram.android,Instagram,10246,35647947,5398278,41046225,MOBILE,0
299,1775289600000,2026-04-04T16:00:00,mock-device-uuid-12345,com.google.android.youtube,YouTube,10101,37646318,2770309,40416627,MOBILE,0
300,1775293200000,2026-04-04T17:00:00,mock-device-uuid-12345,com.zhiliaoapp.musically,TikTok,10310,33281723,5172763,38454486,MOBILE,0
301,1775293200000,2026-04-04T17:00:00,mock-device-uuid-12345,com.instagram.android,Instagram,10246,23463234,3706779,27170013,MOBILE,0
302,1775296800000,2026-04-04T18:00:00,mock-device-uuid-12345,com.zhiliaoapp.musically,TikTok,10310,86959352,8837881,95797233,MOBILE,0
303,1775296800000,2026-04-04T18:00:00,mock-device-uuid-12345,com.tencent.ig,PUBG Mobile,10352,60859905,4745211,65605116,MOBILE,0
304,1775296800000,2026-04-04T18:00:00,mock-device-uuid-12345,com.spotify.music,Spotify,10299,24234794,4949722,29184516,MOBILE,0
305,1775300400000,2026-04-04T19:00:00,mock-device-uuid-12345,com.google.android.youtube,YouTube,10101,105512819,9442372,114955191,MOBILE,0
306,1775300400000,2026-04-04T19:00:00,mock-device-uuid-12345,com.facebook.katana,Facebook,10245,26635699,5751832,32387531,MOBILE,0
307,1775300400000,2026-04-04T19:00:00,mock-device-uuid-12345,com.tencent.ig,PUBG Mobile,10352,35198809,3821402,39020211,MOBILE,0
308,1775300400000,2026-04-04T19:00:00,mock-device-uuid-12345,com.instagram.android,Instagram,10246,9568239,1018133,10586372,MOBILE,0
309,1775300400000,2026-04-04T19:00:00,mock-device-uuid-12345,com.android.chrome,Chrome,10080,53561855,9512512,63074367,MOBILE,0
310,1775304000000,2026-04-04T20:00:00,mock-device-uuid-12345,com.google.android.youtube,YouTube,10101,40139412,2364317,42503729,MOBILE,0
311,1775304000000,2026-04-04T20:00:00,mock-device-uuid-12345,com.zhiliaoapp.musically,TikTok,10310,155310265,26448729,181758994,MOBILE,0
312,1775307600000,2026-04-04T21:00:00,mock-device-uuid-12345,com.facebook.katana,Facebook,10245,75585484,8357111,83942595,MOBILE,0
313,1775307600000,2026-04-04T21:00:00,mock-device-uuid-12345,com.spotify.music,Spotify,10299,26869304,2782592,29651896,MOBILE,0
314,1775307600000,2026-04-04T21:00:00,mock-device-uuid-12345,com.zhiliaoapp.musically,TikTok,10310,9522195,650700,10172895,MOBILE,0
315,1775307600000,2026-04-04T21:00:00,mock-device-uuid-12345,com.instagram.android,Instagram,10246,122143191,21597831,143741022,MOBILE,0
316,1775311200000,2026-04-04T22:00:00,mock-device-uuid-12345,com.google.android.youtube,YouTube,10101,106881328,20854251,127735579,MOBILE,0
317,1775311200000,2026-04-04T22:00:00,mock-device-uuid-12345,com.android.chrome,Chrome,10080,35966469,2110845,38077314,MOBILE,0
318,1775311200000,2026-04-04T22:00:00,mock-device-uuid-12345,com.instagram.android,Instagram,10246,17621921,1029416,18651337,MOBILE,0
319,1775314800000,2026-04-04T23:00:00,mock-device-uuid-12345,com.android.chrome,Chrome,10080,39359754,3552510,42912264,MOBILE,0
320,1775314800000,2026-04-04T23:00:00,mock-device-uuid-12345,com.spotify.music,Spotify,10299,39630796,9496296,49127092,MOBILE,0
321,1775314800000,2026-04-04T23:00:00,mock-device-uuid-12345,com.google.android.youtube,YouTube,10101,24318572,5497153,29815725,MOBILE,0
322,1775314800000,2026-04-04T23:00:00,mock-device-uuid-12345,com.facebook.katana,Facebook,10245,31182887,4687364,35870251,MOBILE,0
323,1775318400000,2026-04-05T00:00:00,mock-device-uuid-12345,com.instagram.android,Instagram,10246,16143507,1532482,17675989,MOBILE,0
324,1775318400000,2026-04-05T00:00:00,mock-device-uuid-12345,com.tencent.ig,PUBG Mobile,10352,12677953,1055118,13733071,MOBILE,0
325,1775318400000,2026-04-05T00:00:00,mock-device-uuid-12345,com.android.chrome,Chrome,10080,2241844,281926,2523770,MOBILE,0
326,1775318400000,2026-04-05T00:00:00,mock-device-uuid-12345,com.facebook.katana,Facebook,10245,27848477,2146910,29995387,MOBILE,0
327,1775322000000,2026-04-05T01:00:00,mock-device-uuid-12345,com.google.android.youtube,YouTube,10101,4984760,1096970,6081730,MOBILE,0
328,1775322000000,2026-04-05T01:00:00,mock-device-uuid-12345,com.spotify.music,Spotify,10299,31375020,3924253,35299273,MOBILE,0
329,1775325600000,2026-04-05T02:00:00,mock-device-uuid-12345,com.facebook.katana,Facebook,10245,5512602,831100,6343702,MOBILE,0
330,1775325600000,2026-04-05T02:00:00,mock-device-uuid-12345,com.spotify.music,Spotify,10299,8719938,1254081,9974019,MOBILE,0
331,1775325600000,2026-04-05T02:00:00,mock-device-uuid-12345,com.android.chrome,Chrome,10080,512149,70806,582955,MOBILE,0
332,1775325600000,2026-04-05T02:00:00,mock-device-uuid-12345,com.zhiliaoapp.musically,TikTok,10310,8081107,914162,8995269,MOBILE,0
333,1775329200000,2026-04-05T03:00:00,mock-device-uuid-12345,com.spotify.music,Spotify,10299,26665877,1786451,28452328,MOBILE,0
334,1775329200000,2026-04-05T03:00:00,mock-device-uuid-12345,com.tencent.ig,PUBG Mobile,10352,5303355,1210018,6513373,MOBILE,0
335,1775329200000,2026-04-05T03:00:00,mock-device-uuid-12345,com.facebook.katana,Facebook,10245,1871885,301935,2173820,MOBILE,0
336,1775329200000,2026-04-05T03:00:00,mock-device-uuid-12345,com.zhiliaoapp.musically,TikTok,10310,6135424,450065,6585489,MOBILE,0
337,1775329200000,2026-04-05T03:00:00,mock-device-uuid-12345,com.google.android.youtube,YouTube,10101,10220494,979534,11200028,MOBILE,0
338,1775332800000,2026-04-05T04:00:00,mock-device-uuid-12345,com.tencent.ig,PUBG Mobile,10352,22329931,3111437,25441368,MOBILE,0
339,1775332800000,2026-04-05T04:00:00,mock-device-uuid-12345,com.zhiliaoapp.musically,TikTok,10310,20653744,1284509,21938253,MOBILE,0
340,1775332800000,2026-04-05T04:00:00,mock-device-uuid-12345,com.google.android.youtube,YouTube,10101,8121641,687114,8808755,MOBILE,0
341,1775332800000,2026-04-05T04:00:00,mock-device-uuid-12345,com.instagram.android,Instagram,10246,795010,141843,936853,MOBILE,0
342,1775332800000,2026-04-05T04:00:00,mock-device-uuid-12345,com.android.chrome,Chrome,10080,3979758,554635,4534393,MOBILE,0
343,1775336400000,2026-04-05T05:00:00,mock-device-uuid-12345,com.google.android.youtube,YouTube,10101,28204534,3995288,32199822,MOBILE,0
344,1775336400000,2026-04-05T05:00:00,mock-device-uuid-12345,com.instagram.android,Instagram,10246,5339722,475734,5815456,MOBILE,0
345,1775336400000,2026-04-05T05:00:00,mock-device-uuid-12345,com.tencent.ig,PUBG Mobile,10352,10609075,1758464,12367539,MOBILE,0
346,1775340000000,2026-04-05T06:00:00,mock-device-uuid-12345,com.android.chrome,Chrome,10080,74942817,4895442,79838259,MOBILE,0
347,1775340000000,2026-04-05T06:00:00,mock-device-uuid-12345,com.facebook.katana,Facebook,10245,43921476,5935378,49856854,MOBILE,0
348,1775343600000,2026-04-05T07:00:00,mock-device-uuid-12345,com.instagram.android,Instagram,10246,45534489,9898068,55432557,MOBILE,0
349,1775343600000,2026-04-05T07:00:00,mock-device-uuid-12345,com.google.android.youtube,YouTube,10101,11067257,1046390,12113647,MOBILE,0
350,1775343600000,2026-04-05T07:00:00,mock-device-uuid-12345,com.facebook.katana,Facebook,10245,55874760,4603454,60478214,MOBILE,0
351,1775347200000,2026-04-05T08:00:00,mock-device-uuid-12345,com.zhiliaoapp.musically,TikTok,10310,50531834,8771219,59303053,MOBILE,0
352,1775347200000,2026-04-05T08:00:00,mock-device-uuid-12345,com.android.chrome,Chrome,10080,25469615,5883018,31352633,MOBILE,0
353,1775350800000,2026-04-05T09:00:00,mock-device-uuid-12345,com.google.android.youtube,YouTube,10101,25114438,4580302,29694740,MOBILE,0
354,1775350800000,2026-04-05T09:00:00,mock-device-uuid-12345,com.zhiliaoapp.musically,TikTok,10310,29352367,3139847,32492214,MOBILE,0
355,1775350800000,2026-04-05T09:00:00,mock-device-uuid-12345,com.spotify.music,Spotify,10299,17076918,1531941,18608859,MOBILE,0
356,1775350800000,2026-04-05T09:00:00,mock-device-uuid-12345,com.instagram.android,Instagram,10246,2207366,398252,2605618,MOBILE,0
357,1775350800000,2026-04-05T09:00:00,mock-device-uuid-12345,com.facebook.katana,Facebook,10245,5666497,408108,6074605,MOBILE,0
358,1775354400000,2026-04-05T10:00:00,mock-device-uuid-12345,com.google.android.youtube,YouTube,10101,18111473,3212213,21323686,MOBILE,0
359,1775354400000,2026-04-05T10:00:00,mock-device-uuid-12345,com.facebook.katana,Facebook,10245,46261441,9320687,55582128,MOBILE,0
360,1775358000000,2026-04-05T11:00:00,mock-device-uuid-12345,com.spotify.music,Spotify,10299,53826575,6751015,60577590,MOBILE,0
361,1775358000000,2026-04-05T11:00:00,mock-device-uuid-12345,com.tencent.ig,PUBG Mobile,10352,15757143,1439171,17196314,MOBILE,0
362,1775358000000,2026-04-05T11:00:00,mock-device-uuid-12345,com.facebook.katana,Facebook,10245,3892412,660426,4552838,MOBILE,0
363,1775358000000,2026-04-05T11:00:00,mock-device-uuid-12345,com.zhiliaoapp.musically,TikTok,10310,3492555,216783,3709338,MOBILE,0
364,1775358000000,2026-04-05T11:00:00,mock-device-uuid-12345,com.android.chrome,Chrome,10080,2625506,186459,2811965,MOBILE,0
365,1775361600000,2026-04-05T12:00:00,mock-device-uuid-12345,com.spotify.music,Spotify,10299,15587275,1466592,17053867,MOBILE,0
366,1775361600000,2026-04-05T12:00:00,mock-device-uuid-12345,com.google.android.youtube,YouTube,10101,55262985,6723023,61986008,MOBILE,0
367,1775365200000,2026-04-05T13:00:00,mock-device-uuid-12345,com.android.chrome,Chrome,10080,47582811,9541352,57124163,MOBILE,0
368,1775365200000,2026-04-05T13:00:00,mock-device-uuid-12345,com.spotify.music,Spotify,10299,28944165,5793567,34737732,MOBILE,0
369,1775365200000,2026-04-05T13:00:00,mock-device-uuid-12345,com.google.android.youtube,YouTube,10101,8158496,1940928,10099424,MOBILE,0
370,1775365200000,2026-04-05T13:00:00,mock-device-uuid-12345,com.facebook.katana,Facebook,10245,5462620,350987,5813607,MOBILE,0
371,1775365200000,2026-04-05T13:00:00,mock-device-uuid-12345,com.tencent.ig,PUBG Mobile,10352,11050476,2352233,13402709,MOBILE,0
372,1775368800000,2026-04-05T14:00:00,mock-device-uuid-12345,com.tencent.ig,PUBG Mobile,10352,17422078,4220941,21643019,MOBILE,0
373,1775368800000,2026-04-05T14:00:00,mock-device-uuid-12345,com.zhiliaoapp.musically,TikTok,10310,6150791,903296,7054087,MOBILE,0
374,1775368800000,2026-04-05T14:00:00,mock-device-uuid-12345,com.facebook.katana,Facebook,10245,11108376,2769684,13878060,MOBILE,0
375,1775368800000,2026-04-05T14:00:00,mock-device-uuid-12345,com.spotify.music,Spotify,10299,12293226,2563581,14856807,MOBILE,0
376,1775372400000,2026-04-05T15:00:00,mock-device-uuid-12345,com.spotify.music,Spotify,10299,27338322,2419091,29757413,MOBILE,0
377,1775372400000,2026-04-05T15:00:00,mock-device-uuid-12345,com.google.android.youtube,YouTube,10101,72125476,9781961,81907437,MOBILE,0
378,1775376000000,2026-04-05T16:00:00,mock-device-uuid-12345,com.zhiliaoapp.musically,TikTok,10310,40245706,4773001,45018707,MOBILE,0
379,1775376000000,2026-04-05T16:00:00,mock-device-uuid-12345,com.instagram.android,Instagram,10246,3830534,534845,4365379,MOBILE,0
380,1775376000000,2026-04-05T16:00:00,mock-device-uuid-12345,com.facebook.katana,Facebook,10245,28915551,1623872,30539423,MOBILE,0
381,1775379600000,2026-04-05T17:00:00,mock-device-uuid-12345,com.android.chrome,Chrome,10080,27848642,2313131,30161773,MOBILE,0
382,1775379600000,2026-04-05T17:00:00,mock-device-uuid-12345,com.zhiliaoapp.musically,TikTok,10310,22617793,5073337,27691130,MOBILE,0
383,1775379600000,2026-04-05T17:00:00,mock-device-uuid-12345,com.facebook.katana,Facebook,10245,42910096,9635799,52545895,MOBILE,0
384,1775383200000,2026-04-05T18:00:00,mock-device-uuid-12345,com.facebook.katana,Facebook,10245,35344396,8351750,43696146,MOBILE,0
385,1775383200000,2026-04-05T18:00:00,mock-device-uuid-12345,com.spotify.music,Spotify,10299,167639275,36349659,203988934,MOBILE,0
386,1775386800000,2026-04-05T19:00:00,mock-device-uuid-12345,com.tencent.ig,PUBG Mobile,10352,122218379,17468384,139686763,MOBILE,0
387,1775386800000,2026-04-05T19:00:00,mock-device-uuid-12345,com.zhiliaoapp.musically,TikTok,10310,20329451,3693703,24023154,MOBILE,0
388,1775386800000,2026-04-05T19:00:00,mock-device-uuid-12345,com.android.chrome,Chrome,10080,14833550,1357248,16190798,MOBILE,0
389,1775386800000,2026-04-05T19:00:00,mock-device-uuid-12345,com.google.android.youtube,YouTube,10101,33526241,2977717,36503958,MOBILE,0
390,1775386800000,2026-04-05T19:00:00,mock-device-uuid-12345,com.spotify.music,Spotify,10299,16522347,3762796,20285143,MOBILE,0
391,1775390400000,2026-04-05T20:00:00,mock-device-uuid-12345,com.spotify.music,Spotify,10299,77768292,6308495,84076787,MOBILE,0
392,1775390400000,2026-04-05T20:00:00,mock-device-uuid-12345,com.google.android.youtube,YouTube,10101,5603944,1013494,6617438,MOBILE,0
393,1775390400000,2026-04-05T20:00:00,mock-device-uuid-12345,com.zhiliaoapp.musically,TikTok,10310,21684382,2815214,24499596,MOBILE,0
394,1775390400000,2026-04-05T20:00:00,mock-device-uuid-12345,com.android.chrome,Chrome,10080,19188503,4220930,23409433,MOBILE,0
395,1775390400000,2026-04-05T20:00:00,mock-device-uuid-12345,com.facebook.katana,Facebook,10245,55116812,9689415,64806227,MOBILE,0
396,1775394000000,2026-04-05T21:00:00,mock-device-uuid-12345,com.tencent.ig,PUBG Mobile,10352,131672514,7338020,139010534,MOBILE,0
397,1775394000000,2026-04-05T21:00:00,mock-device-uuid-12345,com.instagram.android,Instagram,10246,49313828,3916837,53230665,MOBILE,0
398,1775394000000,2026-04-05T21:00:00,mock-device-uuid-12345,com.zhiliaoapp.musically,TikTok,10310,4977224,673345,5650569,MOBILE,0
399,1775394000000,2026-04-05T21:00:00,mock-device-uuid-12345,com.google.android.youtube,YouTube,10101,9514904,1827285,11342189,MOBILE,0
400,1775394000000,2026-04-05T21:00:00,mock-device-uuid-12345,com.facebook.katana,Facebook,10245,8763420,1411592,10175012,MOBILE,0
401,1775397600000,2026-04-05T22:00:00,mock-device-uuid-12345,com.google.android.youtube,YouTube,10101,44886230,4838918,49725148,MOBILE,0
402,1775397600000,2026-04-05T22:00:00,mock-device-uuid-12345,com.zhiliaoapp.musically,TikTok,10310,29359061,6737600,36096661,MOBILE,0
403,1775397600000,2026-04-05T22:00:00,mock-device-uuid-12345,com.android.chrome,Chrome,10080,10713524,1723645,12437169,MOBILE,0
404,1775397600000,2026-04-05T22:00:00,mock-device-uuid-12345,com.tencent.ig,PUBG Mobile,10352,89655601,6034860,95690461,MOBILE,0
405,1775401200000,2026-04-05T23:00:00,mock-device-uuid-12345,com.facebook.katana,Facebook,10245,80403188,12738071,93141259,MOBILE,0
406,1775401200000,2026-04-05T23:00:00,mock-device-uuid-12345,com.zhiliaoapp.musically,TikTok,10310,19724332,4698257,24422589,MOBILE,0
407,1775401200000,2026-04-05T23:00:00,mock-device-uuid-12345,com.spotify.music,Spotify,10299,2927068,448966,3376034,MOBILE,0
408,1775401200000,2026-04-05T23:00:00,mock-device-uuid-12345,com.instagram.android,Instagram,10246,23465680,2225207,25690887,MOBILE,0
409,1775404800000,2026-04-06T00:00:00,mock-device-uuid-12345,com.android.chrome,Chrome,10080,6809054,606849,7415903,MOBILE,0
410,1775404800000,2026-04-06T00:00:00,mock-device-uuid-12345,com.google.android.youtube,YouTube,10101,643812,138235,782047,MOBILE,0
411,1775404800000,2026-04-06T00:00:00,mock-device-uuid-12345,com.spotify.music,Spotify,10299,5477974,874534,6352508,MOBILE,0
412,1775408400000,2026-04-06T01:00:00,mock-device-uuid-12345,com.instagram.android,Instagram,10246,0,0,0,MOBILE,0
413,1775408400000,2026-04-06T01:00:00,mock-device-uuid-12345,com.facebook.katana,Facebook,10245,0,0,0,MOBILE,0
414,1775408400000,2026-04-06T01:00:00,mock-device-uuid-12345,com.spotify.music,Spotify,10299,0,0,0,MOBILE,0
415,1775412000000,2026-04-06T02:00:00,mock-device-uuid-12345,com.tencent.ig,PUBG Mobile,10352,121769,22400,144169,MOBILE,0
416,1775412000000,2026-04-06T02:00:00,mock-device-uuid-12345,com.google.android.youtube,YouTube,10101,327481,53338,380819,MOBILE,0
417,1775412000000,2026-04-06T02:00:00,mock-device-uuid-12345,com.zhiliaoapp.musically,TikTok,10310,544987,65211,610198,MOBILE,0
418,1775415600000,2026-04-06T03:00:00,mock-device-uuid-12345,com.tencent.ig,PUBG Mobile,10352,488565,108308,596873,MOBILE,0
419,1775415600000,2026-04-06T03:00:00,mock-device-uuid-12345,com.facebook.katana,Facebook,10245,3034586,505396,3539982,MOBILE,0
420,1775415600000,2026-04-06T03:00:00,mock-device-uuid-12345,com.google.android.youtube,YouTube,10101,326456,61632,388088,MOBILE,0
421,1775415600000,2026-04-06T03:00:00,mock-device-uuid-12345,com.spotify.music,Spotify,10299,769135,118520,887655,MOBILE,0
422,1775415600000,2026-04-06T03:00:00,mock-device-uuid-12345,com.zhiliaoapp.musically,TikTok,10310,1401046,144704,1545750,MOBILE,0
423,1775419200000,2026-04-06T04:00:00,mock-device-uuid-12345,com.spotify.music,Spotify,10299,0,0,0,MOBILE,0
424,1775419200000,2026-04-06T04:00:00,mock-device-uuid-12345,com.instagram.android,Instagram,10246,0,0,0,MOBILE,0
425,1775419200000,2026-04-06T04:00:00,mock-device-uuid-12345,com.facebook.katana,Facebook,10245,0,0,0,MOBILE,0
426,1775422800000,2026-04-06T05:00:00,mock-device-uuid-12345,com.spotify.music,Spotify,10299,835325,164644,999969,MOBILE,0
427,1775422800000,2026-04-06T05:00:00,mock-device-uuid-12345,com.facebook.katana,Facebook,10245,9457898,694577,10152475,MOBILE,0
428,1775426400000,2026-04-06T06:00:00,mock-device-uuid-12345,com.instagram.android,Instagram,10246,26980494,3954841,30935335,MOBILE,0
429,1775426400000,2026-04-06T06:00:00,mock-device-uuid-12345,com.facebook.katana,Facebook,10245,28365483,2327012,30692495,MOBILE,0
430,1775426400000,2026-04-06T06:00:00,mock-device-uuid-12345,com.android.chrome,Chrome,10080,7653020,869478,8522498,MOBILE,0
431,1775426400000,2026-04-06T06:00:00,mock-device-uuid-12345,com.zhiliaoapp.musically,TikTok,10310,4777565,899878,5677443,MOBILE,0
432,1775430000000,2026-04-06T07:00:00,mock-device-uuid-12345,com.google.android.youtube,YouTube,10101,27720176,2573624,30293800,MOBILE,0
433,1775430000000,2026-04-06T07:00:00,mock-device-uuid-12345,com.zhiliaoapp.musically,TikTok,10310,7506160,873555,8379715,MOBILE,0
434,1775430000000,2026-04-06T07:00:00,mock-device-uuid-12345,com.facebook.katana,Facebook,10245,7370133,1248046,8618179,MOBILE,0
435,1775430000000,2026-04-06T07:00:00,mock-device-uuid-12345,com.android.chrome,Chrome,10080,4725800,855480,5581280,MOBILE,0
436,1775433600000,2026-04-06T08:00:00,mock-device-uuid-12345,com.android.chrome,Chrome,10080,8081981,1372604,9454585,MOBILE,0
437,1775433600000,2026-04-06T08:00:00,mock-device-uuid-12345,com.tencent.ig,PUBG Mobile,10352,5306485,1282646,6589131,MOBILE,0
438,1775433600000,2026-04-06T08:00:00,mock-device-uuid-12345,com.google.android.youtube,YouTube,10101,4014731,533906,4548637,MOBILE,0
439,1775437200000,2026-04-06T09:00:00,mock-device-uuid-12345,com.instagram.android,Instagram,10246,22007970,4301765,26309735,MOBILE,0
440,1775437200000,2026-04-06T09:00:00,mock-device-uuid-12345,com.android.chrome,Chrome,10080,10710746,908248,11618994,MOBILE,0
441,1775437200000,2026-04-06T09:00:00,mock-device-uuid-12345,com.spotify.music,Spotify,10299,5092418,588289,5680707,MOBILE,0
442,1775440800000,2026-04-06T10:00:00,mock-device-uuid-12345,com.facebook.katana,Facebook,10245,22591204,3533224,26124428,MOBILE,0
443,1775440800000,2026-04-06T10:00:00,mock-device-uuid-12345,com.spotify.music,Spotify,10299,6677394,1659601,8336995,MOBILE,0
444,1775440800000,2026-04-06T10:00:00,mock-device-uuid-12345,com.tencent.ig,PUBG Mobile,10352,4620081,914118,5534199,MOBILE,0
445,1775444400000,2026-04-06T11:00:00,mock-device-uuid-12345,com.facebook.katana,Facebook,10245,15975444,3595785,19571229,MOBILE,0
446,1775444400000,2026-04-06T11:00:00,mock-device-uuid-12345,com.android.chrome,Chrome,10080,7887279,1412877,9300156,MOBILE,0
447,1775448000000,2026-04-06T12:00:00,mock-device-uuid-12345,com.android.chrome,Chrome,10080,9278605,1801888,11080493,MOBILE,0
448,1775448000000,2026-04-06T12:00:00,mock-device-uuid-12345,com.facebook.katana,Facebook,10245,9180620,915022,10095642,MOBILE,0
449,1775448000000,2026-04-06T12:00:00,mock-device-uuid-12345,com.tencent.ig,PUBG Mobile,10352,4694746,1167243,5861989,MOBILE,0
450,1775448000000,2026-04-06T12:00:00,mock-device-uuid-12345,com.zhiliaoapp.musically,TikTok,10310,3663890,368339,4032229,MOBILE,0
451,1775451600000,2026-04-06T13:00:00,mock-device-uuid-12345,com.tencent.ig,PUBG Mobile,10352,27043861,2793606,29837467,MOBILE,0
452,1775451600000,2026-04-06T13:00:00,mock-device-uuid-12345,com.zhiliaoapp.musically,TikTok,10310,5014995,957889,5972884,MOBILE,0
453,1775451600000,2026-04-06T13:00:00,mock-device-uuid-12345,com.spotify.music,Spotify,10299,2415986,315873,2731859,MOBILE,0
454,1775451600000,2026-04-06T13:00:00,mock-device-uuid-12345,com.google.android.youtube,YouTube,10101,9418774,1235370,10654144,MOBILE,0
455,1775455200000,2026-04-06T14:00:00,mock-device-uuid-12345,com.instagram.android,Instagram,10246,10304053,1191413,11495466,MOBILE,0
456,1775455200000,2026-04-06T14:00:00,mock-device-uuid-12345,com.facebook.katana,Facebook,10245,28544019,6628018,35172037,MOBILE,0
457,1775458800000,2026-04-06T15:00:00,mock-device-uuid-12345,com.facebook.katana,Facebook,10245,8070650,737465,8808115,MOBILE,0
458,1775458800000,2026-04-06T15:00:00,mock-device-uuid-12345,com.android.chrome,Chrome,10080,19174630,1677471,20852101,MOBILE,0
459,1775458800000,2026-04-06T15:00:00,mock-device-uuid-12345,com.tencent.ig,PUBG Mobile,10352,4147028,251362,4398390,MOBILE,0
460,1775458800000,2026-04-06T15:00:00,mock-device-uuid-12345,com.zhiliaoapp.musically,TikTok,10310,3897947,963039,4860986,MOBILE,0
461,1775458800000,2026-04-06T15:00:00,mock-device-uuid-12345,com.spotify.music,Spotify,10299,4997987,654762,5652749,MOBILE,0
462,1775462400000,2026-04-06T16:00:00,mock-device-uuid-12345,com.instagram.android,Instagram,10246,15989302,2538272,18527574,MOBILE,0
463,1775462400000,2026-04-06T16:00:00,mock-device-uuid-12345,com.facebook.katana,Facebook,10245,6161290,1245124,7406414,MOBILE,0
464,1775462400000,2026-04-06T16:00:00,mock-device-uuid-12345,com.zhiliaoapp.musically,TikTok,10310,4184320,368450,4552770,MOBILE,0
465,1775462400000,2026-04-06T16:00:00,mock-device-uuid-12345,com.google.android.youtube,YouTube,10101,13277868,1782966,15060834,MOBILE,0
466,1775462400000,2026-04-06T16:00:00,mock-device-uuid-12345,com.spotify.music,Spotify,10299,10315328,1462518,11777846,MOBILE,0
467,1775466000000,2026-04-06T17:00:00,mock-device-uuid-12345,com.facebook.katana,Facebook,10245,6588260,394453,6982713,MOBILE,0
468,1775466000000,2026-04-06T17:00:00,mock-device-uuid-12345,com.tencent.ig,PUBG Mobile,10352,11236703,2037615,13274318,MOBILE,0
469,1775466000000,2026-04-06T17:00:00,mock-device-uuid-12345,com.instagram.android,Instagram,10246,4369607,958949,5328556,MOBILE,0
470,1775466000000,2026-04-06T17:00:00,mock-device-uuid-12345,com.spotify.music,Spotify,10299,5980312,510458,6490770,MOBILE,0
471,1775469600000,2026-04-06T18:00:00,mock-device-uuid-12345,com.android.chrome,Chrome,10080,78114816,10828475,88943291,MOBILE,0
472,1775469600000,2026-04-06T18:00:00,mock-device-uuid-12345,com.google.android.youtube,YouTube,10101,30627199,3279590,33906789,MOBILE,0
473,1775469600000,2026-04-06T18:00:00,mock-device-uuid-12345,com.instagram.android,Instagram,10246,49044489,10196734,59241223,MOBILE,0
474,1775473200000,2026-04-06T19:00:00,mock-device-uuid-12345,com.spotify.music,Spotify,10299,81593205,11132468,92725673,MOBILE,0
475,1775473200000,2026-04-06T19:00:00,mock-device-uuid-12345,com.tencent.ig,PUBG Mobile,10352,13212856,2966914,16179770,MOBILE,0
476,1775473200000,2026-04-06T19:00:00,mock-device-uuid-12345,com.google.android.youtube,YouTube,10101,81533491,4938875,86472366,MOBILE,0
477,1775476800000,2026-04-06T20:00:00,mock-device-uuid-12345,com.instagram.android,Instagram,10246,37308704,3435548,40744252,MOBILE,0
478,1775476800000,2026-04-06T20:00:00,mock-device-uuid-12345,com.android.chrome,Chrome,10080,129802351,21476498,151278849,MOBILE,0
479,1775480400000,2026-04-06T21:00:00,mock-device-uuid-12345,com.android.chrome,Chrome,10080,64183632,7178699,71362331,MOBILE,0
480,1775480400000,2026-04-06T21:00:00,mock-device-uuid-12345,com.zhiliaoapp.musically,TikTok,10310,133344148,11410486,144754634,MOBILE,0
481,1775484000000,2026-04-06T22:00:00,mock-device-uuid-12345,com.tencent.ig,PUBG Mobile,10352,63179509,5338193,68517702,MOBILE,0
482,1775484000000,2026-04-06T22:00:00,mock-device-uuid-12345,com.zhiliaoapp.musically,TikTok,10310,39667693,8814718,48482411,MOBILE,0
483,1775484000000,2026-04-06T22:00:00,mock-device-uuid-12345,com.google.android.youtube,YouTube,10101,14159326,2003710,16163036,MOBILE,0
484,1775484000000,2026-04-06T22:00:00,mock-device-uuid-12345,com.spotify.music,Spotify,10299,30134330,4191669,34325999,MOBILE,0
485,1775487600000,2026-04-06T23:00:00,mock-device-uuid-12345,com.instagram.android,Instagram,10246,7220458,1522932,8743390,MOBILE,0
486,1775487600000,2026-04-06T23:00:00,mock-device-uuid-12345,com.facebook.katana,Facebook,10245,27967073,2555941,30523014,MOBILE,0
487,1775487600000,2026-04-06T23:00:00,mock-device-uuid-12345,com.tencent.ig,PUBG Mobile,10352,15565676,2168093,17733769,MOBILE,0
488,1775487600000,2026-04-06T23:00:00,mock-device-uuid-12345,com.google.android.youtube,YouTube,10101,12143341,2218557,14361898,MOBILE,0
489,1775487600000,2026-04-06T23:00:00,mock-device-uuid-12345,com.spotify.music,Spotify,10299,10633981,953858,11587839,MOBILE,0
490,1775491200000,2026-04-07T00:00:00,mock-device-uuid-12345,com.zhiliaoapp.musically,TikTok,10310,8274096,960866,9234962,MOBILE,0
491,1775491200000,2026-04-07T00:00:00,mock-device-uuid-12345,com.facebook.katana,Facebook,10245,7803760,1568655,9372415,MOBILE,0
492,1775491200000,2026-04-07T00:00:00,mock-device-uuid-12345,com.google.android.youtube,YouTube,10101,1774458,315759,2090217,MOBILE,0
493,1775491200000,2026-04-07T00:00:00,mock-device-uuid-12345,com.instagram.android,Instagram,10246,206164,26319,232483,MOBILE,0
494,1775491200000,2026-04-07T00:00:00,mock-device-uuid-12345,com.spotify.music,Spotify,10299,2675381,600391,3275772,MOBILE,0
495,1775494800000,2026-04-07T01:00:00,mock-device-uuid-12345,com.tencent.ig,PUBG Mobile,10352,4517523,1084998,5602521,MOBILE,0
496,1775494800000,2026-04-07T01:00:00,mock-device-uuid-12345,com.zhiliaoapp.musically,TikTok,10310,3638892,615626,4254518,MOBILE,0
497,1775494800000,2026-04-07T01:00:00,mock-device-uuid-12345,com.google.android.youtube,YouTube,10101,4502528,259155,4761683,MOBILE,0
498,1775498400000,2026-04-07T02:00:00,mock-device-uuid-12345,com.spotify.music,Spotify,10299,2504262,390290,2894552,MOBILE,0
499,1775498400000,2026-04-07T02:00:00,mock-device-uuid-12345,com.zhiliaoapp.musically,TikTok,10310,1350498,74506,1425004,MOBILE,0
500,1775498400000,2026-04-07T02:00:00,mock-device-uuid-12345,com.instagram.android,Instagram,10246,2956929,541173,3498102,MOBILE,0
501,1775502000000,2026-04-07T03:00:00,mock-device-uuid-12345,com.zhiliaoapp.musically,TikTok,10310,0,0,0,MOBILE,0
502,1775502000000,2026-04-07T03:00:00,mock-device-uuid-12345,com.spotify.music,Spotify,10299,0,0,0,MOBILE,0
503,1775502000000,2026-04-07T03:00:00,mock-device-uuid-12345,com.google.android.youtube,YouTube,10101,0,0,0,MOBILE,0
504,1775505600000,2026-04-07T04:00:00,mock-device-uuid-12345,com.google.android.youtube,YouTube,10101,2882670,460932,3343602,MOBILE,0
505,1775505600000,2026-04-07T04:00:00,mock-device-uuid-12345,com.spotify.music,Spotify,10299,1990319,224276,2214595,MOBILE,0
506,1775505600000,2026-04-07T04:00:00,mock-device-uuid-12345,com.instagram.android,Instagram,10246,1079832,194872,1274704,MOBILE,0
507,1775505600000,2026-04-07T04:00:00,mock-device-uuid-12345,com.zhiliaoapp.musically,TikTok,10310,1402154,189517,1591671,MOBILE,0
508,1775509200000,2026-04-07T05:00:00,mock-device-uuid-12345,com.facebook.katana,Facebook,10245,2067654,217830,2285484,MOBILE,0
509,1775509200000,2026-04-07T05:00:00,mock-device-uuid-12345,com.zhiliaoapp.musically,TikTok,10310,2672599,439252,3111851,MOBILE,0
510,1775512800000,2026-04-07T06:00:00,mock-device-uuid-12345,com.google.android.youtube,YouTube,10101,20770996,4648566,25419562,MOBILE,0
511,1775512800000,2026-04-07T06:00:00,mock-device-uuid-12345,com.zhiliaoapp.musically,TikTok,10310,7750019,865652,8615671,MOBILE,0
512,1775512800000,2026-04-07T06:00:00,mock-device-uuid-12345,com.facebook.katana,Facebook,10245,1993805,213818,2207623,MOBILE,0
513,1775512800000,2026-04-07T06:00:00,mock-device-uuid-12345,com.android.chrome,Chrome,10080,5657591,654330,6311921,MOBILE,0
514,1775516400000,2026-04-07T07:00:00,mock-device-uuid-12345,com.spotify.music,Spotify,10299,11518994,1930591,13449585,MOBILE,0
515,1775516400000,2026-04-07T07:00:00,mock-device-uuid-12345,com.tencent.ig,PUBG Mobile,10352,7912969,1766451,9679420,MOBILE,0
516,1775516400000,2026-04-07T07:00:00,mock-device-uuid-12345,com.android.chrome,Chrome,10080,13266062,2003094,15269156,MOBILE,0
517,1775516400000,2026-04-07T07:00:00,mock-device-uuid-12345,com.zhiliaoapp.musically,TikTok,10310,5419612,798818,6218430,MOBILE,0
518,1775516400000,2026-04-07T07:00:00,mock-device-uuid-12345,com.facebook.katana,Facebook,10245,8046426,1465732,9512158,MOBILE,0
519,1775520000000,2026-04-07T08:00:00,mock-device-uuid-12345,com.android.chrome,Chrome,10080,20449400,1776455,22225855,MOBILE,0
520,1775520000000,2026-04-07T08:00:00,mock-device-uuid-12345,com.spotify.music,Spotify,10299,25290915,3351379,28642294,MOBILE,0
521,1775520000000,2026-04-07T08:00:00,mock-device-uuid-12345,com.instagram.android,Instagram,10246,11722337,2047407,13769744,MOBILE,0
522,1775523600000,2026-04-07T09:00:00,mock-device-uuid-12345,com.google.android.youtube,YouTube,10101,12443738,2312009,14755747,MOBILE,0
523,1775523600000,2026-04-07T09:00:00,mock-device-uuid-12345,com.spotify.music,Spotify,10299,9158599,1701970,10860569,MOBILE,0
524,1775523600000,2026-04-07T09:00:00,mock-device-uuid-12345,com.android.chrome,Chrome,10080,1293810,268041,1561851,MOBILE,0
525,1775523600000,2026-04-07T09:00:00,mock-device-uuid-12345,com.instagram.android,Instagram,10246,3201382,438568,3639950,MOBILE,0
526,1775523600000,2026-04-07T09:00:00,mock-device-uuid-12345,com.zhiliaoapp.musically,TikTok,10310,4913229,540049,5453278,MOBILE,0
527,1775527200000,2026-04-07T10:00:00,mock-device-uuid-12345,com.spotify.music,Spotify,10299,13121500,1062677,14184177,MOBILE,0
528,1775527200000,2026-04-07T10:00:00,mock-device-uuid-12345,com.zhiliaoapp.musically,TikTok,10310,10462384,1252636,11715020,MOBILE,0
529,1775530800000,2026-04-07T11:00:00,mock-device-uuid-12345,com.zhiliaoapp.musically,TikTok,10310,17892523,4162991,22055514,MOBILE,0
530,1775530800000,2026-04-07T11:00:00,mock-device-uuid-12345,com.facebook.katana,Facebook,10245,10967786,2671272,13639058,MOBILE,0
531,1775530800000,2026-04-07T11:00:00,mock-device-uuid-12345,com.instagram.android,Instagram,10246,7115375,1079039,8194414,MOBILE,0
532,1775534400000,2026-04-07T12:00:00,mock-device-uuid-12345,com.android.chrome,Chrome,10080,8343669,1496433,9840102,MOBILE,0
533,1775534400000,2026-04-07T12:00:00,mock-device-uuid-12345,com.instagram.android,Instagram,10246,6259458,828834,7088292,MOBILE,0
534,1775534400000,2026-04-07T12:00:00,mock-device-uuid-12345,com.spotify.music,Spotify,10299,8195647,1499462,9695109,MOBILE,0
535,1775534400000,2026-04-07T12:00:00,mock-device-uuid-12345,com.zhiliaoapp.musically,TikTok,10310,6855508,769366,7624874,MOBILE,0
536,1775538000000,2026-04-07T13:00:00,mock-device-uuid-12345,com.facebook.katana,Facebook,10245,13893458,3191562,17085020,MOBILE,0
537,1775538000000,2026-04-07T13:00:00,mock-device-uuid-12345,com.google.android.youtube,YouTube,10101,12798878,1839615,14638493,MOBILE,0
538,1775541600000,2026-04-07T14:00:00,mock-device-uuid-12345,com.google.android.youtube,YouTube,10101,3064478,572610,3637088,MOBILE,0
539,1775541600000,2026-04-07T14:00:00,mock-device-uuid-12345,com.spotify.music,Spotify,10299,18123590,1542978,19666568,MOBILE,0
540,1775541600000,2026-04-07T14:00:00,mock-device-uuid-12345,com.android.chrome,Chrome,10080,8054698,1989507,10044205,MOBILE,0
541,1775545200000,2026-04-07T15:00:00,mock-device-uuid-12345,com.spotify.music,Spotify,10299,12689124,3069682,15758806,MOBILE,0
542,1775545200000,2026-04-07T15:00:00,mock-device-uuid-12345,com.android.chrome,Chrome,10080,2062405,471355,2533760,MOBILE,0
543,1775545200000,2026-04-07T15:00:00,mock-device-uuid-12345,com.google.android.youtube,YouTube,10101,1035919,141250,1177169,MOBILE,0
544,1775545200000,2026-04-07T15:00:00,mock-device-uuid-12345,com.instagram.android,Instagram,10246,7426626,1373980,8800606,MOBILE,0
545,1775548800000,2026-04-07T16:00:00,mock-device-uuid-12345,com.tencent.ig,PUBG Mobile,10352,23220225,3345617,26565842,MOBILE,0
546,1775548800000,2026-04-07T16:00:00,mock-device-uuid-12345,com.google.android.youtube,YouTube,10101,13628631,1395259,15023890,MOBILE,0
547,1775548800000,2026-04-07T16:00:00,mock-device-uuid-12345,com.android.chrome,Chrome,10080,4979400,382528,5361928,MOBILE,0
548,1775548800000,2026-04-07T16:00:00,mock-device-uuid-12345,com.facebook.katana,Facebook,10245,10838874,1861379,12700253,MOBILE,0
549,1775552400000,2026-04-07T17:00:00,mock-device-uuid-12345,com.spotify.music,Spotify,10299,26499892,2254080,28753972,MOBILE,0
550,1775552400000,2026-04-07T17:00:00,mock-device-uuid-12345,com.android.chrome,Chrome,10080,12336735,2481890,14818625,MOBILE,0
551,1775552400000,2026-04-07T17:00:00,mock-device-uuid-12345,com.facebook.katana,Facebook,10245,26646757,3092254,29739011,MOBILE,0
552,1775556000000,2026-04-07T18:00:00,mock-device-uuid-12345,com.tencent.ig,PUBG Mobile,10352,87073457,14376582,101450039,MOBILE,0
553,1775556000000,2026-04-07T18:00:00,mock-device-uuid-12345,com.facebook.katana,Facebook,10245,17019153,926570,17945723,MOBILE,0
554,1775556000000,2026-04-07T18:00:00,mock-device-uuid-12345,com.instagram.android,Instagram,10246,68064420,14082657,82147077,MOBILE,0
555,1775556000000,2026-04-07T18:00:00,mock-device-uuid-12345,com.zhiliaoapp.musically,TikTok,10310,38534380,7652843,46187223,MOBILE,0
556,1775559600000,2026-04-07T19:00:00,mock-device-uuid-12345,com.instagram.android,Instagram,10246,7253378,585754,7839132,MOBILE,0
557,1775559600000,2026-04-07T19:00:00,mock-device-uuid-12345,com.android.chrome,Chrome,10080,57835762,6027817,63863579,MOBILE,0
558,1775559600000,2026-04-07T19:00:00,mock-device-uuid-12345,com.google.android.youtube,YouTube,10101,9018993,1625209,10644202,MOBILE,0
559,1775559600000,2026-04-07T19:00:00,mock-device-uuid-12345,com.tencent.ig,PUBG Mobile,10352,61299538,8144359,69443897,MOBILE,0
560,1775563200000,2026-04-07T20:00:00,mock-device-uuid-12345,com.tencent.ig,PUBG Mobile,10352,55661288,11717457,67378745,MOBILE,0
561,1775563200000,2026-04-07T20:00:00,mock-device-uuid-12345,com.google.android.youtube,YouTube,10101,85909242,14419370,100328612,MOBILE,0
562,1775566800000,2026-04-07T21:00:00,mock-device-uuid-12345,com.android.chrome,Chrome,10080,64325105,10100945,74426050,MOBILE,0
563,1775566800000,2026-04-07T21:00:00,mock-device-uuid-12345,com.spotify.music,Spotify,10299,75420539,9932841,85353380,MOBILE,0
564,1775566800000,2026-04-07T21:00:00,mock-device-uuid-12345,com.tencent.ig,PUBG Mobile,10352,59510591,8854215,68364806,MOBILE,0
565,1775570400000,2026-04-07T22:00:00,mock-device-uuid-12345,com.tencent.ig,PUBG Mobile,10352,16672678,2117580,18790258,MOBILE,0
566,1775570400000,2026-04-07T22:00:00,mock-device-uuid-12345,com.android.chrome,Chrome,10080,120982471,12159292,133141763,MOBILE,0
567,1775570400000,2026-04-07T22:00:00,mock-device-uuid-12345,com.spotify.music,Spotify,10299,39214063,4659562,43873625,MOBILE,0
568,1775570400000,2026-04-07T22:00:00,mock-device-uuid-12345,com.google.android.youtube,YouTube,10101,33509799,2938894,36448693,MOBILE,0
569,1775574000000,2026-04-07T23:00:00,mock-device-uuid-12345,com.tencent.ig,PUBG Mobile,10352,20920259,4040519,24960778,MOBILE,0
570,1775574000000,2026-04-07T23:00:00,mock-device-uuid-12345,com.facebook.katana,Facebook,10245,32444714,7265848,39710562,MOBILE,0
571,1775574000000,2026-04-07T23:00:00,mock-device-uuid-12345,com.android.chrome,Chrome,10080,3529767,610818,4140585,MOBILE,0
572,1775574000000,2026-04-07T23:00:00,mock-device-uuid-12345,com.spotify.music,Spotify,10299,20302182,3456173,23758355,MOBILE,0
573,1775577600000,2026-04-08T00:00:00,mock-device-uuid-12345,com.zhiliaoapp.musically,TikTok,10310,0,0,0,MOBILE,0
574,1775577600000,2026-04-08T00:00:00,mock-device-uuid-12345,com.google.android.youtube,YouTube,10101,0,0,0,MOBILE,0
575,1775577600000,2026-04-08T00:00:00,mock-device-uuid-12345,com.android.chrome,Chrome,10080,0,0,0,MOBILE,0
576,1775577600000,2026-04-08T00:00:00,mock-device-uuid-12345,com.spotify.music,Spotify,10299,0,0,0,MOBILE,0
577,1775577600000,2026-04-08T00:00:00,mock-device-uuid-12345,com.facebook.katana,Facebook,10245,0,0,0,MOBILE,0
578,1775581200000,2026-04-08T01:00:00,mock-device-uuid-12345,com.google.android.youtube,YouTube,10101,0,0,0,MOBILE,0
579,1775581200000,2026-04-08T01:00:00,mock-device-uuid-12345,com.instagram.android,Instagram,10246,0,0,0,MOBILE,0
580,1775584800000,2026-04-08T02:00:00,mock-device-uuid-12345,com.google.android.youtube,YouTube,10101,2331302,194678,2525980,MOBILE,0
581,1775584800000,2026-04-08T02:00:00,mock-device-uuid-12345,com.spotify.music,Spotify,10299,805988,128822,934810,MOBILE,0
582,1775584800000,2026-04-08T02:00:00,mock-device-uuid-12345,com.android.chrome,Chrome,10080,264327,36560,300887,MOBILE,0
583,1775584800000,2026-04-08T02:00:00,mock-device-uuid-12345,com.tencent.ig,PUBG Mobile,10352,697068,94275,791343,MOBILE,0
584,1775588400000,2026-04-08T03:00:00,mock-device-uuid-12345,com.spotify.music,Spotify,10299,1427221,171407,1598628,MOBILE,0
585,1775588400000,2026-04-08T03:00:00,mock-device-uuid-12345,com.google.android.youtube,YouTube,10101,1698840,345860,2044700,MOBILE,0
586,1775588400000,2026-04-08T03:00:00,mock-device-uuid-12345,com.instagram.android,Instagram,10246,3766422,492336,4258758,MOBILE,0
587,1775588400000,2026-04-08T03:00:00,mock-device-uuid-12345,com.tencent.ig,PUBG Mobile,10352,1397171,177296,1574467,MOBILE,0
588,1775588400000,2026-04-08T03:00:00,mock-device-uuid-12345,com.facebook.katana,Facebook,10245,2031302,264820,2296122,MOBILE,0
589,1775592000000,2026-04-08T04:00:00,mock-device-uuid-12345,com.spotify.music,Spotify,10299,0,0,0,MOBILE,0
590,1775592000000,2026-04-08T04:00:00,mock-device-uuid-12345,com.facebook.katana,Facebook,10245,0,0,0,MOBILE,0
591,1775592000000,2026-04-08T04:00:00,mock-device-uuid-12345,com.android.chrome,Chrome,10080,0,0,0,MOBILE,0
592,1775595600000,2026-04-08T05:00:00,mock-device-uuid-12345,com.android.chrome,Chrome,10080,4743789,921278,5665067,MOBILE,0
593,1775595600000,2026-04-08T05:00:00,mock-device-uuid-12345,com.zhiliaoapp.musically,TikTok,10310,7322089,1370679,8692768,MOBILE,0
594,1775599200000,2026-04-08T06:00:00,mock-device-uuid-12345,com.spotify.music,Spotify,10299,14030797,3306845,17337642,MOBILE,0
595,1775599200000,2026-04-08T06:00:00,mock-device-uuid-12345,com.zhiliaoapp.musically,TikTok,10310,3384241,599621,3983862,MOBILE,0
596,1775599200000,2026-04-08T06:00:00,mock-device-uuid-12345,com.tencent.ig,PUBG Mobile,10352,9799540,2321693,12121233,MOBILE,0
597,1775599200000,2026-04-08T06:00:00,mock-device-uuid-12345,com.android.chrome,Chrome,10080,23432798,5828994,29261792,MOBILE,0
598,1775602800000,2026-04-08T07:00:00,mock-device-uuid-12345,com.android.chrome,Chrome,10080,9888795,585028,10473823,MOBILE,0
599,1775602800000,2026-04-08T07:00:00,mock-device-uuid-12345,com.spotify.music,Spotify,10299,7992572,1690549,9683121,MOBILE,0
600,1775602800000,2026-04-08T07:00:00,mock-device-uuid-12345,com.google.android.youtube,YouTube,10101,6399807,1071898,7471705,MOBILE,0
601,1775602800000,2026-04-08T07:00:00,mock-device-uuid-12345,com.instagram.android,Instagram,10246,20903293,4888704,25791997,MOBILE,0
602,1775606400000,2026-04-08T08:00:00,mock-device-uuid-12345,com.android.chrome,Chrome,10080,7937184,986142,8923326,MOBILE,0
603,1775606400000,2026-04-08T08:00:00,mock-device-uuid-12345,com.google.android.youtube,YouTube,10101,17653247,1458379,19111626,MOBILE,0
604,1775606400000,2026-04-08T08:00:00,mock-device-uuid-12345,com.spotify.music,Spotify,10299,11439192,1687419,13126611,MOBILE,0
605,1775606400000,2026-04-08T08:00:00,mock-device-uuid-12345,com.instagram.android,Instagram,10246,8145654,1268394,9414048,MOBILE,0
606,1775606400000,2026-04-08T08:00:00,mock-device-uuid-12345,com.zhiliaoapp.musically,TikTok,10310,5870564,1032250,6902814,MOBILE,0
607,1775610000000,2026-04-08T09:00:00,mock-device-uuid-12345,com.android.chrome,Chrome,10080,22795097,4062127,26857224,MOBILE,0
608,1775610000000,2026-04-08T09:00:00,mock-device-uuid-12345,com.facebook.katana,Facebook,10245,23285383,3275838,26561221,MOBILE,0
609,1775613600000,2026-04-08T10:00:00,mock-device-uuid-12345,com.zhiliaoapp.musically,TikTok,10310,14016675,2210554,16227229,MOBILE,0
610,1775613600000,2026-04-08T10:00:00,mock-device-uuid-12345,com.android.chrome,Chrome,10080,5902188,457746,6359934,MOBILE,0
611,1775613600000,2026-04-08T10:00:00,mock-device-uuid-12345,com.google.android.youtube,YouTube,10101,9061938,1094047,10155985,MOBILE,0
612,1775617200000,2026-04-08T11:00:00,mock-device-uuid-12345,com.android.chrome,Chrome,10080,14610324,2305698,16916022,MOBILE,0
613,1775617200000,2026-04-08T11:00:00,mock-device-uuid-12345,com.facebook.katana,Facebook,10245,19463425,3216564,22679989,MOBILE,0
614,1775620800000,2026-04-08T12:00:00,mock-device-uuid-12345,com.zhiliaoapp.musically,TikTok,10310,15568979,2753148,18322127,MOBILE,0
615,1775620800000,2026-04-08T12:00:00,mock-device-uuid-12345,com.spotify.music,Spotify,10299,13651138,3300282,16951420,MOBILE,0
616,1775620800000,2026-04-08T12:00:00,mock-device-uuid-12345,com.instagram.android,Instagram,10246,3645190,837753,4482943,MOBILE,0
617,1775620800000,2026-04-08T12:00:00,mock-device-uuid-12345,com.android.chrome,Chrome,10080,2876564,413280,3289844,MOBILE,0
618,1775620800000,2026-04-08T12:00:00,mock-device-uuid-12345,com.facebook.katana,Facebook,10245,5157578,272803,5430381,MOBILE,0
619,1775624400000,2026-04-08T13:00:00,mock-device-uuid-12345,com.tencent.ig,PUBG Mobile,10352,12167730,640562,12808292,MOBILE,0
620,1775624400000,2026-04-08T13:00:00,mock-device-uuid-12345,com.zhiliaoapp.musically,TikTok,10310,18412133,4525538,22937671,MOBILE,0
621,1775624400000,2026-04-08T13:00:00,mock-device-uuid-12345,com.facebook.katana,Facebook,10245,3948527,326902,4275429,MOBILE,0
622,1775624400000,2026-04-08T13:00:00,mock-device-uuid-12345,com.spotify.music,Spotify,10299,2834356,422333,3256689,MOBILE,0
623,1775624400000,2026-04-08T13:00:00,mock-device-uuid-12345,com.google.android.youtube,YouTube,10101,5544883,797957,6342840,MOBILE,0
624,1775628000000,2026-04-08T14:00:00,mock-device-uuid-12345,com.google.android.youtube,YouTube,10101,14531536,796099,15327635,MOBILE,0
625,1775628000000,2026-04-08T14:00:00,mock-device-uuid-12345,com.facebook.katana,Facebook,10245,6218304,910683,7128987,MOBILE,0
626,1775628000000,2026-04-08T14:00:00,mock-device-uuid-12345,com.android.chrome,Chrome,10080,16437888,2294812,18732700,MOBILE,0
627,1775631600000,2026-04-08T15:00:00,mock-device-uuid-12345,com.facebook.katana,Facebook,10245,18952772,1222343,20175115,MOBILE,0
628,1775631600000,2026-04-08T15:00:00,mock-device-uuid-12345,com.tencent.ig,PUBG Mobile,10352,25962355,4039722,30002077,MOBILE,0
629,1775635200000,2026-04-08T16:00:00,mock-device-uuid-12345,com.facebook.katana,Facebook,10245,764148,119684,883832,MOBILE,0
630,1775635200000,2026-04-08T16:00:00,mock-device-uuid-12345,com.google.android.youtube,YouTube,10101,2658813,638634,3297447,MOBILE,0
631,1775635200000,2026-04-08T16:00:00,mock-device-uuid-12345,com.tencent.ig,PUBG Mobile,10352,3256910,798943,4055853,MOBILE,0
632,1775635200000,2026-04-08T16:00:00,mock-device-uuid-12345,com.zhiliaoapp.musically,TikTok,10310,1908502,150750,2059252,MOBILE,0
633,1775638800000,2026-04-08T17:00:00,mock-device-uuid-12345,com.android.chrome,Chrome,10080,10982270,1125092,12107362,MOBILE,0
634,1775638800000,2026-04-08T17:00:00,mock-device-uuid-12345,com.zhiliaoapp.musically,TikTok,10310,20498009,2331817,22829826,MOBILE,0
635,1775642400000,2026-04-08T18:00:00,mock-device-uuid-12345,com.tencent.ig,PUBG Mobile,10352,74851842,11799409,86651251,MOBILE,0
636,1775642400000,2026-04-08T18:00:00,mock-device-uuid-12345,com.zhiliaoapp.musically,TikTok,10310,119277467,7294282,126571749,MOBILE,0
637,1775646000000,2026-04-08T19:00:00,mock-device-uuid-12345,com.tencent.ig,PUBG Mobile,10352,77340555,8067932,85408487,MOBILE,0
638,1775646000000,2026-04-08T19:00:00,mock-device-uuid-12345,com.android.chrome,Chrome,10080,11198050,1385416,12583466,MOBILE,0
639,1775646000000,2026-04-08T19:00:00,mock-device-uuid-12345,com.spotify.music,Spotify,10299,17847231,2696942,20544173,MOBILE,0
640,1775646000000,2026-04-08T19:00:00,mock-device-uuid-12345,com.google.android.youtube,YouTube,10101,30349826,4192406,34542232,MOBILE,0
641,1775649600000,2026-04-08T20:00:00,mock-device-uuid-12345,com.instagram.android,Instagram,10246,105387100,21180835,126567935,MOBILE,0
642,1775649600000,2026-04-08T20:00:00,mock-device-uuid-12345,com.facebook.katana,Facebook,10245,5109183,397456,5506639,MOBILE,0
643,1775649600000,2026-04-08T20:00:00,mock-device-uuid-12345,com.google.android.youtube,YouTube,10101,4843368,1175446,6018814,MOBILE,0
644,1775649600000,2026-04-08T20:00:00,mock-device-uuid-12345,com.android.chrome,Chrome,10080,61769064,6369271,68138335,MOBILE,0
645,1775653200000,2026-04-08T21:00:00,mock-device-uuid-12345,com.spotify.music,Spotify,10299,113542123,17808375,131350498,MOBILE,0
646,1775653200000,2026-04-08T21:00:00,mock-device-uuid-12345,com.google.android.youtube,YouTube,10101,19649149,1430553,21079702,MOBILE,0
647,1775653200000,2026-04-08T21:00:00,mock-device-uuid-12345,com.android.chrome,Chrome,10080,2996220,450701,3446921,MOBILE,0
648,1775653200000,2026-04-08T21:00:00,mock-device-uuid-12345,com.instagram.android,Instagram,10246,41024576,3373800,44398376,MOBILE,0
649,1775656800000,2026-04-08T22:00:00,mock-device-uuid-12345,com.facebook.katana,Facebook,10245,117158295,15315229,132473524,MOBILE,0
650,1775656800000,2026-04-08T22:00:00,mock-device-uuid-12345,com.android.chrome,Chrome,10080,18395989,1057865,19453854,MOBILE,0
651,1775656800000,2026-04-08T22:00:00,mock-device-uuid-12345,com.instagram.android,Instagram,10246,8975444,714001,9689445,MOBILE,0
652,1775656800000,2026-04-08T22:00:00,mock-device-uuid-12345,com.spotify.music,Spotify,10299,24151846,4980775,29132621,MOBILE,0
653,1775656800000,2026-04-08T22:00:00,mock-device-uuid-12345,com.google.android.youtube,YouTube,10101,58806542,3841000,62647542,MOBILE,0
654,1775660400000,2026-04-08T23:00:00,mock-device-uuid-12345,com.facebook.katana,Facebook,10245,10078971,826799,10905770,MOBILE,0
655,1775660400000,2026-04-08T23:00:00,mock-device-uuid-12345,com.zhiliaoapp.musically,TikTok,10310,2669219,499554,3168773,MOBILE,0
656,1775660400000,2026-04-08T23:00:00,mock-device-uuid-12345,com.tencent.ig,PUBG Mobile,10352,18580756,2788905,21369661,MOBILE,0
657,1775660400000,2026-04-08T23:00:00,mock-device-uuid-12345,com.spotify.music,Spotify,10299,24349234,4279797,28629031,MOBILE,0
658,1775664000000,2026-04-09T00:00:00,mock-device-uuid-12345,com.spotify.music,Spotify,10299,6416529,431851,6848380,MOBILE,0
659,1775664000000,2026-04-09T00:00:00,mock-device-uuid-12345,com.facebook.katana,Facebook,10245,3221118,632267,3853385,MOBILE,0
660,1775667600000,2026-04-09T01:00:00,mock-device-uuid-12345,com.tencent.ig,PUBG Mobile,10352,4878703,966267,5844970,MOBILE,0
661,1775667600000,2026-04-09T01:00:00,mock-device-uuid-12345,com.google.android.youtube,YouTube,10101,454176,98112,552288,MOBILE,0
662,1775667600000,2026-04-09T01:00:00,mock-device-uuid-12345,com.instagram.android,Instagram,10246,1065046,61322,1126368,MOBILE,0
663,1775667600000,2026-04-09T01:00:00,mock-device-uuid-12345,com.facebook.katana,Facebook,10245,825676,68255,893931,MOBILE,0
664,1775667600000,2026-04-09T01:00:00,mock-device-uuid-12345,com.spotify.music,Spotify,10299,456059,29212,485271,MOBILE,0
665,1775671200000,2026-04-09T02:00:00,mock-device-uuid-12345,com.zhiliaoapp.musically,TikTok,10310,0,0,0,MOBILE,0
666,1775671200000,2026-04-09T02:00:00,mock-device-uuid-12345,com.instagram.android,Instagram,10246,0,0,0,MOBILE,0
667,1775671200000,2026-04-09T02:00:00,mock-device-uuid-12345,com.facebook.katana,Facebook,10245,0,0,0,MOBILE,0
668,1775674800000,2026-04-09T03:00:00,mock-device-uuid-12345,com.tencent.ig,PUBG Mobile,10352,2429518,509907,2939425,MOBILE,0
669,1775674800000,2026-04-09T03:00:00,mock-device-uuid-12345,com.instagram.android,Instagram,10246,5672464,520369,6192833,MOBILE,0
670,1775674800000,2026-04-09T03:00:00,mock-device-uuid-12345,com.android.chrome,Chrome,10080,2445065,297903,2742968,MOBILE,0
671,1775678400000,2026-04-09T04:00:00,mock-device-uuid-12345,com.google.android.youtube,YouTube,10101,8771648,2080180,10851828,MOBILE,0
672,1775678400000,2026-04-09T04:00:00,mock-device-uuid-12345,com.zhiliaoapp.musically,TikTok,10310,3025208,207737,3232945,MOBILE,0
673,1775678400000,2026-04-09T04:00:00,mock-device-uuid-12345,com.tencent.ig,PUBG Mobile,10352,6009466,336424,6345890,MOBILE,0
674,1775682000000,2026-04-09T05:00:00,mock-device-uuid-12345,com.instagram.android,Instagram,10246,0,0,0,MOBILE,0
675,1775682000000,2026-04-09T05:00:00,mock-device-uuid-12345,com.spotify.music,Spotify,10299,0,0,0,MOBILE,0
676,1775682000000,2026-04-09T05:00:00,mock-device-uuid-12345,com.google.android.youtube,YouTube,10101,0,0,0,MOBILE,0
677,1775685600000,2026-04-09T06:00:00,mock-device-uuid-12345,com.instagram.android,Instagram,10246,17625356,1433842,19059198,MOBILE,0
678,1775685600000,2026-04-09T06:00:00,mock-device-uuid-12345,com.android.chrome,Chrome,10080,17921695,1529423,19451118,MOBILE,0
679,1775689200000,2026-04-09T07:00:00,mock-device-uuid-12345,com.spotify.music,Spotify,10299,7628368,1692028,9320396,MOBILE,0
680,1775689200000,2026-04-09T07:00:00,mock-device-uuid-12345,com.instagram.android,Instagram,10246,58964308,4875282,63839590,MOBILE,0
681,1775692800000,2026-04-09T08:00:00,mock-device-uuid-12345,com.facebook.katana,Facebook,10245,23156252,1877846,25034098,MOBILE,0
682,1775692800000,2026-04-09T08:00:00,mock-device-uuid-12345,com.google.android.youtube,YouTube,10101,5542934,294389,5837323,MOBILE,0
683,1775692800000,2026-04-09T08:00:00,mock-device-uuid-12345,com.instagram.android,Instagram,10246,4839429,379940,5219369,MOBILE,0
684,1775692800000,2026-04-09T08:00:00,mock-device-uuid-12345,com.zhiliaoapp.musically,TikTok,10310,2412183,532154,2944337,MOBILE,0
685,1775696400000,2026-04-09T09:00:00,mock-device-uuid-12345,com.spotify.music,Spotify,10299,4622208,1147702,5769910,MOBILE,0
686,1775696400000,2026-04-09T09:00:00,mock-device-uuid-12345,com.android.chrome,Chrome,10080,763023,74206,837229,MOBILE,0
687,1775696400000,2026-04-09T09:00:00,mock-device-uuid-12345,com.instagram.android,Instagram,10246,9641931,1715027,11356958,MOBILE,0
688,1775700000000,2026-04-09T10:00:00,mock-device-uuid-12345,com.android.chrome,Chrome,10080,43794376,2740767,46535143,MOBILE,0
689,1775700000000,2026-04-09T10:00:00,mock-device-uuid-12345,com.zhiliaoapp.musically,TikTok,10310,7103066,1233147,8336213,MOBILE,0
690,1775700000000,2026-04-09T10:00:00,mock-device-uuid-12345,com.facebook.katana,Facebook,10245,10789061,1280674,12069735,MOBILE,0
691,1775703600000,2026-04-09T11:00:00,mock-device-uuid-12345,com.tencent.ig,PUBG Mobile,10352,7311667,894681,8206348,MOBILE,0
692,1775703600000,2026-04-09T11:00:00,mock-device-uuid-12345,com.spotify.music,Spotify,10299,56005159,8520450,64525609,MOBILE,0
693,1775707200000,2026-04-09T12:00:00,mock-device-uuid-12345,com.instagram.android,Instagram,10246,9258379,487468,9745847,MOBILE,0
694,1775707200000,2026-04-09T12:00:00,mock-device-uuid-12345,com.zhiliaoapp.musically,TikTok,10310,21387206,3987846,25375052,MOBILE,0
695,1775710800000,2026-04-09T13:00:00,mock-device-uuid-12345,com.spotify.music,Spotify,10299,34096547,4935751,39032298,MOBILE,0
696,1775710800000,2026-04-09T13:00:00,mock-device-uuid-12345,com.zhiliaoapp.musically,TikTok,10310,1012006,102246,1114252,MOBILE,0
697,1775710800000,2026-04-09T13:00:00,mock-device-uuid-12345,com.facebook.katana,Facebook,10245,13566246,2451555,16017801,MOBILE,0
698,1775714400000,2026-04-09T14:00:00,mock-device-uuid-12345,com.spotify.music,Spotify,10299,42645500,4266809,46912309,MOBILE,0
699,1775714400000,2026-04-09T14:00:00,mock-device-uuid-12345,com.google.android.youtube,YouTube,10101,7987927,1794766,9782693,MOBILE,0
700,1775714400000,2026-04-09T14:00:00,mock-device-uuid-12345,com.zhiliaoapp.musically,TikTok,10310,8251075,1999974,10251049,MOBILE,0
701,1775714400000,2026-04-09T14:00:00,mock-device-uuid-12345,com.instagram.android,Instagram,10246,3792642,501495,4294137,MOBILE,0
702,1775714400000,2026-04-09T14:00:00,mock-device-uuid-12345,com.facebook.katana,Facebook,10245,3096443,630677,3727120,MOBILE,0
703,1775718000000,2026-04-09T15:00:00,mock-device-uuid-12345,com.instagram.android,Instagram,10246,3792608,808087,4600695,MOBILE,0
704,1775718000000,2026-04-09T15:00:00,mock-device-uuid-12345,com.facebook.katana,Facebook,10245,4885249,312658,5197907,MOBILE,0
705,1775718000000,2026-04-09T15:00:00,mock-device-uuid-12345,com.android.chrome,Chrome,10080,2437568,346643,2784211,MOBILE,0
706,1775718000000,2026-04-09T15:00:00,mock-device-uuid-12345,com.zhiliaoapp.musically,TikTok,10310,11808091,1499483,13307574,MOBILE,0
707,1775721600000,2026-04-09T16:00:00,mock-device-uuid-12345,com.spotify.music,Spotify,10299,15847939,875350,16723289,MOBILE,0
708,1775721600000,2026-04-09T16:00:00,mock-device-uuid-12345,com.instagram.android,Instagram,10246,20354676,4126738,24481414,MOBILE,0
709,1775721600000,2026-04-09T16:00:00,mock-device-uuid-12345,com.zhiliaoapp.musically,TikTok,10310,16260704,2975770,19236474,MOBILE,0
710,1775725200000,2026-04-09T17:00:00,mock-device-uuid-12345,com.zhiliaoapp.musically,TikTok,10310,19346959,2705057,22052016,MOBILE,0
711,1775725200000,2026-04-09T17:00:00,mock-device-uuid-12345,com.google.android.youtube,YouTube,10101,18499088,1160259,19659347,MOBILE,0
712,1775725200000,2026-04-09T17:00:00,mock-device-uuid-12345,com.spotify.music,Spotify,10299,5560436,1111105,6671541,MOBILE,0
713,1775725200000,2026-04-09T17:00:00,mock-device-uuid-12345,com.instagram.android,Instagram,10246,1531045,370408,1901453,MOBILE,0
714,1775725200000,2026-04-09T17:00:00,mock-device-uuid-12345,com.facebook.katana,Facebook,10245,2569238,334162,2903400,MOBILE,0
715,1775728800000,2026-04-09T18:00:00,mock-device-uuid-12345,com.spotify.music,Spotify,10299,70299412,7782791,78082203,MOBILE,0
716,1775728800000,2026-04-09T18:00:00,mock-device-uuid-12345,com.instagram.android,Instagram,10246,116881283,22734732,139616015,MOBILE,0
717,1775732400000,2026-04-09T19:00:00,mock-device-uuid-12345,com.android.chrome,Chrome,10080,85365585,14570250,99935835,MOBILE,0
718,1775732400000,2026-04-09T19:00:00,mock-device-uuid-12345,com.zhiliaoapp.musically,TikTok,10310,22422668,2696667,25119335,MOBILE,0
719,1775732400000,2026-04-09T19:00:00,mock-device-uuid-12345,com.instagram.android,Instagram,10246,61337749,8280266,69618015,MOBILE,0
720,1775732400000,2026-04-09T19:00:00,mock-device-uuid-12345,com.tencent.ig,PUBG Mobile,10352,41632899,3908519,45541418,MOBILE,0
721,1775736000000,2026-04-09T20:00:00,mock-device-uuid-12345,com.spotify.music,Spotify,10299,54116122,4576574,58692696,MOBILE,0
722,1775736000000,2026-04-09T20:00:00,mock-device-uuid-12345,com.instagram.android,Instagram,10246,82692390,15894183,98586573,MOBILE,0
723,1775739600000,2026-04-09T21:00:00,mock-device-uuid-12345,com.instagram.android,Instagram,10246,85717211,10929615,96646826,MOBILE,0
724,1775739600000,2026-04-09T21:00:00,mock-device-uuid-12345,com.spotify.music,Spotify,10299,90667213,20418513,111085726,MOBILE,0
725,1775743200000,2026-04-09T22:00:00,mock-device-uuid-12345,com.spotify.music,Spotify,10299,75492217,15341311,90833528,MOBILE,0
726,1775743200000,2026-04-09T22:00:00,mock-device-uuid-12345,com.zhiliaoapp.musically,TikTok,10310,58177600,4875159,63052759,MOBILE,0
727,1775746800000,2026-04-09T23:00:00,mock-device-uuid-12345,com.tencent.ig,PUBG Mobile,10352,31876448,5501263,37377711,MOBILE,0
728,1775746800000,2026-04-09T23:00:00,mock-device-uuid-12345,com.android.chrome,Chrome,10080,9621384,996798,10618182,MOBILE,0
729,1775746800000,2026-04-09T23:00:00,mock-device-uuid-12345,com.spotify.music,Spotify,10299,4707618,960091,5667709,MOBILE,0
730,1775750400000,2026-04-10T00:00:00,mock-device-uuid-12345,com.zhiliaoapp.musically,TikTok,10310,9602593,1403063,11005656,MOBILE,0
731,1775750400000,2026-04-10T00:00:00,mock-device-uuid-12345,com.spotify.music,Spotify,10299,8918922,597312,9516234,MOBILE,0
732,1775754000000,2026-04-10T01:00:00,mock-device-uuid-12345,com.facebook.katana,Facebook,10245,436713,80990,517703,MOBILE,0
733,1775754000000,2026-04-10T01:00:00,mock-device-uuid-12345,com.spotify.music,Spotify,10299,604270,126769,731039,MOBILE,0
734,1775754000000,2026-04-10T01:00:00,mock-device-uuid-12345,com.android.chrome,Chrome,10080,1628399,362441,1990840,MOBILE,0
735,1775754000000,2026-04-10T01:00:00,mock-device-uuid-12345,com.google.android.youtube,YouTube,10101,209408,40802,250210,MOBILE,0
736,1775754000000,2026-04-10T01:00:00,mock-device-uuid-12345,com.instagram.android,Instagram,10246,1336727,257499,1594226,MOBILE,0
737,1775757600000,2026-04-10T02:00:00,mock-device-uuid-12345,com.android.chrome,Chrome,10080,3236777,373017,3609794,MOBILE,0
738,1775757600000,2026-04-10T02:00:00,mock-device-uuid-12345,com.tencent.ig,PUBG Mobile,10352,6889301,938416,7827717,MOBILE,0
739,1775757600000,2026-04-10T02:00:00,mock-device-uuid-12345,com.zhiliaoapp.musically,TikTok,10310,702510,164703,867213,MOBILE,0
740,1775757600000,2026-04-10T02:00:00,mock-device-uuid-12345,com.google.android.youtube,YouTube,10101,2403301,593633,2996934,MOBILE,0
741,1775761200000,2026-04-10T03:00:00,mock-device-uuid-12345,com.facebook.katana,Facebook,10245,6791875,1464952,8256827,MOBILE,0
742,1775761200000,2026-04-10T03:00:00,mock-device-uuid-12345,com.zhiliaoapp.musically,TikTok,10310,4611109,689834,5300943,MOBILE,0
743,1775761200000,2026-04-10T03:00:00,mock-device-uuid-12345,com.android.chrome,Chrome,10080,5976940,1340234,7317174,MOBILE,0
744,1775764800000,2026-04-10T04:00:00,mock-device-uuid-12345,com.google.android.youtube,YouTube,10101,8377226,1535526,9912752,MOBILE,0
745,1775764800000,2026-04-10T04:00:00,mock-device-uuid-12345,com.spotify.music,Spotify,10299,5923356,1106362,7029718,MOBILE,0
746,1775768400000,2026-04-10T05:00:00,mock-device-uuid-12345,com.zhiliaoapp.musically,TikTok,10310,0,0,0,MOBILE,0
747,1775768400000,2026-04-10T05:00:00,mock-device-uuid-12345,com.spotify.music,Spotify,10299,0,0,0,MOBILE,0
748,1775768400000,2026-04-10T05:00:00,mock-device-uuid-12345,com.google.android.youtube,YouTube,10101,0,0,0,MOBILE,0
749,1775768400000,2026-04-10T05:00:00,mock-device-uuid-12345,com.facebook.katana,Facebook,10245,0,0,0,MOBILE,0
750,1775768400000,2026-04-10T05:00:00,mock-device-uuid-12345,com.instagram.android,Instagram,10246,0,0,0,MOBILE,0
751,1775772000000,2026-04-10T06:00:00,mock-device-uuid-12345,com.facebook.katana,Facebook,10245,5416704,625016,6041720,MOBILE,0
752,1775772000000,2026-04-10T06:00:00,mock-device-uuid-12345,com.spotify.music,Spotify,10299,7457260,464241,7921501,MOBILE,0
753,1775772000000,2026-04-10T06:00:00,mock-device-uuid-12345,com.zhiliaoapp.musically,TikTok,10310,508370,47783,556153,MOBILE,0
754,1775772000000,2026-04-10T06:00:00,mock-device-uuid-12345,com.google.android.youtube,YouTube,10101,3282403,448057,3730460,MOBILE,0
755,1775775600000,2026-04-10T07:00:00,mock-device-uuid-12345,com.instagram.android,Instagram,10246,27013537,2707905,29721442,MOBILE,0
756,1775775600000,2026-04-10T07:00:00,mock-device-uuid-12345,com.tencent.ig,PUBG Mobile,10352,9262987,2128111,11391098,MOBILE,0
757,1775775600000,2026-04-10T07:00:00,mock-device-uuid-12345,com.facebook.katana,Facebook,10245,19840859,4546948,24387807,MOBILE,0
758,1775779200000,2026-04-10T08:00:00,mock-device-uuid-12345,com.android.chrome,Chrome,10080,6503617,714356,7217973,MOBILE,0
759,1775779200000,2026-04-10T08:00:00,mock-device-uuid-12345,com.zhiliaoapp.musically,TikTok,10310,12835271,691595,13526866,MOBILE,0
760,1775779200000,2026-04-10T08:00:00,mock-device-uuid-12345,com.google.android.youtube,YouTube,10101,25680278,2020455,27700733,MOBILE,0
761,1775782800000,2026-04-10T09:00:00,mock-device-uuid-12345,com.google.android.youtube,YouTube,10101,3447023,573921,4020944,MOBILE,0
762,1775782800000,2026-04-10T09:00:00,mock-device-uuid-12345,com.spotify.music,Spotify,10299,8676616,968111,9644727,MOBILE,0
763,1775786400000,2026-04-10T10:00:00,mock-device-uuid-12345,com.facebook.katana,Facebook,10245,9016839,697730,9714569,MOBILE,0
764,1775786400000,2026-04-10T10:00:00,mock-device-uuid-12345,com.android.chrome,Chrome,10080,2236014,553119,2789133,MOBILE,0
765,1775786400000,2026-04-10T10:00:00,mock-device-uuid-12345,com.instagram.android,Instagram,10246,2009870,246774,2256644,MOBILE,0
766,1775786400000,2026-04-10T10:00:00,mock-device-uuid-12345,com.tencent.ig,PUBG Mobile,10352,22310670,3887305,26197975,MOBILE,0
767,1775790000000,2026-04-10T11:00:00,mock-device-uuid-12345,com.google.android.youtube,YouTube,10101,51177575,6617285,57794860,MOBILE,0
768,1775790000000,2026-04-10T11:00:00,mock-device-uuid-12345,com.spotify.music,Spotify,10299,3381299,669593,4050892,MOBILE,0
769,1775790000000,2026-04-10T11:00:00,mock-device-uuid-12345,com.zhiliaoapp.musically,TikTok,10310,11371758,832358,12204116,MOBILE,0
770,1775790000000,2026-04-10T11:00:00,mock-device-uuid-12345,com.tencent.ig,PUBG Mobile,10352,1326904,170587,1497491,MOBILE,0
771,1775790000000,2026-04-10T11:00:00,mock-device-uuid-12345,com.android.chrome,Chrome,10080,11272020,690367,11962387,MOBILE,0
772,1775793600000,2026-04-10T12:00:00,mock-device-uuid-12345,com.facebook.katana,Facebook,10245,31017039,2279267,33296306,MOBILE,0
773,1775793600000,2026-04-10T12:00:00,mock-device-uuid-12345,com.google.android.youtube,YouTube,10101,1396531,257727,1654258,MOBILE,0
774,1775793600000,2026-04-10T12:00:00,mock-device-uuid-12345,com.tencent.ig,PUBG Mobile,10352,15809108,1547701,17356809,MOBILE,0
775,1775797200000,2026-04-10T13:00:00,mock-device-uuid-12345,com.android.chrome,Chrome,10080,24087607,3262031,27349638,MOBILE,0
776,1775797200000,2026-04-10T13:00:00,mock-device-uuid-12345,com.spotify.music,Spotify,10299,38948449,4707075,43655524,MOBILE,0
777,1775800800000,2026-04-10T14:00:00,mock-device-uuid-12345,com.google.android.youtube,YouTube,10101,22912241,3466186,26378427,MOBILE,0
778,1775800800000,2026-04-10T14:00:00,mock-device-uuid-12345,com.android.chrome,Chrome,10080,8314597,1368787,9683384,MOBILE,0
779,1775800800000,2026-04-10T14:00:00,mock-device-uuid-12345,com.tencent.ig,PUBG Mobile,10352,1296622,126216,1422838,MOBILE,0
780,1775800800000,2026-04-10T14:00:00,mock-device-uuid-12345,com.instagram.android,Instagram,10246,3045732,562576,3608308,MOBILE,0
781,1775804400000,2026-04-10T15:00:00,mock-device-uuid-12345,com.google.android.youtube,YouTube,10101,14519492,3359669,17879161,MOBILE,0
782,1775804400000,2026-04-10T15:00:00,mock-device-uuid-12345,com.instagram.android,Instagram,10246,8371111,592015,8963126,MOBILE,0
783,1775804400000,2026-04-10T15:00:00,mock-device-uuid-12345,com.spotify.music,Spotify,10299,2794139,269145,3063284,MOBILE,0
784,1775804400000,2026-04-10T15:00:00,mock-device-uuid-12345,com.tencent.ig,PUBG Mobile,10352,5249747,608485,5858232,MOBILE,0
785,1775804400000,2026-04-10T15:00:00,mock-device-uuid-12345,com.zhiliaoapp.musically,TikTok,10310,2198895,464044,2662939,MOBILE,0
786,1775808000000,2026-04-10T16:00:00,mock-device-uuid-12345,com.google.android.youtube,YouTube,10101,24531292,3345302,27876594,MOBILE,0
787,1775808000000,2026-04-10T16:00:00,mock-device-uuid-12345,com.zhiliaoapp.musically,TikTok,10310,10013852,941290,10955142,MOBILE,0
788,1775808000000,2026-04-10T16:00:00,mock-device-uuid-12345,com.tencent.ig,PUBG Mobile,10352,15197572,3269707,18467279,MOBILE,0
789,1775811600000,2026-04-10T17:00:00,mock-device-uuid-12345,com.zhiliaoapp.musically,TikTok,10310,34991995,2206077,37198072,MOBILE,0
790,1775811600000,2026-04-10T17:00:00,mock-device-uuid-12345,com.instagram.android,Instagram,10246,16819726,2513759,19333485,MOBILE,0
791,1775811600000,2026-04-10T17:00:00,mock-device-uuid-12345,com.spotify.music,Spotify,10299,5123469,1032702,6156171,MOBILE,0
792,1775811600000,2026-04-10T17:00:00,mock-device-uuid-12345,com.android.chrome,Chrome,10080,2829371,413164,3242535,MOBILE,0
793,1775815200000,2026-04-10T18:00:00,mock-device-uuid-12345,com.instagram.android,Instagram,10246,88916146,16004907,104921053,MOBILE,0
794,1775815200000,2026-04-10T18:00:00,mock-device-uuid-12345,com.android.chrome,Chrome,10080,10783056,1543261,12326317,MOBILE,0
795,1775815200000,2026-04-10T18:00:00,mock-device-uuid-12345,com.zhiliaoapp.musically,TikTok,10310,30189177,7331487,37520664,MOBILE,0
796,1775818800000,2026-04-10T19:00:00,mock-device-uuid-12345,com.tencent.ig,PUBG Mobile,10352,86028434,7709396,93737830,MOBILE,0
797,1775818800000,2026-04-10T19:00:00,mock-device-uuid-12345,com.spotify.music,Spotify,10299,40432855,8612286,49045141,MOBILE,0
798,1775818800000,2026-04-10T19:00:00,mock-device-uuid-12345,com.android.chrome,Chrome,10080,42088241,6121138,48209379,MOBILE,0
799,1775822400000,2026-04-10T20:00:00,mock-device-uuid-12345,com.zhiliaoapp.musically,TikTok,10310,8863470,1028568,9892038,MOBILE,0
800,1775822400000,2026-04-10T20:00:00,mock-device-uuid-12345,com.instagram.android,Instagram,10246,53249313,6082498,59331811,MOBILE,0
801,1775822400000,2026-04-10T20:00:00,mock-device-uuid-12345,com.tencent.ig,PUBG Mobile,10352,64525770,12696385,77222155,MOBILE,0
802,1775822400000,2026-04-10T20:00:00,mock-device-uuid-12345,com.spotify.music,Spotify,10299,3379832,456620,3836452,MOBILE,0
803,1775822400000,2026-04-10T20:00:00,mock-device-uuid-12345,com.facebook.katana,Facebook,10245,27840648,3527272,31367920,MOBILE,0
804,1775826000000,2026-04-10T21:00:00,mock-device-uuid-12345,com.android.chrome,Chrome,10080,18228136,3441522,21669658,MOBILE,0
805,1775826000000,2026-04-10T21:00:00,mock-device-uuid-12345,com.google.android.youtube,YouTube,10101,25341821,2339138,27680959,MOBILE,0
806,1775826000000,2026-04-10T21:00:00,mock-device-uuid-12345,com.zhiliaoapp.musically,TikTok,10310,99809410,18215245,118024655,MOBILE,0
807,1775829600000,2026-04-10T22:00:00,mock-device-uuid-12345,com.facebook.katana,Facebook,10245,36054009,4448782,40502791,MOBILE,0
808,1775829600000,2026-04-10T22:00:00,mock-device-uuid-12345,com.instagram.android,Instagram,10246,82106180,7478636,89584816,MOBILE,0
809,1775829600000,2026-04-10T22:00:00,mock-device-uuid-12345,com.google.android.youtube,YouTube,10101,50144016,6882888,57026904,MOBILE,0
810,1775829600000,2026-04-10T22:00:00,mock-device-uuid-12345,com.zhiliaoapp.musically,TikTok,10310,53202477,5910464,59112941,MOBILE,0
811,1775833200000,2026-04-10T23:00:00,mock-device-uuid-12345,com.facebook.katana,Facebook,10245,6810592,1355866,8166458,MOBILE,0
812,1775833200000,2026-04-10T23:00:00,mock-device-uuid-12345,com.instagram.android,Instagram,10246,26224179,3019364,29243543,MOBILE,0
813,1775833200000,2026-04-10T23:00:00,mock-device-uuid-12345,com.zhiliaoapp.musically,TikTok,10310,26732634,3951364,30683998,MOBILE,0
814,1775836800000,2026-04-11T00:00:00,mock-device-uuid-12345,com.instagram.android,Instagram,10246,18829054,1096312,19925366,MOBILE,0
815,1775836800000,2026-04-11T00:00:00,mock-device-uuid-12345,com.facebook.katana,Facebook,10245,2864151,482320,3346471,MOBILE,0
816,1775836800000,2026-04-11T00:00:00,mock-device-uuid-12345,com.spotify.music,Spotify,10299,15776683,1118789,16895472,MOBILE,0
817,1775836800000,2026-04-11T00:00:00,mock-device-uuid-12345,com.tencent.ig,PUBG Mobile,10352,18548132,2136253,20684385,MOBILE,0
818,1775840400000,2026-04-11T01:00:00,mock-device-uuid-12345,com.google.android.youtube,YouTube,10101,15263724,3101208,18364932,MOBILE,0
819,1775840400000,2026-04-11T01:00:00,mock-device-uuid-12345,com.tencent.ig,PUBG Mobile,10352,5483812,1263490,6747302,MOBILE,0
820,1775840400000,2026-04-11T01:00:00,mock-device-uuid-12345,com.facebook.katana,Facebook,10245,2093803,143631,2237434,MOBILE,0
821,1775840400000,2026-04-11T01:00:00,mock-device-uuid-12345,com.android.chrome,Chrome,10080,4892418,331820,5224238,MOBILE,0
822,1775844000000,2026-04-11T02:00:00,mock-device-uuid-12345,com.google.android.youtube,YouTube,10101,4442805,470162,4912967,MOBILE,0
823,1775844000000,2026-04-11T02:00:00,mock-device-uuid-12345,com.facebook.katana,Facebook,10245,16925590,2314237,19239827,MOBILE,0
824,1775847600000,2026-04-11T03:00:00,mock-device-uuid-12345,com.facebook.katana,Facebook,10245,23957620,2939684,26897304,MOBILE,0
825,1775847600000,2026-04-11T03:00:00,mock-device-uuid-12345,com.spotify.music,Spotify,10299,13719268,2281834,16001102,MOBILE,0
826,1775847600000,2026-04-11T03:00:00,mock-device-uuid-12345,com.zhiliaoapp.musically,TikTok,10310,19003093,1557270,20560363,MOBILE,0
827,1775851200000,2026-04-11T04:00:00,mock-device-uuid-12345,com.spotify.music,Spotify,10299,22317179,4036648,26353827,MOBILE,0
828,1775851200000,2026-04-11T04:00:00,mock-device-uuid-12345,com.tencent.ig,PUBG Mobile,10352,12838195,1644035,14482230,MOBILE,0
829,1775854800000,2026-04-11T05:00:00,mock-device-uuid-12345,com.facebook.katana,Facebook,10245,7709705,1628121,9337826,MOBILE,0
830,1775854800000,2026-04-11T05:00:00,mock-device-uuid-12345,com.tencent.ig,PUBG Mobile,10352,8690000,1619198,10309198,MOBILE,0
831,1775854800000,2026-04-11T05:00:00,mock-device-uuid-12345,com.spotify.music,Spotify,10299,25640889,3893551,29534440,MOBILE,0
832,1775858400000,2026-04-11T06:00:00,mock-device-uuid-12345,com.facebook.katana,Facebook,10245,41255866,3372506,44628372,MOBILE,0
833,1775858400000,2026-04-11T06:00:00,mock-device-uuid-12345,com.tencent.ig,PUBG Mobile,10352,18566352,1524571,20090923,MOBILE,0
834,1775858400000,2026-04-11T06:00:00,mock-device-uuid-12345,com.android.chrome,Chrome,10080,18327719,2954301,21282020,MOBILE,0
835,1775858400000,2026-04-11T06:00:00,mock-device-uuid-12345,com.spotify.music,Spotify,10299,8612074,654086,9266160,MOBILE,0
836,1775858400000,2026-04-11T06:00:00,mock-device-uuid-12345,com.instagram.android,Instagram,10246,9127543,1234646,10362189,MOBILE,0
837,1775862000000,2026-04-11T07:00:00,mock-device-uuid-12345,com.android.chrome,Chrome,10080,31494506,4554631,36049137,MOBILE,0
838,1775862000000,2026-04-11T07:00:00,mock-device-uuid-12345,com.facebook.katana,Facebook,10245,21506310,2582717,24089027,MOBILE,0
839,1775862000000,2026-04-11T07:00:00,mock-device-uuid-12345,com.instagram.android,Instagram,10246,7192980,1045451,8238431,MOBILE,0
840,1775862000000,2026-04-11T07:00:00,mock-device-uuid-12345,com.google.android.youtube,YouTube,10101,6069410,630701,6700111,MOBILE,0
841,1775862000000,2026-04-11T07:00:00,mock-device-uuid-12345,com.spotify.music,Spotify,10299,7562332,749700,8312032,MOBILE,0
842,1775865600000,2026-04-11T08:00:00,mock-device-uuid-12345,com.google.android.youtube,YouTube,10101,38945082,8954189,47899271,MOBILE,0
843,1775865600000,2026-04-11T08:00:00,mock-device-uuid-12345,com.instagram.android,Instagram,10246,23859753,1861528,25721281,MOBILE,0
844,1775865600000,2026-04-11T08:00:00,mock-device-uuid-12345,com.facebook.katana,Facebook,10245,1557999,142395,1700394,MOBILE,0
845,1775865600000,2026-04-11T08:00:00,mock-device-uuid-12345,com.android.chrome,Chrome,10080,13407778,1253670,14661448,MOBILE,0
846,1775869200000,2026-04-11T09:00:00,mock-device-uuid-12345,com.google.android.youtube,YouTube,10101,8837928,787339,9625267,MOBILE,0
847,1775869200000,2026-04-11T09:00:00,mock-device-uuid-12345,com.tencent.ig,PUBG Mobile,10352,15153163,1311282,16464445,MOBILE,0
848,1775869200000,2026-04-11T09:00:00,mock-device-uuid-12345,com.spotify.music,Spotify,10299,4803359,577660,5381019,MOBILE,0
849,1775869200000,2026-04-11T09:00:00,mock-device-uuid-12345,com.facebook.katana,Facebook,10245,5829682,704333,6534015,MOBILE,0
850,1775869200000,2026-04-11T09:00:00,mock-device-uuid-12345,com.instagram.android,Instagram,10246,6819610,1284254,8103864,MOBILE,0
851,1775872800000,2026-04-11T10:00:00,mock-device-uuid-12345,com.tencent.ig,PUBG Mobile,10352,23727057,1934531,25661588,MOBILE,0
852,1775872800000,2026-04-11T10:00:00,mock-device-uuid-12345,com.google.android.youtube,YouTube,10101,1294306,182291,1476597,MOBILE,0
853,1775872800000,2026-04-11T10:00:00,mock-device-uuid-12345,com.zhiliaoapp.musically,TikTok,10310,15120650,1034523,16155173,MOBILE,0
854,1775872800000,2026-04-11T10:00:00,mock-device-uuid-12345,com.facebook.katana,Facebook,10245,7903023,457940,8360963,MOBILE,0
855,1775876400000,2026-04-11T11:00:00,mock-device-uuid-12345,com.android.chrome,Chrome,10080,8828163,793787,9621950,MOBILE,0
856,1775876400000,2026-04-11T11:00:00,mock-device-uuid-12345,com.spotify.music,Spotify,10299,6309978,724011,7033989,MOBILE,0
857,1775876400000,2026-04-11T11:00:00,mock-device-uuid-12345,com.facebook.katana,Facebook,10245,53642291,11158358,64800649,MOBILE,0
858,1775876400000,2026-04-11T11:00:00,mock-device-uuid-12345,com.tencent.ig,PUBG Mobile,10352,17753068,2244828,19997896,MOBILE,0
859,1775876400000,2026-04-11T11:00:00,mock-device-uuid-12345,com.zhiliaoapp.musically,TikTok,10310,16862700,1385627,18248327,MOBILE,0
860,1775880000000,2026-04-11T12:00:00,mock-device-uuid-12345,com.google.android.youtube,YouTube,10101,38583242,4588091,43171333,MOBILE,0
861,1775880000000,2026-04-11T12:00:00,mock-device-uuid-12345,com.tencent.ig,PUBG Mobile,10352,10638616,1093245,11731861,MOBILE,0
862,1775880000000,2026-04-11T12:00:00,mock-device-uuid-12345,com.instagram.android,Instagram,10246,65781997,5123585,70905582,MOBILE,0
863,1775883600000,2026-04-11T13:00:00,mock-device-uuid-12345,com.facebook.katana,Facebook,10245,59217672,12892268,72109940,MOBILE,0
864,1775883600000,2026-04-11T13:00:00,mock-device-uuid-12345,com.tencent.ig,PUBG Mobile,10352,16497256,1101372,17598628,MOBILE,0
865,1775883600000,2026-04-11T13:00:00,mock-device-uuid-12345,com.instagram.android,Instagram,10246,14400971,1400484,15801455,MOBILE,0
866,1775887200000,2026-04-11T14:00:00,mock-device-uuid-12345,com.zhiliaoapp.musically,TikTok,10310,22325165,5373982,27699147,MOBILE,0
867,1775887200000,2026-04-11T14:00:00,mock-device-uuid-12345,com.facebook.katana,Facebook,10245,30707133,6613191,37320324,MOBILE,0
868,1775890800000,2026-04-11T15:00:00,mock-device-uuid-12345,com.spotify.music,Spotify,10299,31064400,4722247,35786647,MOBILE,0
869,1775890800000,2026-04-11T15:00:00,mock-device-uuid-12345,com.tencent.ig,PUBG Mobile,10352,11574936,743879,12318815,MOBILE,0
870,1775890800000,2026-04-11T15:00:00,mock-device-uuid-12345,com.facebook.katana,Facebook,10245,23553903,4015210,27569113,MOBILE,0
871,1775894400000,2026-04-11T16:00:00,mock-device-uuid-12345,com.instagram.android,Instagram,10246,9447011,1504327,10951338,MOBILE,0
872,1775894400000,2026-04-11T16:00:00,mock-device-uuid-12345,com.spotify.music,Spotify,10299,48492713,11192947,59685660,MOBILE,0
873,1775894400000,2026-04-11T16:00:00,mock-device-uuid-12345,com.zhiliaoapp.musically,TikTok,10310,11986536,1710271,13696807,MOBILE,0
874,1775894400000,2026-04-11T16:00:00,mock-device-uuid-12345,com.android.chrome,Chrome,10080,2693769,633828,3327597,MOBILE,0
875,1775894400000,2026-04-11T16:00:00,mock-device-uuid-12345,com.google.android.youtube,YouTube,10101,20358853,1690048,22048901,MOBILE,0
876,1775898000000,2026-04-11T17:00:00,mock-device-uuid-12345,com.google.android.youtube,YouTube,10101,32492920,7181726,39674646,MOBILE,0
877,1775898000000,2026-04-11T17:00:00,mock-device-uuid-12345,com.zhiliaoapp.musically,TikTok,10310,27563506,2171349,29734855,MOBILE,0
878,1775898000000,2026-04-11T17:00:00,mock-device-uuid-12345,com.tencent.ig,PUBG Mobile,10352,11020168,2001332,13021500,MOBILE,0
879,1775898000000,2026-04-11T17:00:00,mock-device-uuid-12345,com.spotify.music,Spotify,10299,8891795,1077973,9969768,MOBILE,0
880,1775898000000,2026-04-11T17:00:00,mock-device-uuid-12345,com.facebook.katana,Facebook,10245,7709027,1590539,9299566,MOBILE,0
881,1775901600000,2026-04-11T18:00:00,mock-device-uuid-12345,com.google.android.youtube,YouTube,10101,118861047,22941097,141802144,MOBILE,0
882,1775901600000,2026-04-11T18:00:00,mock-device-uuid-12345,com.tencent.ig,PUBG Mobile,10352,43774456,3975711,47750167,MOBILE,0
883,1775901600000,2026-04-11T18:00:00,mock-device-uuid-12345,com.facebook.katana,Facebook,10245,3764844,529445,4294289,MOBILE,0
884,1775901600000,2026-04-11T18:00:00,mock-device-uuid-12345,com.instagram.android,Instagram,10246,14967182,1176488,16143670,MOBILE,0
885,1775901600000,2026-04-11T18:00:00,mock-device-uuid-12345,com.android.chrome,Chrome,10080,28826125,1793731,30619856,MOBILE,0
886,1775905200000,2026-04-11T19:00:00,mock-device-uuid-12345,com.zhiliaoapp.musically,TikTok,10310,61188119,12297410,73485529,MOBILE,0
887,1775905200000,2026-04-11T19:00:00,mock-device-uuid-12345,com.instagram.android,Instagram,10246,70285873,8183237,78469110,MOBILE,0
888,1775905200000,2026-04-11T19:00:00,mock-device-uuid-12345,com.facebook.katana,Facebook,10245,19199023,1522438,20721461,MOBILE,0
889,1775905200000,2026-04-11T19:00:00,mock-device-uuid-12345,com.google.android.youtube,YouTube,10101,14743191,1512027,16255218,MOBILE,0
890,1775905200000,2026-04-11T19:00:00,mock-device-uuid-12345,com.android.chrome,Chrome,10080,13938459,2733115,16671574,MOBILE,0
891,1775908800000,2026-04-11T20:00:00,mock-device-uuid-12345,com.facebook.katana,Facebook,10245,83341661,20354923,103696584,MOBILE,0
892,1775908800000,2026-04-11T20:00:00,mock-device-uuid-12345,com.instagram.android,Instagram,10246,148107160,24771178,172878338,MOBILE,0
893,1775912400000,2026-04-11T21:00:00,mock-device-uuid-12345,com.tencent.ig,PUBG Mobile,10352,16778618,1499957,18278575,MOBILE,0
894,1775912400000,2026-04-11T21:00:00,mock-device-uuid-12345,com.google.android.youtube,YouTube,10101,34692558,2437025,37129583,MOBILE,0
895,1775912400000,2026-04-11T21:00:00,mock-device-uuid-12345,com.facebook.katana,Facebook,10245,67643165,6551471,74194636,MOBILE,0
896,1775912400000,2026-04-11T21:00:00,mock-device-uuid-12345,com.android.chrome,Chrome,10080,99003717,9305210,108308927,MOBILE,0
897,1775916000000,2026-04-11T22:00:00,mock-device-uuid-12345,com.tencent.ig,PUBG Mobile,10352,57609262,9640835,67250097,MOBILE,0
898,1775916000000,2026-04-11T22:00:00,mock-device-uuid-12345,com.zhiliaoapp.musically,TikTok,10310,28699774,2756770,31456544,MOBILE,0
899,1775916000000,2026-04-11T22:00:00,mock-device-uuid-12345,com.android.chrome,Chrome,10080,153761919,25269651,179031570,MOBILE,0
900,1775919600000,2026-04-11T23:00:00,mock-device-uuid-12345,com.android.chrome,Chrome,10080,25448851,3219750,28668601,MOBILE,0
901,1775919600000,2026-04-11T23:00:00,mock-device-uuid-12345,com.facebook.katana,Facebook,10245,119474077,7389558,126863635,MOBILE,0
902,1775923200000,2026-04-12T00:00:00,mock-device-uuid-12345,com.tencent.ig,PUBG Mobile,10352,9539816,955103,10494919,MOBILE,0
903,1775923200000,2026-04-12T00:00:00,mock-device-uuid-12345,com.zhiliaoapp.musically,TikTok,10310,24123931,4207611,28331542,MOBILE,0
904,1775926800000,2026-04-12T01:00:00,mock-device-uuid-12345,com.android.chrome,Chrome,10080,10727315,2455062,13182377,MOBILE,0
905,1775926800000,2026-04-12T01:00:00,mock-device-uuid-12345,com.instagram.android,Instagram,10246,4976043,612905,5588948,MOBILE,0
906,1775926800000,2026-04-12T01:00:00,mock-device-uuid-12345,com.facebook.katana,Facebook,10245,54144787,5915201,60059988,MOBILE,0
907,1775930400000,2026-04-12T02:00:00,mock-device-uuid-12345,com.facebook.katana,Facebook,10245,15604102,2968827,18572929,MOBILE,0
908,1775930400000,2026-04-12T02:00:00,mock-device-uuid-12345,com.zhiliaoapp.musically,TikTok,10310,9223968,2009900,11233868,MOBILE,0
909,1775930400000,2026-04-12T02:00:00,mock-device-uuid-12345,com.tencent.ig,PUBG Mobile,10352,690738,100082,790820,MOBILE,0
910,1775930400000,2026-04-12T02:00:00,mock-device-uuid-12345,com.android.chrome,Chrome,10080,11399627,1865737,13265364,MOBILE,0
911,1775934000000,2026-04-12T03:00:00,mock-device-uuid-12345,com.google.android.youtube,YouTube,10101,16142435,3427374,19569809,MOBILE,0
912,1775934000000,2026-04-12T03:00:00,mock-device-uuid-12345,com.android.chrome,Chrome,10080,10081899,2356394,12438293,MOBILE,0
913,1775934000000,2026-04-12T03:00:00,mock-device-uuid-12345,com.facebook.katana,Facebook,10245,1473415,218258,1691673,MOBILE,0
914,1775934000000,2026-04-12T03:00:00,mock-device-uuid-12345,com.zhiliaoapp.musically,TikTok,10310,1176138,244902,1421040,MOBILE,0
915,1775934000000,2026-04-12T03:00:00,mock-device-uuid-12345,com.spotify.music,Spotify,10299,2227747,269729,2497476,MOBILE,0
916,1775937600000,2026-04-12T04:00:00,mock-device-uuid-12345,com.facebook.katana,Facebook,10245,10283456,1004074,11287530,MOBILE,0
917,1775937600000,2026-04-12T04:00:00,mock-device-uuid-12345,com.android.chrome,Chrome,10080,3582484,236169,3818653,MOBILE,0
918,1775937600000,2026-04-12T04:00:00,mock-device-uuid-12345,com.tencent.ig,PUBG Mobile,10352,7039516,478319,7517835,MOBILE,0
919,1775937600000,2026-04-12T04:00:00,mock-device-uuid-12345,com.zhiliaoapp.musically,TikTok,10310,915399,177983,1093382,MOBILE,0
920,1775937600000,2026-04-12T04:00:00,mock-device-uuid-12345,com.instagram.android,Instagram,10246,9079104,1026152,10105256,MOBILE,0
921,1775941200000,2026-04-12T05:00:00,mock-device-uuid-12345,com.zhiliaoapp.musically,TikTok,10310,30009490,4568489,34577979,MOBILE,0
922,1775941200000,2026-04-12T05:00:00,mock-device-uuid-12345,com.tencent.ig,PUBG Mobile,10352,13874742,3055091,16929833,MOBILE,0
923,1775941200000,2026-04-12T05:00:00,mock-device-uuid-12345,com.spotify.music,Spotify,10299,6352434,1181816,7534250,MOBILE,0
924,1775944800000,2026-04-12T06:00:00,mock-device-uuid-12345,com.facebook.katana,Facebook,10245,22456896,5597320,28054216,MOBILE,0
925,1775944800000,2026-04-12T06:00:00,mock-device-uuid-12345,com.zhiliaoapp.musically,TikTok,10310,28485217,4688366,33173583,MOBILE,0
926,1775944800000,2026-04-12T06:00:00,mock-device-uuid-12345,com.google.android.youtube,YouTube,10101,19483900,4316383,23800283,MOBILE,0
927,1775948400000,2026-04-12T07:00:00,mock-device-uuid-12345,com.instagram.android,Instagram,10246,19030586,4314376,23344962,MOBILE,0
928,1775948400000,2026-04-12T07:00:00,mock-device-uuid-12345,com.android.chrome,Chrome,10080,17059793,1306281,18366074,MOBILE,0
929,1775948400000,2026-04-12T07:00:00,mock-device-uuid-12345,com.facebook.katana,Facebook,10245,14636033,904847,15540880,MOBILE,0
930,1775948400000,2026-04-12T07:00:00,mock-device-uuid-12345,com.spotify.music,Spotify,10299,12608302,1399785,14008087,MOBILE,0
931,1775948400000,2026-04-12T07:00:00,mock-device-uuid-12345,com.google.android.youtube,YouTube,10101,26838768,3385558,30224326,MOBILE,0
932,1775952000000,2026-04-12T08:00:00,mock-device-uuid-12345,com.android.chrome,Chrome,10080,44489414,9784221,54273635,MOBILE,0
933,1775952000000,2026-04-12T08:00:00,mock-device-uuid-12345,com.tencent.ig,PUBG Mobile,10352,4216202,273337,4489539,MOBILE,0
934,1775952000000,2026-04-12T08:00:00,mock-device-uuid-12345,com.instagram.android,Instagram,10246,15949212,2616760,18565972,MOBILE,0
935,1775952000000,2026-04-12T08:00:00,mock-device-uuid-12345,com.facebook.katana,Facebook,10245,8352484,1159203,9511687,MOBILE,0
936,1775952000000,2026-04-12T08:00:00,mock-device-uuid-12345,com.google.android.youtube,YouTube,10101,4717315,628247,5345562,MOBILE,0
937,1775955600000,2026-04-12T09:00:00,mock-device-uuid-12345,com.spotify.music,Spotify,10299,58421897,4541437,62963334,MOBILE,0
938,1775955600000,2026-04-12T09:00:00,mock-device-uuid-12345,com.tencent.ig,PUBG Mobile,10352,8230040,1032962,9263002,MOBILE,0
939,1775955600000,2026-04-12T09:00:00,mock-device-uuid-12345,com.android.chrome,Chrome,10080,24733342,3543079,28276421,MOBILE,0
940,1775959200000,2026-04-12T10:00:00,mock-device-uuid-12345,com.tencent.ig,PUBG Mobile,10352,48923846,4611856,53535702,MOBILE,0
941,1775959200000,2026-04-12T10:00:00,mock-device-uuid-12345,com.zhiliaoapp.musically,TikTok,10310,46676045,8941239,55617284,MOBILE,0
942,1775962800000,2026-04-12T11:00:00,mock-device-uuid-12345,com.google.android.youtube,YouTube,10101,16196146,3053221,19249367,MOBILE,0
943,1775962800000,2026-04-12T11:00:00,mock-device-uuid-12345,com.tencent.ig,PUBG Mobile,10352,12537226,1267839,13805065,MOBILE,0
944,1775962800000,2026-04-12T11:00:00,mock-device-uuid-12345,com.facebook.katana,Facebook,10245,13068294,2026350,15094644,MOBILE,0
945,1775962800000,2026-04-12T11:00:00,mock-device-uuid-12345,com.android.chrome,Chrome,10080,1621559,163112,1784671,MOBILE,0
946,1775962800000,2026-04-12T11:00:00,mock-device-uuid-12345,com.instagram.android,Instagram,10246,12265253,2598066,14863319,MOBILE,0
947,1775966400000,2026-04-12T12:00:00,mock-device-uuid-12345,com.android.chrome,Chrome,10080,37807006,2749000,40556006,MOBILE,0
948,1775966400000,2026-04-12T12:00:00,mock-device-uuid-12345,com.tencent.ig,PUBG Mobile,10352,11660682,673062,12333744,MOBILE,0
949,1775966400000,2026-04-12T12:00:00,mock-device-uuid-12345,com.instagram.android,Instagram,10246,7052301,1001054,8053355,MOBILE,0
950,1775966400000,2026-04-12T12:00:00,mock-device-uuid-12345,com.google.android.youtube,YouTube,10101,9848151,728650,10576801,MOBILE,0
951,1775970000000,2026-04-12T13:00:00,mock-device-uuid-12345,com.android.chrome,Chrome,10080,32300027,2121584,34421611,MOBILE,0
952,1775970000000,2026-04-12T13:00:00,mock-device-uuid-12345,com.instagram.android,Instagram,10246,6959297,1288199,8247496,MOBILE,0
953,1775970000000,2026-04-12T13:00:00,mock-device-uuid-12345,com.facebook.katana,Facebook,10245,38827674,8114647,46942321,MOBILE,0
954,1775970000000,2026-04-12T13:00:00,mock-device-uuid-12345,com.spotify.music,Spotify,10299,22255709,3885949,26141658,MOBILE,0
955,1775970000000,2026-04-12T13:00:00,mock-device-uuid-12345,com.tencent.ig,PUBG Mobile,10352,16300500,3682686,19983186,MOBILE,0
956,1775973600000,2026-04-12T14:00:00,mock-device-uuid-12345,com.google.android.youtube,YouTube,10101,20471013,2063526,22534539,MOBILE,0
957,1775973600000,2026-04-12T14:00:00,mock-device-uuid-12345,com.instagram.android,Instagram,10246,43067620,6351335,49418955,MOBILE,0
958,1775977200000,2026-04-12T15:00:00,mock-device-uuid-12345,com.google.android.youtube,YouTube,10101,14238862,3528071,17766933,MOBILE,0
959,1775977200000,2026-04-12T15:00:00,mock-device-uuid-12345,com.android.chrome,Chrome,10080,37850213,7859388,45709601,MOBILE,0
960,1775977200000,2026-04-12T15:00:00,mock-device-uuid-12345,com.zhiliaoapp.musically,TikTok,10310,14548029,1835299,16383328,MOBILE,0
961,1775977200000,2026-04-12T15:00:00,mock-device-uuid-12345,com.facebook.katana,Facebook,10245,7038745,1684568,8723313,MOBILE,0
962,1775980800000,2026-04-12T16:00:00,mock-device-uuid-12345,com.facebook.katana,Facebook,10245,8847952,1036783,9884735,MOBILE,0
963,1775980800000,2026-04-12T16:00:00,mock-device-uuid-12345,com.spotify.music,Spotify,10299,54359514,5197031,59556545,MOBILE,0
964,1775980800000,2026-04-12T16:00:00,mock-device-uuid-12345,com.tencent.ig,PUBG Mobile,10352,12626403,3031396,15657799,MOBILE,0
965,1775980800000,2026-04-12T16:00:00,mock-device-uuid-12345,com.android.chrome,Chrome,10080,1684193,164648,1848841,MOBILE,0
966,1775980800000,2026-04-12T16:00:00,mock-device-uuid-12345,com.instagram.android,Instagram,10246,11785532,2131168,13916700,MOBILE,0
967,1775984400000,2026-04-12T17:00:00,mock-device-uuid-12345,com.zhiliaoapp.musically,TikTok,10310,18784423,1240148,20024571,MOBILE,0
968,1775984400000,2026-04-12T17:00:00,mock-device-uuid-12345,com.google.android.youtube,YouTube,10101,47923655,5656356,53580011,MOBILE,0
969,1775988000000,2026-04-12T18:00:00,mock-device-uuid-12345,com.tencent.ig,PUBG Mobile,10352,86722760,16354741,103077501,MOBILE,0
970,1775988000000,2026-04-12T18:00:00,mock-device-uuid-12345,com.android.chrome,Chrome,10080,9204846,1370111,10574957,MOBILE,0
971,1775988000000,2026-04-12T18:00:00,mock-device-uuid-12345,com.google.android.youtube,YouTube,10101,16116348,1925770,18042118,MOBILE,0
972,1775988000000,2026-04-12T18:00:00,mock-device-uuid-12345,com.zhiliaoapp.musically,TikTok,10310,97066220,13634531,110700751,MOBILE,0
973,1775991600000,2026-04-12T19:00:00,mock-device-uuid-12345,com.android.chrome,Chrome,10080,135070105,9734321,144804426,MOBILE,0
974,1775991600000,2026-04-12T19:00:00,mock-device-uuid-12345,com.instagram.android,Instagram,10246,5089917,1210657,6300574,MOBILE,0
975,1775991600000,2026-04-12T19:00:00,mock-device-uuid-12345,com.spotify.music,Spotify,10299,17107458,3314308,20421766,MOBILE,0
976,1775991600000,2026-04-12T19:00:00,mock-device-uuid-12345,com.google.android.youtube,YouTube,10101,5537632,326261,5863893,MOBILE,0
977,1775991600000,2026-04-12T19:00:00,mock-device-uuid-12345,com.tencent.ig,PUBG Mobile,10352,31505566,5865350,37370916,MOBILE,0
978,1775995200000,2026-04-12T20:00:00,mock-device-uuid-12345,com.facebook.katana,Facebook,10245,148721517,29915778,178637295,MOBILE,0
979,1775995200000,2026-04-12T20:00:00,mock-device-uuid-12345,com.google.android.youtube,YouTube,10101,82650208,14169846,96820054,MOBILE,0
980,1775998800000,2026-04-12T21:00:00,mock-device-uuid-12345,com.google.android.youtube,YouTube,10101,40790656,4083676,44874332,MOBILE,0
981,1775998800000,2026-04-12T21:00:00,mock-device-uuid-12345,com.zhiliaoapp.musically,TikTok,10310,132780619,10055782,142836401,MOBILE,0
982,1775998800000,2026-04-12T21:00:00,mock-device-uuid-12345,com.tencent.ig,PUBG Mobile,10352,59756069,5824069,65580138,MOBILE,0
983,1776002400000,2026-04-12T22:00:00,mock-device-uuid-12345,com.facebook.katana,Facebook,10245,75795637,9202866,84998503,MOBILE,0
984,1776002400000,2026-04-12T22:00:00,mock-device-uuid-12345,com.android.chrome,Chrome,10080,46059217,7723648,53782865,MOBILE,0
985,1776002400000,2026-04-12T22:00:00,mock-device-uuid-12345,com.spotify.music,Spotify,10299,49368873,5229539,54598412,MOBILE,0
986,1776002400000,2026-04-12T22:00:00,mock-device-uuid-12345,com.tencent.ig,PUBG Mobile,10352,37296114,2992135,40288249,MOBILE,0
987,1776006000000,2026-04-12T23:00:00,mock-device-uuid-12345,com.android.chrome,Chrome,10080,57391140,8793384,66184524,MOBILE,0
988,1776006000000,2026-04-12T23:00:00,mock-device-uuid-12345,com.facebook.katana,Facebook,10245,29312760,5216585,34529345,MOBILE,0
989,1776006000000,2026-04-12T23:00:00,mock-device-uuid-12345,com.spotify.music,Spotify,10299,5970647,1027863,6998510,MOBILE,0
990,1776006000000,2026-04-12T23:00:00,mock-device-uuid-12345,com.google.android.youtube,YouTube,10101,4183935,917814,5101749,MOBILE,0
991,1776006000000,2026-04-12T23:00:00,mock-device-uuid-12345,com.instagram.android,Instagram,10246,4227089,1020575,5247664,MOBILE,0
992,1776009600000,2026-04-13T00:00:00,mock-device-uuid-12345,com.instagram.android,Instagram,10246,0,0,0,MOBILE,0
993,1776009600000,2026-04-13T00:00:00,mock-device-uuid-12345,com.tencent.ig,PUBG Mobile,10352,0,0,0,MOBILE,0
994,1776013200000,2026-04-13T01:00:00,mock-device-uuid-12345,com.zhiliaoapp.musically,TikTok,10310,4405937,469197,4875134,MOBILE,0
995,1776013200000,2026-04-13T01:00:00,mock-device-uuid-12345,com.instagram.android,Instagram,10246,5490505,663940,6154445,MOBILE,0
996,1776013200000,2026-04-13T01:00:00,mock-device-uuid-12345,com.google.android.youtube,YouTube,10101,4186803,475198,4662001,MOBILE,0
997,1776013200000,2026-04-13T01:00:00,mock-device-uuid-12345,com.spotify.music,Spotify,10299,2855272,396406,3251678,MOBILE,0
998,1776016800000,2026-04-13T02:00:00,mock-device-uuid-12345,com.android.chrome,Chrome,10080,829740,124112,953852,MOBILE,0
999,1776016800000,2026-04-13T02:00:00,mock-device-uuid-12345,com.instagram.android,Instagram,10246,2367883,272364,2640247,MOBILE,0
1000,1776020400000,2026-04-13T03:00:00,mock-device-uuid-12345,com.facebook.katana,Facebook,10245,612914,149629,762543,MOBILE,0
1001,1776020400000,2026-04-13T03:00:00,mock-device-uuid-12345,com.zhiliaoapp.musically,TikTok,10310,938079,93574,1031653,MOBILE,0
1002,1776020400000,2026-04-13T03:00:00,mock-device-uuid-12345,com.spotify.music,Spotify,10299,118189,17203,135392,MOBILE,0
1003,1776020400000,2026-04-13T03:00:00,mock-device-uuid-12345,com.tencent.ig,PUBG Mobile,10352,337286,65996,403282,MOBILE,0
1004,1776024000000,2026-04-13T04:00:00,mock-device-uuid-12345,com.tencent.ig,PUBG Mobile,10352,5523305,313161,5836466,MOBILE,0
1005,1776024000000,2026-04-13T04:00:00,mock-device-uuid-12345,com.instagram.android,Instagram,10246,1665127,257317,1922444,MOBILE,0
1006,1776024000000,2026-04-13T04:00:00,mock-device-uuid-12345,com.facebook.katana,Facebook,10245,920894,140696,1061590,MOBILE,0
1007,1776024000000,2026-04-13T04:00:00,mock-device-uuid-12345,com.google.android.youtube,YouTube,10101,10290945,2070732,12361677,MOBILE,0
1008,1776027600000,2026-04-13T05:00:00,mock-device-uuid-12345,com.facebook.katana,Facebook,10245,1284029,86537,1370566,MOBILE,0
1009,1776027600000,2026-04-13T05:00:00,mock-device-uuid-12345,com.tencent.ig,PUBG Mobile,10352,8007318,426615,8433933,MOBILE,0
1010,1776031200000,2026-04-13T06:00:00,mock-device-uuid-12345,com.facebook.katana,Facebook,10245,10044830,2494165,12538995,MOBILE,0
1011,1776031200000,2026-04-13T06:00:00,mock-device-uuid-12345,com.instagram.android,Instagram,10246,641675,136775,778450,MOBILE,0
1012,1776031200000,2026-04-13T06:00:00,mock-device-uuid-12345,com.zhiliaoapp.musically,TikTok,10310,1577004,135796,1712800,MOBILE,0
1013,1776031200000,2026-04-13T06:00:00,mock-device-uuid-12345,com.android.chrome,Chrome,10080,4143031,539622,4682653,MOBILE,0
1014,1776031200000,2026-04-13T06:00:00,mock-device-uuid-12345,com.google.android.youtube,YouTube,10101,7026362,1314549,8340911,MOBILE,0
1015,1776034800000,2026-04-13T07:00:00,mock-device-uuid-12345,com.spotify.music,Spotify,10299,24993295,4702023,29695318,MOBILE,0
1016,1776034800000,2026-04-13T07:00:00,mock-device-uuid-12345,com.facebook.katana,Facebook,10245,15019829,1492989,16512818,MOBILE,0
1017,1776034800000,2026-04-13T07:00:00,mock-device-uuid-12345,com.zhiliaoapp.musically,TikTok,10310,2288038,375911,2663949,MOBILE,0
1018,1776034800000,2026-04-13T07:00:00,mock-device-uuid-12345,com.instagram.android,Instagram,10246,296638,25015,321653,MOBILE,0
1019,1776034800000,2026-04-13T07:00:00,mock-device-uuid-12345,com.android.chrome,Chrome,10080,4201957,831200,5033157,MOBILE,0
1020,1776038400000,2026-04-13T08:00:00,mock-device-uuid-12345,com.facebook.katana,Facebook,10245,10559712,1174328,11734040,MOBILE,0
1021,1776038400000,2026-04-13T08:00:00,mock-device-uuid-12345,com.zhiliaoapp.musically,TikTok,10310,41156465,5326643,46483108,MOBILE,0
1022,1776042000000,2026-04-13T09:00:00,mock-device-uuid-12345,com.zhiliaoapp.musically,TikTok,10310,3612380,227160,3839540,MOBILE,0
1023,1776042000000,2026-04-13T09:00:00,mock-device-uuid-12345,com.facebook.katana,Facebook,10245,28878905,5276769,34155674,MOBILE,0
1024,1776042000000,2026-04-13T09:00:00,mock-device-uuid-12345,com.instagram.android,Instagram,10246,14370161,3121071,17491232,MOBILE,0
1025,1776045600000,2026-04-13T10:00:00,mock-device-uuid-12345,com.facebook.katana,Facebook,10245,13792169,2291975,16084144,MOBILE,0
1026,1776045600000,2026-04-13T10:00:00,mock-device-uuid-12345,com.tencent.ig,PUBG Mobile,10352,14420414,2290628,16711042,MOBILE,0
1027,1776045600000,2026-04-13T10:00:00,mock-device-uuid-12345,com.android.chrome,Chrome,10080,2362919,276259,2639178,MOBILE,0
1028,1776045600000,2026-04-13T10:00:00,mock-device-uuid-12345,com.zhiliaoapp.musically,TikTok,10310,6187274,525662,6712936,MOBILE,0
1029,1776049200000,2026-04-13T11:00:00,mock-device-uuid-12345,com.android.chrome,Chrome,10080,6227422,1487550,7714972,MOBILE,0
1030,1776049200000,2026-04-13T11:00:00,mock-device-uuid-12345,com.tencent.ig,PUBG Mobile,10352,50511093,7568303,58079396,MOBILE,0
1031,1776052800000,2026-04-13T12:00:00,mock-device-uuid-12345,com.android.chrome,Chrome,10080,5295638,415257,5710895,MOBILE,0
1032,1776052800000,2026-04-13T12:00:00,mock-device-uuid-12345,com.tencent.ig,PUBG Mobile,10352,2800174,432030,3232204,MOBILE,0
1033,1776052800000,2026-04-13T12:00:00,mock-device-uuid-12345,com.google.android.youtube,YouTube,10101,1015285,189796,1205081,MOBILE,0
1034,1776052800000,2026-04-13T12:00:00,mock-device-uuid-12345,com.instagram.android,Instagram,10246,3055625,277362,3332987,MOBILE,0
1035,1776052800000,2026-04-13T12:00:00,mock-device-uuid-12345,com.zhiliaoapp.musically,TikTok,10310,12377944,669230,13047174,MOBILE,0
1036,1776056400000,2026-04-13T13:00:00,mock-device-uuid-12345,com.google.android.youtube,YouTube,10101,22873512,3682675,26556187,MOBILE,0
1037,1776056400000,2026-04-13T13:00:00,mock-device-uuid-12345,com.android.chrome,Chrome,10080,19009062,4588979,23598041,MOBILE,0
1038,1776060000000,2026-04-13T14:00:00,mock-device-uuid-12345,com.tencent.ig,PUBG Mobile,10352,31717162,7519504,39236666,MOBILE,0
1039,1776060000000,2026-04-13T14:00:00,mock-device-uuid-12345,com.instagram.android,Instagram,10246,11632798,2854239,14487037,MOBILE,0
1040,1776060000000,2026-04-13T14:00:00,mock-device-uuid-12345,com.zhiliaoapp.musically,TikTok,10310,3968087,501389,4469476,MOBILE,0
1041,1776060000000,2026-04-13T14:00:00,mock-device-uuid-12345,com.facebook.katana,Facebook,10245,4808487,313657,5122144,MOBILE,0
1042,1776063600000,2026-04-13T15:00:00,mock-device-uuid-12345,com.tencent.ig,PUBG Mobile,10352,2096638,214261,2310899,MOBILE,0
1043,1776063600000,2026-04-13T15:00:00,mock-device-uuid-12345,com.facebook.katana,Facebook,10245,6904962,979660,7884622,MOBILE,0
1044,1776063600000,2026-04-13T15:00:00,mock-device-uuid-12345,com.android.chrome,Chrome,10080,31572644,3804204,35376848,MOBILE,0
1045,1776067200000,2026-04-13T16:00:00,mock-device-uuid-12345,com.zhiliaoapp.musically,TikTok,10310,8600772,1437866,10038638,MOBILE,0
1046,1776067200000,2026-04-13T16:00:00,mock-device-uuid-12345,com.instagram.android,Instagram,10246,940912,173949,1114861,MOBILE,0
1047,1776067200000,2026-04-13T16:00:00,mock-device-uuid-12345,com.android.chrome,Chrome,10080,4498427,249098,4747525,MOBILE,0
1048,1776070800000,2026-04-13T17:00:00,mock-device-uuid-12345,com.zhiliaoapp.musically,TikTok,10310,10764473,2398059,13162532,MOBILE,0
1049,1776070800000,2026-04-13T17:00:00,mock-device-uuid-12345,com.spotify.music,Spotify,10299,4464879,421054,4885933,MOBILE,0
1050,1776070800000,2026-04-13T17:00:00,mock-device-uuid-12345,com.google.android.youtube,YouTube,10101,2090583,482308,2572891,MOBILE,0
1051,1776070800000,2026-04-13T17:00:00,mock-device-uuid-12345,com.tencent.ig,PUBG Mobile,10352,15835026,3347876,19182902,MOBILE,0
1052,1776074400000,2026-04-13T18:00:00,mock-device-uuid-12345,com.zhiliaoapp.musically,TikTok,10310,80879433,15144593,96024026,MOBILE,0
1053,1776074400000,2026-04-13T18:00:00,mock-device-uuid-12345,com.android.chrome,Chrome,10080,18965280,2883462,21848742,MOBILE,0
1054,1776074400000,2026-04-13T18:00:00,mock-device-uuid-12345,com.google.android.youtube,YouTube,10101,60721966,11575847,72297813,MOBILE,0
1055,1776078000000,2026-04-13T19:00:00,mock-device-uuid-12345,com.instagram.android,Instagram,10246,9029754,995399,10025153,MOBILE,0
1056,1776078000000,2026-04-13T19:00:00,mock-device-uuid-12345,com.google.android.youtube,YouTube,10101,92602935,10440863,103043798,MOBILE,0
1057,1776078000000,2026-04-13T19:00:00,mock-device-uuid-12345,com.zhiliaoapp.musically,TikTok,10310,15802173,2580269,18382442,MOBILE,0
1058,1776078000000,2026-04-13T19:00:00,mock-device-uuid-12345,com.facebook.katana,Facebook,10245,23831524,4250055,28081579,MOBILE,0
1059,1776081600000,2026-04-13T20:00:00,mock-device-uuid-12345,com.google.android.youtube,YouTube,10101,73329508,15304530,88634038,MOBILE,0
1060,1776081600000,2026-04-13T20:00:00,mock-device-uuid-12345,com.zhiliaoapp.musically,TikTok,10310,104409454,21589004,125998458,MOBILE,0
1061,1776085200000,2026-04-13T21:00:00,mock-device-uuid-12345,com.facebook.katana,Facebook,10245,89399690,17496898,106896588,MOBILE,0
1062,1776085200000,2026-04-13T21:00:00,mock-device-uuid-12345,com.zhiliaoapp.musically,TikTok,10310,18286906,4280157,22567063,MOBILE,0
1063,1776085200000,2026-04-13T21:00:00,mock-device-uuid-12345,com.spotify.music,Spotify,10299,9706396,893478,10599874,MOBILE,0
1064,1776085200000,2026-04-13T21:00:00,mock-device-uuid-12345,com.tencent.ig,PUBG Mobile,10352,44186653,3624021,47810674,MOBILE,0
1065,1776088800000,2026-04-13T22:00:00,mock-device-uuid-12345,com.tencent.ig,PUBG Mobile,10352,33237111,3524159,36761270,MOBILE,0
1066,1776088800000,2026-04-13T22:00:00,mock-device-uuid-12345,com.instagram.android,Instagram,10246,26327130,2859781,29186911,MOBILE,0
1067,1776088800000,2026-04-13T22:00:00,mock-device-uuid-12345,com.android.chrome,Chrome,10080,67194174,14427612,81621786,MOBILE,0
1068,1776088800000,2026-04-13T22:00:00,mock-device-uuid-12345,com.google.android.youtube,YouTube,10101,18580597,2312173,20892770,MOBILE,0
1069,1776088800000,2026-04-13T22:00:00,mock-device-uuid-12345,com.zhiliaoapp.musically,TikTok,10310,65867859,4795795,70663654,MOBILE,0
1070,1776092400000,2026-04-13T23:00:00,mock-device-uuid-12345,com.spotify.music,Spotify,10299,50875075,8975570,59850645,MOBILE,0
1071,1776092400000,2026-04-13T23:00:00,mock-device-uuid-12345,com.instagram.android,Instagram,10246,9878386,786161,10664547,MOBILE,0
1072,1776092400000,2026-04-13T23:00:00,mock-device-uuid-12345,com.facebook.katana,Facebook,10245,21974384,3008748,24983132,MOBILE,0
1073,1776096000000,2026-04-14T00:00:00,mock-device-uuid-12345,com.instagram.android,Instagram,10246,578123,43552,621675,MOBILE,0
1074,1776096000000,2026-04-14T00:00:00,mock-device-uuid-12345,com.zhiliaoapp.musically,TikTok,10310,260146,50389,310535,MOBILE,0
1075,1776096000000,2026-04-14T00:00:00,mock-device-uuid-12345,com.tencent.ig,PUBG Mobile,10352,31970,6353,38323,MOBILE,0
1076,1776096000000,2026-04-14T00:00:00,mock-device-uuid-12345,com.android.chrome,Chrome,10080,108194,17568,125762,MOBILE,0
1077,1776096000000,2026-04-14T00:00:00,mock-device-uuid-12345,com.spotify.music,Spotify,10299,49600,11625,61225,MOBILE,0
1078,1776099600000,2026-04-14T01:00:00,mock-device-uuid-12345,com.google.android.youtube,YouTube,10101,4004075,483107,4487182,MOBILE,0
1079,1776099600000,2026-04-14T01:00:00,mock-device-uuid-12345,com.facebook.katana,Facebook,10245,2779435,653798,3433233,MOBILE,0
1080,1776099600000,2026-04-14T01:00:00,mock-device-uuid-12345,com.tencent.ig,PUBG Mobile,10352,5244451,415589,5660040,MOBILE,0
1081,1776099600000,2026-04-14T01:00:00,mock-device-uuid-12345,com.zhiliaoapp.musically,TikTok,10310,286703,67388,354091,MOBILE,0
1082,1776099600000,2026-04-14T01:00:00,mock-device-uuid-12345,com.instagram.android,Instagram,10246,5764276,535021,6299297,MOBILE,0
1083,1776103200000,2026-04-14T02:00:00,mock-device-uuid-12345,com.instagram.android,Instagram,10246,318322,20419,338741,MOBILE,0
1084,1776103200000,2026-04-14T02:00:00,mock-device-uuid-12345,com.google.android.youtube,YouTube,10101,197131,26487,223618,MOBILE,0
1085,1776103200000,2026-04-14T02:00:00,mock-device-uuid-12345,com.android.chrome,Chrome,10080,287275,58990,346265,MOBILE,0
1086,1776103200000,2026-04-14T02:00:00,mock-device-uuid-12345,com.spotify.music,Spotify,10299,678372,131185,809557,MOBILE,0
1087,1776103200000,2026-04-14T02:00:00,mock-device-uuid-12345,com.zhiliaoapp.musically,TikTok,10310,351875,77110,428985,MOBILE,0
1088,1776106800000,2026-04-14T03:00:00,mock-device-uuid-12345,com.instagram.android,Instagram,10246,3491428,572061,4063489,MOBILE,0
1089,1776106800000,2026-04-14T03:00:00,mock-device-uuid-12345,com.spotify.music,Spotify,10299,2210058,234859,2444917,MOBILE,0
1090,1776110400000,2026-04-14T04:00:00,mock-device-uuid-12345,com.spotify.music,Spotify,10299,14321092,1836566,16157658,MOBILE,0
1091,1776110400000,2026-04-14T04:00:00,mock-device-uuid-12345,com.android.chrome,Chrome,10080,3606734,687043,4293777,MOBILE,0
1092,1776110400000,2026-04-14T04:00:00,mock-device-uuid-12345,com.instagram.android,Instagram,10246,4127764,386031,4513795,MOBILE,0
1093,1776114000000,2026-04-14T05:00:00,mock-device-uuid-12345,com.facebook.katana,Facebook,10245,1114768,240808,1355576,MOBILE,0
1094,1776114000000,2026-04-14T05:00:00,mock-device-uuid-12345,com.zhiliaoapp.musically,TikTok,10310,7366808,400952,7767760,MOBILE,0
1095,1776114000000,2026-04-14T05:00:00,mock-device-uuid-12345,com.spotify.music,Spotify,10299,2581053,234345,2815398,MOBILE,0
1096,1776114000000,2026-04-14T05:00:00,mock-device-uuid-12345,com.android.chrome,Chrome,10080,579030,70987,650017,MOBILE,0
1097,1776114000000,2026-04-14T05:00:00,mock-device-uuid-12345,com.google.android.youtube,YouTube,10101,5915453,551041,6466494,MOBILE,0
1098,1776117600000,2026-04-14T06:00:00,mock-device-uuid-12345,com.spotify.music,Spotify,10299,9054498,2260694,11315192,MOBILE,0
1099,1776117600000,2026-04-14T06:00:00,mock-device-uuid-12345,com.instagram.android,Instagram,10246,6298438,1518284,7816722,MOBILE,0
1100,1776117600000,2026-04-14T06:00:00,mock-device-uuid-12345,com.tencent.ig,PUBG Mobile,10352,21835323,1603447,23438770,MOBILE,0
1101,1776117600000,2026-04-14T06:00:00,mock-device-uuid-12345,com.zhiliaoapp.musically,TikTok,10310,10172583,2507446,12680029,MOBILE,0
1102,1776117600000,2026-04-14T06:00:00,mock-device-uuid-12345,com.google.android.youtube,YouTube,10101,6984222,607166,7591388,MOBILE,0
1103,1776121200000,2026-04-14T07:00:00,mock-device-uuid-12345,com.instagram.android,Instagram,10246,19711554,4342595,24054149,MOBILE,0
1104,1776121200000,2026-04-14T07:00:00,mock-device-uuid-12345,com.tencent.ig,PUBG Mobile,10352,7771479,848451,8619930,MOBILE,0
1105,1776121200000,2026-04-14T07:00:00,mock-device-uuid-12345,com.android.chrome,Chrome,10080,2530249,593648,3123897,MOBILE,0
1106,1776121200000,2026-04-14T07:00:00,mock-device-uuid-12345,com.facebook.katana,Facebook,10245,1263038,94044,1357082,MOBILE,0
1107,1776121200000,2026-04-14T07:00:00,mock-device-uuid-12345,com.zhiliaoapp.musically,TikTok,10310,818217,51547,869764,MOBILE,0
1108,1776124800000,2026-04-14T08:00:00,mock-device-uuid-12345,com.zhiliaoapp.musically,TikTok,10310,9174893,2079030,11253923,MOBILE,0
1109,1776124800000,2026-04-14T08:00:00,mock-device-uuid-12345,com.instagram.android,Instagram,10246,4758391,554080,5312471,MOBILE,0
1110,1776124800000,2026-04-14T08:00:00,mock-device-uuid-12345,com.tencent.ig,PUBG Mobile,10352,2088787,372272,2461059,MOBILE,0
1111,1776124800000,2026-04-14T08:00:00,mock-device-uuid-12345,com.android.chrome,Chrome,10080,4888763,427732,5316495,MOBILE,0
1112,1776128400000,2026-04-14T09:00:00,mock-device-uuid-12345,com.facebook.katana,Facebook,10245,31638101,7678480,39316581,MOBILE,0
1113,1776128400000,2026-04-14T09:00:00,mock-device-uuid-12345,com.google.android.youtube,YouTube,10101,5584396,993553,6577949,MOBILE,0
1114,1776128400000,2026-04-14T09:00:00,mock-device-uuid-12345,com.instagram.android,Instagram,10246,3750198,279958,4030156,MOBILE,0
1115,1776128400000,2026-04-14T09:00:00,mock-device-uuid-12345,com.tencent.ig,PUBG Mobile,10352,2244241,314789,2559030,MOBILE,0
1116,1776128400000,2026-04-14T09:00:00,mock-device-uuid-12345,com.zhiliaoapp.musically,TikTok,10310,5021871,524285,5546156,MOBILE,0
1117,1776132000000,2026-04-14T10:00:00,mock-device-uuid-12345,com.instagram.android,Instagram,10246,31787546,5051246,36838792,MOBILE,0
1118,1776132000000,2026-04-14T10:00:00,mock-device-uuid-12345,com.android.chrome,Chrome,10080,3782304,264039,4046343,MOBILE,0
1119,1776132000000,2026-04-14T10:00:00,mock-device-uuid-12345,com.spotify.music,Spotify,10299,12109628,1850059,13959687,MOBILE,0
1120,1776135600000,2026-04-14T11:00:00,mock-device-uuid-12345,com.instagram.android,Instagram,10246,4782519,1077015,5859534,MOBILE,0
1121,1776135600000,2026-04-14T11:00:00,mock-device-uuid-12345,com.tencent.ig,PUBG Mobile,10352,52672030,6036600,58708630,MOBILE,0
1122,1776139200000,2026-04-14T12:00:00,mock-device-uuid-12345,com.google.android.youtube,YouTube,10101,29826924,6357379,36184303,MOBILE,0
1123,1776139200000,2026-04-14T12:00:00,mock-device-uuid-12345,com.spotify.music,Spotify,10299,15149231,2272711,17421942,MOBILE,0
1124,1776142800000,2026-04-14T13:00:00,mock-device-uuid-12345,com.instagram.android,Instagram,10246,16841879,3529246,20371125,MOBILE,0
1125,1776142800000,2026-04-14T13:00:00,mock-device-uuid-12345,com.zhiliaoapp.musically,TikTok,10310,4697120,552997,5250117,MOBILE,0
1126,1776142800000,2026-04-14T13:00:00,mock-device-uuid-12345,com.android.chrome,Chrome,10080,7801153,1926490,9727643,MOBILE,0
1127,1776142800000,2026-04-14T13:00:00,mock-device-uuid-12345,com.tencent.ig,PUBG Mobile,10352,11939736,2769519,14709255,MOBILE,0
1128,1776142800000,2026-04-14T13:00:00,mock-device-uuid-12345,com.facebook.katana,Facebook,10245,6301254,414388,6715642,MOBILE,0
1129,1776146400000,2026-04-14T14:00:00,mock-device-uuid-12345,com.facebook.katana,Facebook,10245,46050726,2698212,48748938,MOBILE,0
1130,1776146400000,2026-04-14T14:00:00,mock-device-uuid-12345,com.spotify.music,Spotify,10299,6373576,570679,6944255,MOBILE,0
1131,1776146400000,2026-04-14T14:00:00,mock-device-uuid-12345,com.instagram.android,Instagram,10246,3531704,227409,3759113,MOBILE,0
1132,1776146400000,2026-04-14T14:00:00,mock-device-uuid-12345,com.tencent.ig,PUBG Mobile,10352,3955232,357967,4313199,MOBILE,0
1133,1776146400000,2026-04-14T14:00:00,mock-device-uuid-12345,com.google.android.youtube,YouTube,10101,10075299,2226357,12301656,MOBILE,0
1134,1776150000000,2026-04-14T15:00:00,mock-device-uuid-12345,com.zhiliaoapp.musically,TikTok,10310,17076098,2479042,19555140,MOBILE,0
1135,1776150000000,2026-04-14T15:00:00,mock-device-uuid-12345,com.android.chrome,Chrome,10080,59768958,4690432,64459390,MOBILE,0
1136,1776153600000,2026-04-14T16:00:00,mock-device-uuid-12345,com.zhiliaoapp.musically,TikTok,10310,7568725,1096744,8665469,MOBILE,0
1137,1776153600000,2026-04-14T16:00:00,mock-device-uuid-12345,com.spotify.music,Spotify,10299,10142184,827898,10970082,MOBILE,0
1138,1776153600000,2026-04-14T16:00:00,mock-device-uuid-12345,com.android.chrome,Chrome,10080,16001802,1956087,17957889,MOBILE,0
1139,1776157200000,2026-04-14T17:00:00,mock-device-uuid-12345,com.tencent.ig,PUBG Mobile,10352,12536572,1453083,13989655,MOBILE,0
1140,1776157200000,2026-04-14T17:00:00,mock-device-uuid-12345,com.spotify.music,Spotify,10299,2083901,318536,2402437,MOBILE,0
1141,1776157200000,2026-04-14T17:00:00,mock-device-uuid-12345,com.google.android.youtube,YouTube,10101,556807,123648,680455,MOBILE,0
1142,1776157200000,2026-04-14T17:00:00,mock-device-uuid-12345,com.android.chrome,Chrome,10080,1968428,362403,2330831,MOBILE,0
1143,1776157200000,2026-04-14T17:00:00,mock-device-uuid-12345,com.zhiliaoapp.musically,TikTok,10310,8293088,1029586,9322674,MOBILE,0
1144,1776160800000,2026-04-14T18:00:00,mock-device-uuid-12345,com.google.android.youtube,YouTube,10101,84989629,7940755,92930384,MOBILE,0
1145,1776160800000,2026-04-14T18:00:00,mock-device-uuid-12345,com.spotify.music,Spotify,10299,19578353,1889452,21467805,MOBILE,0
1146,1776160800000,2026-04-14T18:00:00,mock-device-uuid-12345,com.tencent.ig,PUBG Mobile,10352,57311287,10003919,67315206,MOBILE,0
1147,1776164400000,2026-04-14T19:00:00,mock-device-uuid-12345,com.facebook.katana,Facebook,10245,73075398,4315384,77390782,MOBILE,0
1148,1776164400000,2026-04-14T19:00:00,mock-device-uuid-12345,com.instagram.android,Instagram,10246,13657285,1420015,15077300,MOBILE,0
1149,1776164400000,2026-04-14T19:00:00,mock-device-uuid-12345,com.tencent.ig,PUBG Mobile,10352,37903533,4935425,42838958,MOBILE,0
1150,1776164400000,2026-04-14T19:00:00,mock-device-uuid-12345,com.spotify.music,Spotify,10299,32804564,4667924,37472488,MOBILE,0
1151,1776168000000,2026-04-14T20:00:00,mock-device-uuid-12345,com.tencent.ig,PUBG Mobile,10352,94660989,7914612,102575601,MOBILE,0
1152,1776168000000,2026-04-14T20:00:00,mock-device-uuid-12345,com.google.android.youtube,YouTube,10101,76302712,6837602,83140314,MOBILE,0
1153,1776171600000,2026-04-14T21:00:00,mock-device-uuid-12345,com.android.chrome,Chrome,10080,32453168,8047746,40500914,MOBILE,0
1154,1776171600000,2026-04-14T21:00:00,mock-device-uuid-12345,com.facebook.katana,Facebook,10245,41001984,8225095,49227079,MOBILE,0
1155,1776171600000,2026-04-14T21:00:00,mock-device-uuid-12345,com.tencent.ig,PUBG Mobile,10352,56685899,3198818,59884717,MOBILE,0
1156,1776175200000,2026-04-14T22:00:00,mock-device-uuid-12345,com.android.chrome,Chrome,10080,83142079,4705407,87847486,MOBILE,0
1157,1776175200000,2026-04-14T22:00:00,mock-device-uuid-12345,com.spotify.music,Spotify,10299,38440362,6290634,44730996,MOBILE,0
1158,1776175200000,2026-04-14T22:00:00,mock-device-uuid-12345,com.tencent.ig,PUBG Mobile,10352,17685187,2880452,20565639,MOBILE,0
1159,1776175200000,2026-04-14T22:00:00,mock-device-uuid-12345,com.google.android.youtube,YouTube,10101,3031809,352924,3384733,MOBILE,0
1160,1776175200000,2026-04-14T22:00:00,mock-device-uuid-12345,com.instagram.android,Instagram,10246,16189462,2509532,18698994,MOBILE,0
1161,1776178800000,2026-04-14T23:00:00,mock-device-uuid-12345,com.android.chrome,Chrome,10080,18702424,1942571,20644995,MOBILE,0
1162,1776178800000,2026-04-14T23:00:00,mock-device-uuid-12345,com.facebook.katana,Facebook,10245,62707351,5211116,67918467,MOBILE,0
1163,1776182400000,2026-04-15T00:00:00,mock-device-uuid-12345,com.instagram.android,Instagram,10246,1343608,138325,1481933,MOBILE,0
1164,1776182400000,2026-04-15T00:00:00,mock-device-uuid-12345,com.facebook.katana,Facebook,10245,1464216,147848,1612064,MOBILE,0
1165,1776182400000,2026-04-15T00:00:00,mock-device-uuid-12345,com.zhiliaoapp.musically,TikTok,10310,566461,124776,691237,MOBILE,0
1166,1776182400000,2026-04-15T00:00:00,mock-device-uuid-12345,com.android.chrome,Chrome,10080,521225,120728,641953,MOBILE,0
1167,1776182400000,2026-04-15T00:00:00,mock-device-uuid-12345,com.spotify.music,Spotify,10299,2868039,709915,3577954,MOBILE,0
1168,1776186000000,2026-04-15T01:00:00,mock-device-uuid-12345,com.facebook.katana,Facebook,10245,1818441,111029,1929470,MOBILE,0
1169,1776186000000,2026-04-15T01:00:00,mock-device-uuid-12345,com.android.chrome,Chrome,10080,58819,3546,62365,MOBILE,0
1170,1776186000000,2026-04-15T01:00:00,mock-device-uuid-12345,com.zhiliaoapp.musically,TikTok,10310,730136,153747,883883,MOBILE,0
1171,1776189600000,2026-04-15T02:00:00,mock-device-uuid-12345,com.tencent.ig,PUBG Mobile,10352,0,0,0,MOBILE,0
1172,1776189600000,2026-04-15T02:00:00,mock-device-uuid-12345,com.instagram.android,Instagram,10246,0,0,0,MOBILE,0
1173,1776189600000,2026-04-15T02:00:00,mock-device-uuid-12345,com.android.chrome,Chrome,10080,0,0,0,MOBILE,0
1174,1776193200000,2026-04-15T03:00:00,mock-device-uuid-12345,com.spotify.music,Spotify,10299,2898375,462008,3360383,MOBILE,0
1175,1776193200000,2026-04-15T03:00:00,mock-device-uuid-12345,com.google.android.youtube,YouTube,10101,3507438,636102,4143540,MOBILE,0
1176,1776196800000,2026-04-15T04:00:00,mock-device-uuid-12345,com.tencent.ig,PUBG Mobile,10352,6135642,1071866,7207508,MOBILE,0
1177,1776196800000,2026-04-15T04:00:00,mock-device-uuid-12345,com.zhiliaoapp.musically,TikTok,10310,8136945,1499766,9636711,MOBILE,0
1178,1776200400000,2026-04-15T05:00:00,mock-device-uuid-12345,com.zhiliaoapp.musically,TikTok,10310,8299376,479312,8778688,MOBILE,0
1179,1776200400000,2026-04-15T05:00:00,mock-device-uuid-12345,com.tencent.ig,PUBG Mobile,10352,2740679,227501,2968180,MOBILE,0
1180,1776200400000,2026-04-15T05:00:00,mock-device-uuid-12345,com.facebook.katana,Facebook,10245,717230,150011,867241,MOBILE,0
1181,1776200400000,2026-04-15T05:00:00,mock-device-uuid-12345,com.spotify.music,Spotify,10299,1126810,84372,1211182,MOBILE,0
1182,1776200400000,2026-04-15T05:00:00,mock-device-uuid-12345,com.instagram.android,Instagram,10246,1646326,384002,2030328,MOBILE,0
1183,1776204000000,2026-04-15T06:00:00,mock-device-uuid-12345,com.google.android.youtube,YouTube,10101,4356829,887877,5244706,MOBILE,0
1184,1776204000000,2026-04-15T06:00:00,mock-device-uuid-12345,com.android.chrome,Chrome,10080,28397206,2289448,30686654,MOBILE,0
1185,1776204000000,2026-04-15T06:00:00,mock-device-uuid-12345,com.spotify.music,Spotify,10299,8690856,1486536,10177392,MOBILE,0
1186,1776204000000,2026-04-15T06:00:00,mock-device-uuid-12345,com.tencent.ig,PUBG Mobile,10352,4178179,490670,4668849,MOBILE,0
1187,1776204000000,2026-04-15T06:00:00,mock-device-uuid-12345,com.facebook.katana,Facebook,10245,6340235,1455931,7796166,MOBILE,0
1188,1776207600000,2026-04-15T07:00:00,mock-device-uuid-12345,com.instagram.android,Instagram,10246,24154444,3354932,27509376,MOBILE,0
1189,1776207600000,2026-04-15T07:00:00,mock-device-uuid-12345,com.android.chrome,Chrome,10080,16303425,3774115,20077540,MOBILE,0
1190,1776207600000,2026-04-15T07:00:00,mock-device-uuid-12345,com.google.android.youtube,YouTube,10101,12920499,2774891,15695390,MOBILE,0
1191,1776207600000,2026-04-15T07:00:00,mock-device-uuid-12345,com.zhiliaoapp.musically,TikTok,10310,3486235,723520,4209755,MOBILE,0
1192,1776207600000,2026-04-15T07:00:00,mock-device-uuid-12345,com.facebook.katana,Facebook,10245,10825925,1758090,12584015,MOBILE,0
1193,1776211200000,2026-04-15T08:00:00,mock-device-uuid-12345,com.spotify.music,Spotify,10299,28320639,1934632,30255271,MOBILE,0
1194,1776211200000,2026-04-15T08:00:00,mock-device-uuid-12345,com.google.android.youtube,YouTube,10101,12312451,2815783,15128234,MOBILE,0
1195,1776211200000,2026-04-15T08:00:00,mock-device-uuid-12345,com.facebook.katana,Facebook,10245,8563383,2046230,10609613,MOBILE,0
1196,1776214800000,2026-04-15T09:00:00,mock-device-uuid-12345,com.zhiliaoapp.musically,TikTok,10310,6691922,1389392,8081314,MOBILE,0
1197,1776214800000,2026-04-15T09:00:00,mock-device-uuid-12345,com.instagram.android,Instagram,10246,16181446,3057396,19238842,MOBILE,0
1198,1776214800000,2026-04-15T09:00:00,mock-device-uuid-12345,com.google.android.youtube,YouTube,10101,10868493,2569277,13437770,MOBILE,0
1199,1776214800000,2026-04-15T09:00:00,mock-device-uuid-12345,com.tencent.ig,PUBG Mobile,10352,4956323,984815,5941138,MOBILE,0
1200,1776218400000,2026-04-15T10:00:00,mock-device-uuid-12345,com.google.android.youtube,YouTube,10101,10036771,2261129,12297900,MOBILE,0
1201,1776218400000,2026-04-15T10:00:00,mock-device-uuid-12345,com.zhiliaoapp.musically,TikTok,10310,34038893,3470492,37509385,MOBILE,0
1202,1776218400000,2026-04-15T10:00:00,mock-device-uuid-12345,com.tencent.ig,PUBG Mobile,10352,19958211,2826161,22784372,MOBILE,0
1203,1776222000000,2026-04-15T11:00:00,mock-device-uuid-12345,com.spotify.music,Spotify,10299,17134726,1362510,18497236,MOBILE,0
1204,1776222000000,2026-04-15T11:00:00,mock-device-uuid-12345,com.google.android.youtube,YouTube,10101,50548107,7849775,58397882,MOBILE,0
1205,1776225600000,2026-04-15T12:00:00,mock-device-uuid-12345,com.zhiliaoapp.musically,TikTok,10310,19831795,1466532,21298327,MOBILE,0
1206,1776225600000,2026-04-15T12:00:00,mock-device-uuid-12345,com.instagram.android,Instagram,10246,25961919,5482707,31444626,MOBILE,0
1207,1776229200000,2026-04-15T13:00:00,mock-device-uuid-12345,com.spotify.music,Spotify,10299,15596601,1049386,16645987,MOBILE,0
1208,1776229200000,2026-04-15T13:00:00,mock-device-uuid-12345,com.facebook.katana,Facebook,10245,2068491,491465,2559956,MOBILE,0
1209,1776229200000,2026-04-15T13:00:00,mock-device-uuid-12345,com.android.chrome,Chrome,10080,5995892,334821,6330713,MOBILE,0
1210,1776229200000,2026-04-15T13:00:00,mock-device-uuid-12345,com.instagram.android,Instagram,10246,12913603,2452487,15366090,MOBILE,0
1211,1776232800000,2026-04-15T14:00:00,mock-device-uuid-12345,com.facebook.katana,Facebook,10245,15110195,1409875,16520070,MOBILE,0
1212,1776232800000,2026-04-15T14:00:00,mock-device-uuid-12345,com.google.android.youtube,YouTube,10101,6906499,396926,7303425,MOBILE,0
1213,1776232800000,2026-04-15T14:00:00,mock-device-uuid-12345,com.instagram.android,Instagram,10246,6759774,1603215,8362989,MOBILE,0
1214,1776232800000,2026-04-15T14:00:00,mock-device-uuid-12345,com.spotify.music,Spotify,10299,925601,200024,1125625,MOBILE,0
1215,1776232800000,2026-04-15T14:00:00,mock-device-uuid-12345,com.zhiliaoapp.musically,TikTok,10310,3825299,322548,4147847,MOBILE,0
1216,1776236400000,2026-04-15T15:00:00,mock-device-uuid-12345,com.tencent.ig,PUBG Mobile,10352,27789655,1594274,29383929,MOBILE,0
1217,1776236400000,2026-04-15T15:00:00,mock-device-uuid-12345,com.android.chrome,Chrome,10080,30525024,3575926,34100950,MOBILE,0
1218,1776240000000,2026-04-15T16:00:00,mock-device-uuid-12345,com.tencent.ig,PUBG Mobile,10352,30890973,2461491,33352464,MOBILE,0
1219,1776240000000,2026-04-15T16:00:00,mock-device-uuid-12345,com.spotify.music,Spotify,10299,12967250,1836452,14803702,MOBILE,0
1220,1776243600000,2026-04-15T17:00:00,mock-device-uuid-12345,com.google.android.youtube,YouTube,10101,7550439,812495,8362934,MOBILE,0
1221,1776243600000,2026-04-15T17:00:00,mock-device-uuid-12345,com.spotify.music,Spotify,10299,8494649,1989070,10483719,MOBILE,0
1222,1776243600000,2026-04-15T17:00:00,mock-device-uuid-12345,com.instagram.android,Instagram,10246,8019582,830220,8849802,MOBILE,0
1223,1776247200000,2026-04-15T18:00:00,mock-device-uuid-12345,com.spotify.music,Spotify,10299,121003832,29153226,150157058,MOBILE,0
1224,1776247200000,2026-04-15T18:00:00,mock-device-uuid-12345,com.facebook.katana,Facebook,10245,32437574,2341184,34778758,MOBILE,0
1225,1776247200000,2026-04-15T18:00:00,mock-device-uuid-12345,com.instagram.android,Instagram,10246,35764971,4202510,39967481,MOBILE,0
1226,1776250800000,2026-04-15T19:00:00,mock-device-uuid-12345,com.instagram.android,Instagram,10246,83268698,14419951,97688649,MOBILE,0
1227,1776250800000,2026-04-15T19:00:00,mock-device-uuid-12345,com.facebook.katana,Facebook,10245,40321173,9892355,50213528,MOBILE,0
1228,1776250800000,2026-04-15T19:00:00,mock-device-uuid-12345,com.spotify.music,Spotify,10299,56548664,5476799,62025463,MOBILE,0
1229,1776254400000,2026-04-15T20:00:00,mock-device-uuid-12345,com.zhiliaoapp.musically,TikTok,10310,131668549,18314628,149983177,MOBILE,0
1230,1776254400000,2026-04-15T20:00:00,mock-device-uuid-12345,com.instagram.android,Instagram,10246,63849724,8607816,72457540,MOBILE,0
1231,1776258000000,2026-04-15T21:00:00,mock-device-uuid-12345,com.facebook.katana,Facebook,10245,26929793,3055733,29985526,MOBILE,0
1232,1776258000000,2026-04-15T21:00:00,mock-device-uuid-12345,com.instagram.android,Instagram,10246,94820002,19988556,114808558,MOBILE,0
1233,1776261600000,2026-04-15T22:00:00,mock-device-uuid-12345,com.tencent.ig,PUBG Mobile,10352,71246671,7188857,78435528,MOBILE,0
1234,1776261600000,2026-04-15T22:00:00,mock-device-uuid-12345,com.facebook.katana,Facebook,10245,11530140,1987573,13517713,MOBILE,0
1235,1776261600000,2026-04-15T22:00:00,mock-device-uuid-12345,com.spotify.music,Spotify,10299,20542027,2684850,23226877,MOBILE,0
1236,1776261600000,2026-04-15T22:00:00,mock-device-uuid-12345,com.zhiliaoapp.musically,TikTok,10310,2226810,340923,2567733,MOBILE,0
1237,1776261600000,2026-04-15T22:00:00,mock-device-uuid-12345,com.instagram.android,Instagram,10246,37441421,8408714,45850135,MOBILE,0
1238,1776265200000,2026-04-15T23:00:00,mock-device-uuid-12345,com.tencent.ig,PUBG Mobile,10352,11265156,1919178,13184334,MOBILE,0
1239,1776265200000,2026-04-15T23:00:00,mock-device-uuid-12345,com.android.chrome,Chrome,10080,12166757,930372,13097129,MOBILE,0
1240,1776265200000,2026-04-15T23:00:00,mock-device-uuid-12345,com.facebook.katana,Facebook,10245,25203609,2550557,27754166,MOBILE,0
1241,1776265200000,2026-04-15T23:00:00,mock-device-uuid-12345,com.instagram.android,Instagram,10246,23364788,2827914,26192702,MOBILE,0
1242,1776268800000,2026-04-16T00:00:00,mock-device-uuid-12345,com.android.chrome,Chrome,10080,9733154,2192641,11925795,MOBILE,0
1243,1776268800000,2026-04-16T00:00:00,mock-device-uuid-12345,com.instagram.android,Instagram,10246,4291946,339286,4631232,MOBILE,0
1244,1776268800000,2026-04-16T00:00:00,mock-device-uuid-12345,com.zhiliaoapp.musically,TikTok,10310,1088974,176827,1265801,MOBILE,0
1245,1776268800000,2026-04-16T00:00:00,mock-device-uuid-12345,com.spotify.music,Spotify,10299,653462,110976,764438,MOBILE,0
1246,1776272400000,2026-04-16T01:00:00,mock-device-uuid-12345,com.spotify.music,Spotify,10299,2688547,250027,2938574,MOBILE,0
1247,1776272400000,2026-04-16T01:00:00,mock-device-uuid-12345,com.zhiliaoapp.musically,TikTok,10310,2305556,534362,2839918,MOBILE,0
1248,1776276000000,2026-04-16T02:00:00,mock-device-uuid-12345,com.instagram.android,Instagram,10246,10238863,1291034,11529897,MOBILE,0
1249,1776276000000,2026-04-16T02:00:00,mock-device-uuid-12345,com.spotify.music,Spotify,10299,5595325,1043752,6639077,MOBILE,0
1250,1776276000000,2026-04-16T02:00:00,mock-device-uuid-12345,com.zhiliaoapp.musically,TikTok,10310,3726488,589466,4315954,MOBILE,0
1251,1776279600000,2026-04-16T03:00:00,mock-device-uuid-12345,com.spotify.music,Spotify,10299,1978082,378825,2356907,MOBILE,0
1252,1776279600000,2026-04-16T03:00:00,mock-device-uuid-12345,com.zhiliaoapp.musically,TikTok,10310,5342923,856408,6199331,MOBILE,0
1253,1776279600000,2026-04-16T03:00:00,mock-device-uuid-12345,com.tencent.ig,PUBG Mobile,10352,7094498,768914,7863412,MOBILE,0
1254,1776283200000,2026-04-16T04:00:00,mock-device-uuid-12345,com.facebook.katana,Facebook,10245,580939,140510,721449,MOBILE,0
1255,1776283200000,2026-04-16T04:00:00,mock-device-uuid-12345,com.android.chrome,Chrome,10080,440316,48815,489131,MOBILE,0
1256,1776286800000,2026-04-16T05:00:00,mock-device-uuid-12345,com.spotify.music,Spotify,10299,0,0,0,MOBILE,0
1257,1776286800000,2026-04-16T05:00:00,mock-device-uuid-12345,com.android.chrome,Chrome,10080,0,0,0,MOBILE,0
1258,1776286800000,2026-04-16T05:00:00,mock-device-uuid-12345,com.instagram.android,Instagram,10246,0,0,0,MOBILE,0
1259,1776286800000,2026-04-16T05:00:00,mock-device-uuid-12345,com.facebook.katana,Facebook,10245,0,0,0,MOBILE,0
1260,1776290400000,2026-04-16T06:00:00,mock-device-uuid-12345,com.zhiliaoapp.musically,TikTok,10310,3583575,537549,4121124,MOBILE,0
1261,1776290400000,2026-04-16T06:00:00,mock-device-uuid-12345,com.spotify.music,Spotify,10299,15335819,3114283,18450102,MOBILE,0
1262,1776294000000,2026-04-16T07:00:00,mock-device-uuid-12345,com.spotify.music,Spotify,10299,7723739,1109839,8833578,MOBILE,0
1263,1776294000000,2026-04-16T07:00:00,mock-device-uuid-12345,com.google.android.youtube,YouTube,10101,18048421,1456949,19505370,MOBILE,0
1264,1776294000000,2026-04-16T07:00:00,mock-device-uuid-12345,com.zhiliaoapp.musically,TikTok,10310,7371804,1599456,8971260,MOBILE,0
1265,1776294000000,2026-04-16T07:00:00,mock-device-uuid-12345,com.instagram.android,Instagram,10246,6153585,1238326,7391911,MOBILE,0
1266,1776294000000,2026-04-16T07:00:00,mock-device-uuid-12345,com.tencent.ig,PUBG Mobile,10352,10259857,706293,10966150,MOBILE,0
1267,1776297600000,2026-04-16T08:00:00,mock-device-uuid-12345,com.zhiliaoapp.musically,TikTok,10310,19049706,2955455,22005161,MOBILE,0
1268,1776297600000,2026-04-16T08:00:00,mock-device-uuid-12345,com.tencent.ig,PUBG Mobile,10352,14919619,1291765,16211384,MOBILE,0
1269,1776297600000,2026-04-16T08:00:00,mock-device-uuid-12345,com.spotify.music,Spotify,10299,24211625,2918665,27130290,MOBILE,0
1270,1776301200000,2026-04-16T09:00:00,mock-device-uuid-12345,com.android.chrome,Chrome,10080,22287205,1283732,23570937,MOBILE,0
1271,1776301200000,2026-04-16T09:00:00,mock-device-uuid-12345,com.spotify.music,Spotify,10299,11784913,1573145,13358058,MOBILE,0
1272,1776301200000,2026-04-16T09:00:00,mock-device-uuid-12345,com.instagram.android,Instagram,10246,1949634,199329,2148963,MOBILE,0
1273,1776301200000,2026-04-16T09:00:00,mock-device-uuid-12345,com.google.android.youtube,YouTube,10101,4401809,664441,5066250,MOBILE,0
1274,1776304800000,2026-04-16T10:00:00,mock-device-uuid-12345,com.tencent.ig,PUBG Mobile,10352,8440706,1430098,9870804,MOBILE,0
1275,1776304800000,2026-04-16T10:00:00,mock-device-uuid-12345,com.android.chrome,Chrome,10080,22730784,2016378,24747162,MOBILE,0
1276,1776304800000,2026-04-16T10:00:00,mock-device-uuid-12345,com.google.android.youtube,YouTube,10101,2853973,532939,3386912,MOBILE,0
1277,1776304800000,2026-04-16T10:00:00,mock-device-uuid-12345,com.zhiliaoapp.musically,TikTok,10310,15434473,1564121,16998594,MOBILE,0
1278,1776308400000,2026-04-16T11:00:00,mock-device-uuid-12345,com.android.chrome,Chrome,10080,13078068,1817422,14895490,MOBILE,0
1279,1776308400000,2026-04-16T11:00:00,mock-device-uuid-12345,com.google.android.youtube,YouTube,10101,13297381,2013528,15310909,MOBILE,0
1280,1776308400000,2026-04-16T11:00:00,mock-device-uuid-12345,com.facebook.katana,Facebook,10245,4668710,1012264,5680974,MOBILE,0
1281,1776308400000,2026-04-16T11:00:00,mock-device-uuid-12345,com.tencent.ig,PUBG Mobile,10352,2658319,238901,2897220,MOBILE,0
1282,1776308400000,2026-04-16T11:00:00,mock-device-uuid-12345,com.zhiliaoapp.musically,TikTok,10310,1418522,310712,1729234,MOBILE,0
1283,1776312000000,2026-04-16T12:00:00,mock-device-uuid-12345,com.facebook.katana,Facebook,10245,7138576,529441,7668017,MOBILE,0
1284,1776312000000,2026-04-16T12:00:00,mock-device-uuid-12345,com.spotify.music,Spotify,10299,44696696,5967044,50663740,MOBILE,0
1285,1776315600000,2026-04-16T13:00:00,mock-device-uuid-12345,com.zhiliaoapp.musically,TikTok,10310,25727042,1521530,27248572,MOBILE,0
1286,1776315600000,2026-04-16T13:00:00,mock-device-uuid-12345,com.facebook.katana,Facebook,10245,25350808,2717711,28068519,MOBILE,0
1287,1776315600000,2026-04-16T13:00:00,mock-device-uuid-12345,com.tencent.ig,PUBG Mobile,10352,12257338,676918,12934256,MOBILE,0
1288,1776315600000,2026-04-16T13:00:00,mock-device-uuid-12345,com.spotify.music,Spotify,10299,10639194,2302899,12942093,MOBILE,0
1289,1776319200000,2026-04-16T14:00:00,mock-device-uuid-12345,com.facebook.katana,Facebook,10245,7656574,1014239,8670813,MOBILE,0
1290,1776319200000,2026-04-16T14:00:00,mock-device-uuid-12345,com.instagram.android,Instagram,10246,26276148,6164033,32440181,MOBILE,0
1291,1776322800000,2026-04-16T15:00:00,mock-device-uuid-12345,com.zhiliaoapp.musically,TikTok,10310,33573741,1998186,35571927,MOBILE,0
1292,1776322800000,2026-04-16T15:00:00,mock-device-uuid-12345,com.instagram.android,Instagram,10246,13246390,3270019,16516409,MOBILE,0
1293,1776322800000,2026-04-16T15:00:00,mock-device-uuid-12345,com.tencent.ig,PUBG Mobile,10352,13147801,1008359,14156160,MOBILE,0
1294,1776322800000,2026-04-16T15:00:00,mock-device-uuid-12345,com.spotify.music,Spotify,10299,11811167,1198750,13009917,MOBILE,0
1295,1776326400000,2026-04-16T16:00:00,mock-device-uuid-12345,com.google.android.youtube,YouTube,10101,20857723,2615127,23472850,MOBILE,0
1296,1776326400000,2026-04-16T16:00:00,mock-device-uuid-12345,com.zhiliaoapp.musically,TikTok,10310,17371746,2761603,20133349,MOBILE,0
1297,1776326400000,2026-04-16T16:00:00,mock-device-uuid-12345,com.facebook.katana,Facebook,10245,8810640,588689,9399329,MOBILE,0
1298,1776326400000,2026-04-16T16:00:00,mock-device-uuid-12345,com.android.chrome,Chrome,10080,22507132,4984210,27491342,MOBILE,0
1299,1776330000000,2026-04-16T17:00:00,mock-device-uuid-12345,com.facebook.katana,Facebook,10245,7278064,1125076,8403140,MOBILE,0
1300,1776330000000,2026-04-16T17:00:00,mock-device-uuid-12345,com.android.chrome,Chrome,10080,5708496,504955,6213451,MOBILE,0
1301,1776330000000,2026-04-16T17:00:00,mock-device-uuid-12345,com.spotify.music,Spotify,10299,14331986,1606297,15938283,MOBILE,0
1302,1776333600000,2026-04-16T18:00:00,mock-device-uuid-12345,com.android.chrome,Chrome,10080,24225557,3385202,27610759,MOBILE,0
1303,1776333600000,2026-04-16T18:00:00,mock-device-uuid-12345,com.spotify.music,Spotify,10299,114131637,23329890,137461527,MOBILE,0
1304,1776337200000,2026-04-16T19:00:00,mock-device-uuid-12345,com.instagram.android,Instagram,10246,22290505,3633402,25923907,MOBILE,0
1305,1776337200000,2026-04-16T19:00:00,mock-device-uuid-12345,com.tencent.ig,PUBG Mobile,10352,58435978,10580893,69016871,MOBILE,0
1306,1776337200000,2026-04-16T19:00:00,mock-device-uuid-12345,com.android.chrome,Chrome,10080,16173108,1760798,17933906,MOBILE,0
1307,1776337200000,2026-04-16T19:00:00,mock-device-uuid-12345,com.google.android.youtube,YouTube,10101,21598559,3559046,25157605,MOBILE,0
1308,1776337200000,2026-04-16T19:00:00,mock-device-uuid-12345,com.zhiliaoapp.musically,TikTok,10310,93041587,9754983,102796570,MOBILE,0
1309,1776340800000,2026-04-16T20:00:00,mock-device-uuid-12345,com.tencent.ig,PUBG Mobile,10352,136335477,25999961,162335438,MOBILE,0
1310,1776340800000,2026-04-16T20:00:00,mock-device-uuid-12345,com.instagram.android,Instagram,10246,57805986,4807649,62613635,MOBILE,0
1311,1776340800000,2026-04-16T20:00:00,mock-device-uuid-12345,com.zhiliaoapp.musically,TikTok,10310,4429826,773011,5202837,MOBILE,0
1312,1776340800000,2026-04-16T20:00:00,mock-device-uuid-12345,com.facebook.katana,Facebook,10245,7865647,1564430,9430077,MOBILE,0
1313,1776340800000,2026-04-16T20:00:00,mock-device-uuid-12345,com.google.android.youtube,YouTube,10101,14100683,1646213,15746896,MOBILE,0
1314,1776344400000,2026-04-16T21:00:00,mock-device-uuid-12345,com.android.chrome,Chrome,10080,38478607,5075402,43554009,MOBILE,0
1315,1776344400000,2026-04-16T21:00:00,mock-device-uuid-12345,com.google.android.youtube,YouTube,10101,38308443,5253097,43561540,MOBILE,0
1316,1776344400000,2026-04-16T21:00:00,mock-device-uuid-12345,com.instagram.android,Instagram,10246,14043107,960072,15003179,MOBILE,0
1317,1776344400000,2026-04-16T21:00:00,mock-device-uuid-12345,com.zhiliaoapp.musically,TikTok,10310,2266934,430307,2697241,MOBILE,0
1318,1776344400000,2026-04-16T21:00:00,mock-device-uuid-12345,com.spotify.music,Spotify,10299,14078532,2896339,16974871,MOBILE,0
1319,1776348000000,2026-04-16T22:00:00,mock-device-uuid-12345,com.android.chrome,Chrome,10080,63691272,6795620,70486892,MOBILE,0
1320,1776348000000,2026-04-16T22:00:00,mock-device-uuid-12345,com.facebook.katana,Facebook,10245,117139158,21693731,138832889,MOBILE,0
1321,1776351600000,2026-04-16T23:00:00,mock-device-uuid-12345,com.facebook.katana,Facebook,10245,15516019,1381843,16897862,MOBILE,0
1322,1776351600000,2026-04-16T23:00:00,mock-device-uuid-12345,com.google.android.youtube,YouTube,10101,44880892,9266673,54147565,MOBILE,0
1323,1776355200000,2026-04-17T00:00:00,mock-device-uuid-12345,com.tencent.ig,PUBG Mobile,10352,3516859,450251,3967110,MOBILE,0
1324,1776355200000,2026-04-17T00:00:00,mock-device-uuid-12345,com.facebook.katana,Facebook,10245,1802827,248904,2051731,MOBILE,0
1325,1776355200000,2026-04-17T00:00:00,mock-device-uuid-12345,com.zhiliaoapp.musically,TikTok,10310,575948,86530,662478,MOBILE,0
1326,1776355200000,2026-04-17T00:00:00,mock-device-uuid-12345,com.spotify.music,Spotify,10299,613333,51125,664458,MOBILE,0
1327,1776355200000,2026-04-17T00:00:00,mock-device-uuid-12345,com.android.chrome,Chrome,10080,4109432,355425,4464857,MOBILE,0
1328,1776358800000,2026-04-17T01:00:00,mock-device-uuid-12345,com.google.android.youtube,YouTube,10101,0,0,0,MOBILE,0
1329,1776358800000,2026-04-17T01:00:00,mock-device-uuid-12345,com.zhiliaoapp.musically,TikTok,10310,0,0,0,MOBILE,0
1330,1776358800000,2026-04-17T01:00:00,mock-device-uuid-12345,com.spotify.music,Spotify,10299,0,0,0,MOBILE,0
1331,1776358800000,2026-04-17T01:00:00,mock-device-uuid-12345,com.tencent.ig,PUBG Mobile,10352,0,0,0,MOBILE,0
1332,1776362400000,2026-04-17T02:00:00,mock-device-uuid-12345,com.android.chrome,Chrome,10080,1180261,254009,1434270,MOBILE,0
1333,1776362400000,2026-04-17T02:00:00,mock-device-uuid-12345,com.tencent.ig,PUBG Mobile,10352,6024708,1253219,7277927,MOBILE,0
1334,1776366000000,2026-04-17T03:00:00,mock-device-uuid-12345,com.facebook.katana,Facebook,10245,0,0,0,MOBILE,0
1335,1776366000000,2026-04-17T03:00:00,mock-device-uuid-12345,com.google.android.youtube,YouTube,10101,0,0,0,MOBILE,0
1336,1776369600000,2026-04-17T04:00:00,mock-device-uuid-12345,com.instagram.android,Instagram,10246,0,0,0,MOBILE,0
1337,1776369600000,2026-04-17T04:00:00,mock-device-uuid-12345,com.spotify.music,Spotify,10299,0,0,0,MOBILE,0
1338,1776373200000,2026-04-17T05:00:00,mock-device-uuid-12345,com.spotify.music,Spotify,10299,0,0,0,MOBILE,0
1339,1776373200000,2026-04-17T05:00:00,mock-device-uuid-12345,com.android.chrome,Chrome,10080,0,0,0,MOBILE,0
1340,1776373200000,2026-04-17T05:00:00,mock-device-uuid-12345,com.zhiliaoapp.musically,TikTok,10310,0,0,0,MOBILE,0
1341,1776376800000,2026-04-17T06:00:00,mock-device-uuid-12345,com.spotify.music,Spotify,10299,19051948,3887743,22939691,MOBILE,0
1342,1776376800000,2026-04-17T06:00:00,mock-device-uuid-12345,com.tencent.ig,PUBG Mobile,10352,20059752,1241289,21301041,MOBILE,0
1343,1776376800000,2026-04-17T06:00:00,mock-device-uuid-12345,com.zhiliaoapp.musically,TikTok,10310,1672055,104043,1776098,MOBILE,0
1344,1776376800000,2026-04-17T06:00:00,mock-device-uuid-12345,com.google.android.youtube,YouTube,10101,1977209,435921,2413130,MOBILE,0
1345,1776376800000,2026-04-17T06:00:00,mock-device-uuid-12345,com.android.chrome,Chrome,10080,8480979,1529659,10010638,MOBILE,0
1346,1776380400000,2026-04-17T07:00:00,mock-device-uuid-12345,com.tencent.ig,PUBG Mobile,10352,13658113,2538844,16196957,MOBILE,0
1347,1776380400000,2026-04-17T07:00:00,mock-device-uuid-12345,com.instagram.android,Instagram,10246,10216527,1708645,11925172,MOBILE,0
1348,1776380400000,2026-04-17T07:00:00,mock-device-uuid-12345,com.zhiliaoapp.musically,TikTok,10310,4230838,755875,4986713,MOBILE,0
1349,1776380400000,2026-04-17T07:00:00,mock-device-uuid-12345,com.google.android.youtube,YouTube,10101,6794495,502602,7297097,MOBILE,0
1350,1776380400000,2026-04-17T07:00:00,mock-device-uuid-12345,com.facebook.katana,Facebook,10245,4501484,749251,5250735,MOBILE,0
1351,1776384000000,2026-04-17T08:00:00,mock-device-uuid-12345,com.tencent.ig,PUBG Mobile,10352,11072108,1831894,12904002,MOBILE,0
1352,1776384000000,2026-04-17T08:00:00,mock-device-uuid-12345,com.spotify.music,Spotify,10299,10349054,1412051,11761105,MOBILE,0
1353,1776384000000,2026-04-17T08:00:00,mock-device-uuid-12345,com.facebook.katana,Facebook,10245,8773618,554116,9327734,MOBILE,0
1354,1776384000000,2026-04-17T08:00:00,mock-device-uuid-12345,com.instagram.android,Instagram,10246,5851191,884755,6735946,MOBILE,0
1355,1776387600000,2026-04-17T09:00:00,mock-device-uuid-12345,com.tencent.ig,PUBG Mobile,10352,9116835,2147777,11264612,MOBILE,0
1356,1776387600000,2026-04-17T09:00:00,mock-device-uuid-12345,com.android.chrome,Chrome,10080,3883859,333328,4217187,MOBILE,0
1357,1776387600000,2026-04-17T09:00:00,mock-device-uuid-12345,com.spotify.music,Spotify,10299,24065581,2925146,26990727,MOBILE,0
1358,1776387600000,2026-04-17T09:00:00,mock-device-uuid-12345,com.google.android.youtube,YouTube,10101,10797817,1117929,11915746,MOBILE,0
1359,1776391200000,2026-04-17T10:00:00,mock-device-uuid-12345,com.facebook.katana,Facebook,10245,18002727,3138171,21140898,MOBILE,0
1360,1776391200000,2026-04-17T10:00:00,mock-device-uuid-12345,com.tencent.ig,PUBG Mobile,10352,4979557,1225065,6204622,MOBILE,0
1361,1776391200000,2026-04-17T10:00:00,mock-device-uuid-12345,com.spotify.music,Spotify,10299,878378,80065,958443,MOBILE,0
1362,1776391200000,2026-04-17T10:00:00,mock-device-uuid-12345,com.android.chrome,Chrome,10080,233636,22612,256248,MOBILE,0
1363,1776391200000,2026-04-17T10:00:00,mock-device-uuid-12345,com.zhiliaoapp.musically,TikTok,10310,1534842,373521,1908363,MOBILE,0
1364,1776394800000,2026-04-17T11:00:00,mock-device-uuid-12345,com.tencent.ig,PUBG Mobile,10352,6349188,891120,7240308,MOBILE,0
1365,1776394800000,2026-04-17T11:00:00,mock-device-uuid-12345,com.spotify.music,Spotify,10299,55279192,8135123,63414315,MOBILE,0
1366,1776398400000,2026-04-17T12:00:00,mock-device-uuid-12345,com.google.android.youtube,YouTube,10101,9472591,2085470,11558061,MOBILE,0
1367,1776398400000,2026-04-17T12:00:00,mock-device-uuid-12345,com.tencent.ig,PUBG Mobile,10352,17667569,3320700,20988269,MOBILE,0
1368,1776402000000,2026-04-17T13:00:00,mock-device-uuid-12345,com.android.chrome,Chrome,10080,33442500,8302010,41744510,MOBILE,0
1369,1776402000000,2026-04-17T13:00:00,mock-device-uuid-12345,com.tencent.ig,PUBG Mobile,10352,4525274,671360,5196634,MOBILE,0
1370,1776402000000,2026-04-17T13:00:00,mock-device-uuid-12345,com.spotify.music,Spotify,10299,4502846,824719,5327565,MOBILE,0
1371,1776402000000,2026-04-17T13:00:00,mock-device-uuid-12345,com.zhiliaoapp.musically,TikTok,10310,3658210,313126,3971336,MOBILE,0
1372,1776402000000,2026-04-17T13:00:00,mock-device-uuid-12345,com.google.android.youtube,YouTube,10101,5965378,1068167,7033545,MOBILE,0
1373,1776405600000,2026-04-17T14:00:00,mock-device-uuid-12345,com.facebook.katana,Facebook,10245,10539749,1305302,11845051,MOBILE,0
1374,1776405600000,2026-04-17T14:00:00,mock-device-uuid-12345,com.tencent.ig,PUBG Mobile,10352,7587310,1636217,9223527,MOBILE,0
1375,1776405600000,2026-04-17T14:00:00,mock-device-uuid-12345,com.spotify.music,Spotify,10299,15298790,1760565,17059355,MOBILE,0
1376,1776405600000,2026-04-17T14:00:00,mock-device-uuid-12345,com.google.android.youtube,YouTube,10101,7186840,721066,7907906,MOBILE,0
1377,1776409200000,2026-04-17T15:00:00,mock-device-uuid-12345,com.spotify.music,Spotify,10299,9534793,589190,10123983,MOBILE,0
1378,1776409200000,2026-04-17T15:00:00,mock-device-uuid-12345,com.facebook.katana,Facebook,10245,12033487,1593090,13626577,MOBILE,0
1379,1776412800000,2026-04-17T16:00:00,mock-device-uuid-12345,com.facebook.katana,Facebook,10245,23416723,2193639,25610362,MOBILE,0
1380,1776412800000,2026-04-17T16:00:00,mock-device-uuid-12345,com.spotify.music,Spotify,10299,7131238,1473457,8604695,MOBILE,0
1381,1776412800000,2026-04-17T16:00:00,mock-device-uuid-12345,com.instagram.android,Instagram,10246,10178165,1266809,11444974,MOBILE,0
1382,1776416400000,2026-04-17T17:00:00,mock-device-uuid-12345,com.spotify.music,Spotify,10299,37444321,4235729,41680050,MOBILE,0
1383,1776416400000,2026-04-17T17:00:00,mock-device-uuid-12345,com.zhiliaoapp.musically,TikTok,10310,1638669,146072,1784741,MOBILE,0
1384,1776416400000,2026-04-17T17:00:00,mock-device-uuid-12345,com.facebook.katana,Facebook,10245,2047355,501560,2548915,MOBILE,0
1385,1776416400000,2026-04-17T17:00:00,mock-device-uuid-12345,com.instagram.android,Instagram,10246,12527959,2831277,15359236,MOBILE,0
1386,1776420000000,2026-04-17T18:00:00,mock-device-uuid-12345,com.zhiliaoapp.musically,TikTok,10310,53079885,10147908,63227793,MOBILE,0
1387,1776420000000,2026-04-17T18:00:00,mock-device-uuid-12345,com.instagram.android,Instagram,10246,27451727,2206144,29657871,MOBILE,0
1388,1776420000000,2026-04-17T18:00:00,mock-device-uuid-12345,com.tencent.ig,PUBG Mobile,10352,22299681,2306767,24606448,MOBILE,0
1389,1776420000000,2026-04-17T18:00:00,mock-device-uuid-12345,com.facebook.katana,Facebook,10245,59137508,3606646,62744154,MOBILE,0
1390,1776423600000,2026-04-17T19:00:00,mock-device-uuid-12345,com.instagram.android,Instagram,10246,58431643,5256574,63688217,MOBILE,0
1391,1776423600000,2026-04-17T19:00:00,mock-device-uuid-12345,com.google.android.youtube,YouTube,10101,17745353,2176677,19922030,MOBILE,0
1392,1776423600000,2026-04-17T19:00:00,mock-device-uuid-12345,com.tencent.ig,PUBG Mobile,10352,31050667,3619326,34669993,MOBILE,0
1393,1776423600000,2026-04-17T19:00:00,mock-device-uuid-12345,com.spotify.music,Spotify,10299,27812628,4031756,31844384,MOBILE,0
1394,1776427200000,2026-04-17T20:00:00,mock-device-uuid-12345,com.tencent.ig,PUBG Mobile,10352,34149787,7048878,41198665,MOBILE,0
1395,1776427200000,2026-04-17T20:00:00,mock-device-uuid-12345,com.zhiliaoapp.musically,TikTok,10310,54223320,13204452,67427772,MOBILE,0
1396,1776427200000,2026-04-17T20:00:00,mock-device-uuid-12345,com.spotify.music,Spotify,10299,32292401,4298891,36591292,MOBILE,0
1397,1776427200000,2026-04-17T20:00:00,mock-device-uuid-12345,com.google.android.youtube,YouTube,10101,74381271,18006013,92387284,MOBILE,0
1398,1776430800000,2026-04-17T21:00:00,mock-device-uuid-12345,com.facebook.katana,Facebook,10245,43457781,9825210,53282991,MOBILE,0
1399,1776430800000,2026-04-17T21:00:00,mock-device-uuid-12345,com.instagram.android,Instagram,10246,148173280,35396075,183569355,MOBILE,0
1400,1776434400000,2026-04-17T22:00:00,mock-device-uuid-12345,com.tencent.ig,PUBG Mobile,10352,48064077,6809589,54873666,MOBILE,0
1401,1776434400000,2026-04-17T22:00:00,mock-device-uuid-12345,com.facebook.katana,Facebook,10245,26999133,2515851,29514984,MOBILE,0
1402,1776434400000,2026-04-17T22:00:00,mock-device-uuid-12345,com.zhiliaoapp.musically,TikTok,10310,27054600,3852536,30907136,MOBILE,0
1403,1776434400000,2026-04-17T22:00:00,mock-device-uuid-12345,com.instagram.android,Instagram,10246,1516823,358416,1875239,MOBILE,0
1404,1776434400000,2026-04-17T22:00:00,mock-device-uuid-12345,com.google.android.youtube,YouTube,10101,11458443,2648889,14107332,MOBILE,0
1405,1776438000000,2026-04-17T23:00:00,mock-device-uuid-12345,com.android.chrome,Chrome,10080,40292225,2483366,42775591,MOBILE,0
1406,1776438000000,2026-04-17T23:00:00,mock-device-uuid-12345,com.instagram.android,Instagram,10246,69280081,5557750,74837831,MOBILE,0
1407,1776441600000,2026-04-18T00:00:00,mock-device-uuid-12345,com.tencent.ig,PUBG Mobile,10352,17896777,1401372,19298149,MOBILE,0
1408,1776441600000,2026-04-18T00:00:00,mock-device-uuid-12345,com.instagram.android,Instagram,10246,24171384,2054475,26225859,MOBILE,0
1409,1776441600000,2026-04-18T00:00:00,mock-device-uuid-12345,com.android.chrome,Chrome,10080,8089781,687801,8777582,MOBILE,0
1410,1776441600000,2026-04-18T00:00:00,mock-device-uuid-12345,com.google.android.youtube,YouTube,10101,1755780,103323,1859103,MOBILE,0
1411,1776441600000,2026-04-18T00:00:00,mock-device-uuid-12345,com.spotify.music,Spotify,10299,4341847,1037229,5379076,MOBILE,0
1412,1776445200000,2026-04-18T01:00:00,mock-device-uuid-12345,com.zhiliaoapp.musically,TikTok,10310,29922661,3578052,33500713,MOBILE,0
1413,1776445200000,2026-04-18T01:00:00,mock-device-uuid-12345,com.instagram.android,Instagram,10246,14894487,2540931,17435418,MOBILE,0
1414,1776445200000,2026-04-18T01:00:00,mock-device-uuid-12345,com.tencent.ig,PUBG Mobile,10352,7239324,1453677,8693001,MOBILE,0
1415,1776445200000,2026-04-18T01:00:00,mock-device-uuid-12345,com.facebook.katana,Facebook,10245,10694929,874353,11569282,MOBILE,0
1416,1776448800000,2026-04-18T02:00:00,mock-device-uuid-12345,com.android.chrome,Chrome,10080,17416988,982346,18399334,MOBILE,0
1417,1776448800000,2026-04-18T02:00:00,mock-device-uuid-12345,com.spotify.music,Spotify,10299,22088563,3281139,25369702,MOBILE,0
1418,1776448800000,2026-04-18T02:00:00,mock-device-uuid-12345,com.facebook.katana,Facebook,10245,1240530,82630,1323160,MOBILE,0
1419,1776448800000,2026-04-18T02:00:00,mock-device-uuid-12345,com.zhiliaoapp.musically,TikTok,10310,9295931,1718027,11013958,MOBILE,0
1420,1776452400000,2026-04-18T03:00:00,mock-device-uuid-12345,com.zhiliaoapp.musically,TikTok,10310,17758969,2180156,19939125,MOBILE,0
1421,1776452400000,2026-04-18T03:00:00,mock-device-uuid-12345,com.android.chrome,Chrome,10080,3508068,698815,4206883,MOBILE,0
1422,1776452400000,2026-04-18T03:00:00,mock-device-uuid-12345,com.facebook.katana,Facebook,10245,2425814,365607,2791421,MOBILE,0
1423,1776452400000,2026-04-18T03:00:00,mock-device-uuid-12345,com.instagram.android,Instagram,10246,7845145,1442894,9288039,MOBILE,0
1424,1776456000000,2026-04-18T04:00:00,mock-device-uuid-12345,com.facebook.katana,Facebook,10245,16622816,1358566,17981382,MOBILE,0
1425,1776456000000,2026-04-18T04:00:00,mock-device-uuid-12345,com.tencent.ig,PUBG Mobile,10352,24707911,5466349,30174260,MOBILE,0
1426,1776459600000,2026-04-18T05:00:00,mock-device-uuid-12345,com.google.android.youtube,YouTube,10101,11532903,2709068,14241971,MOBILE,0
1427,1776459600000,2026-04-18T05:00:00,mock-device-uuid-12345,com.zhiliaoapp.musically,TikTok,10310,19043710,2173279,21216989,MOBILE,0
1428,1776463200000,2026-04-18T06:00:00,mock-device-uuid-12345,com.spotify.music,Spotify,10299,33992058,8333272,42325330,MOBILE,0
1429,1776463200000,2026-04-18T06:00:00,mock-device-uuid-12345,com.google.android.youtube,YouTube,10101,15465337,3659289,19124626,MOBILE,0
1430,1776463200000,2026-04-18T06:00:00,mock-device-uuid-12345,com.facebook.katana,Facebook,10245,4263619,731422,4995041,MOBILE,0
1431,1776463200000,2026-04-18T06:00:00,mock-device-uuid-12345,com.instagram.android,Instagram,10246,22983874,4849853,27833727,MOBILE,0
1432,1776466800000,2026-04-18T07:00:00,mock-device-uuid-12345,com.android.chrome,Chrome,10080,37588535,5759293,43347828,MOBILE,0
1433,1776466800000,2026-04-18T07:00:00,mock-device-uuid-12345,com.tencent.ig,PUBG Mobile,10352,19859461,2578535,22437996,MOBILE,0
1434,1776466800000,2026-04-18T07:00:00,mock-device-uuid-12345,com.instagram.android,Instagram,10246,34046551,3892133,37938684,MOBILE,0
1435,1776470400000,2026-04-18T08:00:00,mock-device-uuid-12345,com.instagram.android,Instagram,10246,3860742,754726,4615468,MOBILE,0
1436,1776470400000,2026-04-18T08:00:00,mock-device-uuid-12345,com.facebook.katana,Facebook,10245,67599986,8493335,76093321,MOBILE,0
1437,1776474000000,2026-04-18T09:00:00,mock-device-uuid-12345,com.instagram.android,Instagram,10246,42946429,4729315,47675744,MOBILE,0
1438,1776474000000,2026-04-18T09:00:00,mock-device-uuid-12345,com.spotify.music,Spotify,10299,9214154,942338,10156492,MOBILE,0
1439,1776474000000,2026-04-18T09:00:00,mock-device-uuid-12345,com.android.chrome,Chrome,10080,12126064,1906055,14032119,MOBILE,0
1440,1776474000000,2026-04-18T09:00:00,mock-device-uuid-12345,com.tencent.ig,PUBG Mobile,10352,19858711,1457380,21316091,MOBILE,0
1441,1776477600000,2026-04-18T10:00:00,mock-device-uuid-12345,com.google.android.youtube,YouTube,10101,11947567,2831226,14778793,MOBILE,0
1442,1776477600000,2026-04-18T10:00:00,mock-device-uuid-12345,com.android.chrome,Chrome,10080,15766222,3636228,19402450,MOBILE,0
1443,1776477600000,2026-04-18T10:00:00,mock-device-uuid-12345,com.tencent.ig,PUBG Mobile,10352,2687743,535289,3223032,MOBILE,0
1444,1776477600000,2026-04-18T10:00:00,mock-device-uuid-12345,com.facebook.katana,Facebook,10245,11695357,863658,12559015,MOBILE,0
1445,1776477600000,2026-04-18T10:00:00,mock-device-uuid-12345,com.spotify.music,Spotify,10299,30300593,3802131,34102724,MOBILE,0
1446,1776481200000,2026-04-18T11:00:00,mock-device-uuid-12345,com.zhiliaoapp.musically,TikTok,10310,33503105,7065830,40568935,MOBILE,0
1447,1776481200000,2026-04-18T11:00:00,mock-device-uuid-12345,com.android.chrome,Chrome,10080,21406147,1856647,23262794,MOBILE,0
1448,1776481200000,2026-04-18T11:00:00,mock-device-uuid-12345,com.instagram.android,Instagram,10246,21024758,4599681,25624439,MOBILE,0
1449,1776481200000,2026-04-18T11:00:00,mock-device-uuid-12345,com.spotify.music,Spotify,10299,5753955,826732,6580687,MOBILE,0
1450,1776481200000,2026-04-18T11:00:00,mock-device-uuid-12345,com.facebook.katana,Facebook,10245,25761101,5342196,31103297,MOBILE,0
1451,1776484800000,2026-04-18T12:00:00,mock-device-uuid-12345,com.tencent.ig,PUBG Mobile,10352,25570440,3750725,29321165,MOBILE,0
1452,1776484800000,2026-04-18T12:00:00,mock-device-uuid-12345,com.instagram.android,Instagram,10246,24200334,2438074,26638408,MOBILE,0
1453,1776484800000,2026-04-18T12:00:00,mock-device-uuid-12345,com.android.chrome,Chrome,10080,8363814,506918,8870732,MOBILE,0
1454,1776484800000,2026-04-18T12:00:00,mock-device-uuid-12345,com.facebook.katana,Facebook,10245,8318955,1512196,9831151,MOBILE,0
1455,1776484800000,2026-04-18T12:00:00,mock-device-uuid-12345,com.zhiliaoapp.musically,TikTok,10310,6231656,467051,6698707,MOBILE,0
1456,1776488400000,2026-04-18T13:00:00,mock-device-uuid-12345,com.facebook.katana,Facebook,10245,14208644,3390712,17599356,MOBILE,0
1457,1776488400000,2026-04-18T13:00:00,mock-device-uuid-12345,com.tencent.ig,PUBG Mobile,10352,4671608,778970,5450578,MOBILE,0
1458,1776488400000,2026-04-18T13:00:00,mock-device-uuid-12345,com.spotify.music,Spotify,10299,14684424,1710319,16394743,MOBILE,0
1459,1776488400000,2026-04-18T13:00:00,mock-device-uuid-12345,com.google.android.youtube,YouTube,10101,3012728,366742,3379470,MOBILE,0
1460,1776488400000,2026-04-18T13:00:00,mock-device-uuid-12345,com.zhiliaoapp.musically,TikTok,10310,7385415,643122,8028537,MOBILE,0
1461,1776492000000,2026-04-18T14:00:00,mock-device-uuid-12345,com.zhiliaoapp.musically,TikTok,10310,27792690,1573079,29365769,MOBILE,0
1462,1776492000000,2026-04-18T14:00:00,mock-device-uuid-12345,com.google.android.youtube,YouTube,10101,12414318,2547284,14961602,MOBILE,0
1463,1776492000000,2026-04-18T14:00:00,mock-device-uuid-12345,com.spotify.music,Spotify,10299,25066635,5735090,30801725,MOBILE,0
1464,1776492000000,2026-04-18T14:00:00,mock-device-uuid-12345,com.facebook.katana,Facebook,10245,12679487,2846213,15525700,MOBILE,0
1465,1776492000000,2026-04-18T14:00:00,mock-device-uuid-12345,com.instagram.android,Instagram,10246,9803055,2302700,12105755,MOBILE,0
1466,1776495600000,2026-04-18T15:00:00,mock-device-uuid-12345,com.android.chrome,Chrome,10080,7936727,907099,8843826,MOBILE,0
1467,1776495600000,2026-04-18T15:00:00,mock-device-uuid-12345,com.instagram.android,Instagram,10246,28099447,4450061,32549508,MOBILE,0
1468,1776495600000,2026-04-18T15:00:00,mock-device-uuid-12345,com.google.android.youtube,YouTube,10101,9391351,803106,10194457,MOBILE,0
1469,1776495600000,2026-04-18T15:00:00,mock-device-uuid-12345,com.zhiliaoapp.musically,TikTok,10310,6198324,1032067,7230391,MOBILE,0
1470,1776495600000,2026-04-18T15:00:00,mock-device-uuid-12345,com.facebook.katana,Facebook,10245,3531112,727058,4258170,MOBILE,0
1471,1776499200000,2026-04-18T16:00:00,mock-device-uuid-12345,com.tencent.ig,PUBG Mobile,10352,47870921,7328708,55199629,MOBILE,0
1472,1776499200000,2026-04-18T16:00:00,mock-device-uuid-12345,com.spotify.music,Spotify,10299,12264204,1971644,14235848,MOBILE,0
1473,1776499200000,2026-04-18T16:00:00,mock-device-uuid-12345,com.android.chrome,Chrome,10080,12100619,2308824,14409443,MOBILE,0
1474,1776499200000,2026-04-18T16:00:00,mock-device-uuid-12345,com.zhiliaoapp.musically,TikTok,10310,17717005,1784570,19501575,MOBILE,0
1475,1776502800000,2026-04-18T17:00:00,mock-device-uuid-12345,com.tencent.ig,PUBG Mobile,10352,54977812,3271662,58249474,MOBILE,0
1476,1776502800000,2026-04-18T17:00:00,mock-device-uuid-12345,com.instagram.android,Instagram,10246,41782048,4991748,46773796,MOBILE,0
1477,1776502800000,2026-04-18T17:00:00,mock-device-uuid-12345,com.zhiliaoapp.musically,TikTok,10310,8766803,1679455,10446258,MOBILE,0
1478,1776502800000,2026-04-18T17:00:00,mock-device-uuid-12345,com.android.chrome,Chrome,10080,6980647,374559,7355206,MOBILE,0
1479,1776502800000,2026-04-18T17:00:00,mock-device-uuid-12345,com.facebook.katana,Facebook,10245,10678019,2412828,13090847,MOBILE,0
1480,1776506400000,2026-04-18T18:00:00,mock-device-uuid-12345,com.spotify.music,Spotify,10299,18534219,1297811,19832030,MOBILE,0
1481,1776506400000,2026-04-18T18:00:00,mock-device-uuid-12345,com.instagram.android,Instagram,10246,232776621,18368028,251144649,MOBILE,0
1482,1776510000000,2026-04-18T19:00:00,mock-device-uuid-12345,com.spotify.music,Spotify,10299,40486506,9020488,49506994,MOBILE,0
1483,1776510000000,2026-04-18T19:00:00,mock-device-uuid-12345,com.facebook.katana,Facebook,10245,159878367,16948195,176826562,MOBILE,0
1484,1776513600000,2026-04-18T20:00:00,mock-device-uuid-12345,com.tencent.ig,PUBG Mobile,10352,99706284,13030513,112736797,MOBILE,0
1485,1776513600000,2026-04-18T20:00:00,mock-device-uuid-12345,com.android.chrome,Chrome,10080,9805267,2072836,11878103,MOBILE,0
1486,1776513600000,2026-04-18T20:00:00,mock-device-uuid-12345,com.zhiliaoapp.musically,TikTok,10310,55353937,11624136,66978073,MOBILE,0
1487,1776513600000,2026-04-18T20:00:00,mock-device-uuid-12345,com.instagram.android,Instagram,10246,70615869,12299650,82915519,MOBILE,0
1488,1776517200000,2026-04-18T21:00:00,mock-device-uuid-12345,com.zhiliaoapp.musically,TikTok,10310,38384460,4378623,42763083,MOBILE,0
1489,1776517200000,2026-04-18T21:00:00,mock-device-uuid-12345,com.instagram.android,Instagram,10246,52212797,4021853,56234650,MOBILE,0
1490,1776517200000,2026-04-18T21:00:00,mock-device-uuid-12345,com.facebook.katana,Facebook,10245,104416332,8315721,112732053,MOBILE,0
1491,1776517200000,2026-04-18T21:00:00,mock-device-uuid-12345,com.tencent.ig,PUBG Mobile,10352,54453070,8071251,62524321,MOBILE,0
1492,1776520800000,2026-04-18T22:00:00,mock-device-uuid-12345,com.zhiliaoapp.musically,TikTok,10310,115982751,21891944,137874695,MOBILE,0
1493,1776520800000,2026-04-18T22:00:00,mock-device-uuid-12345,com.facebook.katana,Facebook,10245,66317531,7550185,73867716,MOBILE,0
1494,1776524400000,2026-04-18T23:00:00,mock-device-uuid-12345,com.facebook.katana,Facebook,10245,58904747,9769429,68674176,MOBILE,0
1495,1776524400000,2026-04-18T23:00:00,mock-device-uuid-12345,com.zhiliaoapp.musically,TikTok,10310,59243580,10712799,69956379,MOBILE,0
1496,1776528000000,2026-04-19T00:00:00,mock-device-uuid-12345,com.google.android.youtube,YouTube,10101,6312368,877934,7190302,MOBILE,0
1497,1776528000000,2026-04-19T00:00:00,mock-device-uuid-12345,com.tencent.ig,PUBG Mobile,10352,2838673,445182,3283855,MOBILE,0
1498,1776528000000,2026-04-19T00:00:00,mock-device-uuid-12345,com.zhiliaoapp.musically,TikTok,10310,5874218,359925,6234143,MOBILE,0
1499,1776528000000,2026-04-19T00:00:00,mock-device-uuid-12345,com.instagram.android,Instagram,10246,1159966,162824,1322790,MOBILE,0
1500,1776528000000,2026-04-19T00:00:00,mock-device-uuid-12345,com.facebook.katana,Facebook,10245,11927524,1931306,13858830,MOBILE,0
1501,1776531600000,2026-04-19T01:00:00,mock-device-uuid-12345,com.instagram.android,Instagram,10246,9461218,2301882,11763100,MOBILE,0
1502,1776531600000,2026-04-19T01:00:00,mock-device-uuid-12345,com.google.android.youtube,YouTube,10101,8451065,887338,9338403,MOBILE,0
1503,1776531600000,2026-04-19T01:00:00,mock-device-uuid-12345,com.facebook.katana,Facebook,10245,1132362,149709,1282071,MOBILE,0
1504,1776531600000,2026-04-19T01:00:00,mock-device-uuid-12345,com.tencent.ig,PUBG Mobile,10352,1209528,110476,1320004,MOBILE,0
1505,1776531600000,2026-04-19T01:00:00,mock-device-uuid-12345,com.zhiliaoapp.musically,TikTok,10310,5354334,1062221,6416555,MOBILE,0
1506,1776535200000,2026-04-19T02:00:00,mock-device-uuid-12345,com.zhiliaoapp.musically,TikTok,10310,17485098,2027530,19512628,MOBILE,0
1507,1776535200000,2026-04-19T02:00:00,mock-device-uuid-12345,com.spotify.music,Spotify,10299,15578037,3122065,18700102,MOBILE,0
1508,1776538800000,2026-04-19T03:00:00,mock-device-uuid-12345,com.spotify.music,Spotify,10299,4755914,1186060,5941974,MOBILE,0
1509,1776538800000,2026-04-19T03:00:00,mock-device-uuid-12345,com.google.android.youtube,YouTube,10101,26358280,3289403,29647683,MOBILE,0
1510,1776538800000,2026-04-19T03:00:00,mock-device-uuid-12345,com.zhiliaoapp.musically,TikTok,10310,5843731,519583,6363314,MOBILE,0
1511,1776538800000,2026-04-19T03:00:00,mock-device-uuid-12345,com.tencent.ig,PUBG Mobile,10352,6116028,665808,6781836,MOBILE,0
1512,1776538800000,2026-04-19T03:00:00,mock-device-uuid-12345,com.android.chrome,Chrome,10080,3123489,670221,3793710,MOBILE,0
1513,1776542400000,2026-04-19T04:00:00,mock-device-uuid-12345,com.android.chrome,Chrome,10080,18618228,3296385,21914613,MOBILE,0
1514,1776542400000,2026-04-19T04:00:00,mock-device-uuid-12345,com.spotify.music,Spotify,10299,13440625,927156,14367781,MOBILE,0
1515,1776542400000,2026-04-19T04:00:00,mock-device-uuid-12345,com.tencent.ig,PUBG Mobile,10352,2910681,705974,3616655,MOBILE,0
1516,1776542400000,2026-04-19T04:00:00,mock-device-uuid-12345,com.zhiliaoapp.musically,TikTok,10310,2702894,205572,2908466,MOBILE,0
1517,1776542400000,2026-04-19T04:00:00,mock-device-uuid-12345,com.instagram.android,Instagram,10246,2138705,334645,2473350,MOBILE,0
1518,1776546000000,2026-04-19T05:00:00,mock-device-uuid-12345,com.zhiliaoapp.musically,TikTok,10310,15117225,1295403,16412628,MOBILE,0
1519,1776546000000,2026-04-19T05:00:00,mock-device-uuid-12345,com.facebook.katana,Facebook,10245,11657393,1033865,12691258,MOBILE,0
1520,1776546000000,2026-04-19T05:00:00,mock-device-uuid-12345,com.tencent.ig,PUBG Mobile,10352,1567661,106885,1674546,MOBILE,0
1521,1776546000000,2026-04-19T05:00:00,mock-device-uuid-12345,com.google.android.youtube,YouTube,10101,6283206,1520609,7803815,MOBILE,0
1522,1776549600000,2026-04-19T06:00:00,mock-device-uuid-12345,com.facebook.katana,Facebook,10245,58393240,14389488,72782728,MOBILE,0
1523,1776549600000,2026-04-19T06:00:00,mock-device-uuid-12345,com.android.chrome,Chrome,10080,18665067,1762956,20428023,MOBILE,0
1524,1776549600000,2026-04-19T06:00:00,mock-device-uuid-12345,com.spotify.music,Spotify,10299,1513229,246783,1760012,MOBILE,0
1525,1776549600000,2026-04-19T06:00:00,mock-device-uuid-12345,com.zhiliaoapp.musically,TikTok,10310,11049198,1218010,12267208,MOBILE,0
1526,1776553200000,2026-04-19T07:00:00,mock-device-uuid-12345,com.google.android.youtube,YouTube,10101,39648920,3254697,42903617,MOBILE,0
1527,1776553200000,2026-04-19T07:00:00,mock-device-uuid-12345,com.zhiliaoapp.musically,TikTok,10310,57215528,6313625,63529153,MOBILE,0
1528,1776556800000,2026-04-19T08:00:00,mock-device-uuid-12345,com.tencent.ig,PUBG Mobile,10352,27996670,3576961,31573631,MOBILE,0
1529,1776556800000,2026-04-19T08:00:00,mock-device-uuid-12345,com.google.android.youtube,YouTube,10101,11937101,1645595,13582696,MOBILE,0
1530,1776556800000,2026-04-19T08:00:00,mock-device-uuid-12345,com.spotify.music,Spotify,10299,33315740,2211842,35527582,MOBILE,0
1531,1776556800000,2026-04-19T08:00:00,mock-device-uuid-12345,com.android.chrome,Chrome,10080,23366035,1824982,25191017,MOBILE,0
1532,1776560400000,2026-04-19T09:00:00,mock-device-uuid-12345,com.instagram.android,Instagram,10246,20743074,3021674,23764748,MOBILE,0
1533,1776560400000,2026-04-19T09:00:00,mock-device-uuid-12345,com.spotify.music,Spotify,10299,26383350,2785276,29168626,MOBILE,0
1534,1776564000000,2026-04-19T10:00:00,mock-device-uuid-12345,com.spotify.music,Spotify,10299,27110594,2264663,29375257,MOBILE,0
1535,1776564000000,2026-04-19T10:00:00,mock-device-uuid-12345,com.tencent.ig,PUBG Mobile,10352,34773786,3049249,37823035,MOBILE,0
1536,1776564000000,2026-04-19T10:00:00,mock-device-uuid-12345,com.zhiliaoapp.musically,TikTok,10310,24204438,1956847,26161285,MOBILE,0
1537,1776564000000,2026-04-19T10:00:00,mock-device-uuid-12345,com.instagram.android,Instagram,10246,18409557,1266099,19675656,MOBILE,0
1538,1776567600000,2026-04-19T11:00:00,mock-device-uuid-12345,com.zhiliaoapp.musically,TikTok,10310,34186425,3788123,37974548,MOBILE,0
1539,1776567600000,2026-04-19T11:00:00,mock-device-uuid-12345,com.tencent.ig,PUBG Mobile,10352,27861265,1659301,29520566,MOBILE,0
1540,1776567600000,2026-04-19T11:00:00,mock-device-uuid-12345,com.facebook.katana,Facebook,10245,2232818,258284,2491102,MOBILE,0
1541,1776567600000,2026-04-19T11:00:00,mock-device-uuid-12345,com.instagram.android,Instagram,10246,17790951,2675933,20466884,MOBILE,0
1542,1776571200000,2026-04-19T12:00:00,mock-device-uuid-12345,com.instagram.android,Instagram,10246,44916465,10963862,55880327,MOBILE,0
1543,1776571200000,2026-04-19T12:00:00,mock-device-uuid-12345,com.facebook.katana,Facebook,10245,21602470,2252914,23855384,MOBILE,0
1544,1776571200000,2026-04-19T12:00:00,mock-device-uuid-12345,com.spotify.music,Spotify,10299,11970729,1455287,13426016,MOBILE,0
1545,1776571200000,2026-04-19T12:00:00,mock-device-uuid-12345,com.tencent.ig,PUBG Mobile,10352,7542888,563918,8106806,MOBILE,0
1546,1776571200000,2026-04-19T12:00:00,mock-device-uuid-12345,com.zhiliaoapp.musically,TikTok,10310,5199033,1122412,6321445,MOBILE,0
1547,1776574800000,2026-04-19T13:00:00,mock-device-uuid-12345,com.facebook.katana,Facebook,10245,30930807,5199942,36130749,MOBILE,0
1548,1776574800000,2026-04-19T13:00:00,mock-device-uuid-12345,com.google.android.youtube,YouTube,10101,12292329,1311024,13603353,MOBILE,0
1549,1776574800000,2026-04-19T13:00:00,mock-device-uuid-12345,com.android.chrome,Chrome,10080,2525767,523959,3049726,MOBILE,0
1550,1776574800000,2026-04-19T13:00:00,mock-device-uuid-12345,com.spotify.music,Spotify,10299,9074089,1510465,10584554,MOBILE,0
1551,1776578400000,2026-04-19T14:00:00,mock-device-uuid-12345,com.instagram.android,Instagram,10246,16286340,2927951,19214291,MOBILE,0
1552,1776578400000,2026-04-19T14:00:00,mock-device-uuid-12345,com.google.android.youtube,YouTube,10101,37784760,3660943,41445703,MOBILE,0
1553,1776578400000,2026-04-19T14:00:00,mock-device-uuid-12345,com.spotify.music,Spotify,10299,4587850,356727,4944577,MOBILE,0
1554,1776578400000,2026-04-19T14:00:00,mock-device-uuid-12345,com.facebook.katana,Facebook,10245,2820967,610016,3430983,MOBILE,0
1555,1776578400000,2026-04-19T14:00:00,mock-device-uuid-12345,com.android.chrome,Chrome,10080,23327121,1564880,24892001,MOBILE,0
1556,1776582000000,2026-04-19T15:00:00,mock-device-uuid-12345,com.instagram.android,Instagram,10246,12460914,2228547,14689461,MOBILE,0
1557,1776582000000,2026-04-19T15:00:00,mock-device-uuid-12345,com.tencent.ig,PUBG Mobile,10352,43151342,6450053,49601395,MOBILE,0
1558,1776582000000,2026-04-19T15:00:00,mock-device-uuid-12345,com.android.chrome,Chrome,10080,2076194,488046,2564240,MOBILE,0
1559,1776582000000,2026-04-19T15:00:00,mock-device-uuid-12345,com.google.android.youtube,YouTube,10101,21749561,4015988,25765549,MOBILE,0
1560,1776582000000,2026-04-19T15:00:00,mock-device-uuid-12345,com.spotify.music,Spotify,10299,20224846,1818913,22043759,MOBILE,0
1561,1776585600000,2026-04-19T16:00:00,mock-device-uuid-12345,com.android.chrome,Chrome,10080,22453826,2190902,24644728,MOBILE,0
1562,1776585600000,2026-04-19T16:00:00,mock-device-uuid-12345,com.zhiliaoapp.musically,TikTok,10310,29320738,1655575,30976313,MOBILE,0
1563,1776585600000,2026-04-19T16:00:00,mock-device-uuid-12345,com.spotify.music,Spotify,10299,14520435,2871181,17391616,MOBILE,0
1564,1776585600000,2026-04-19T16:00:00,mock-device-uuid-12345,com.google.android.youtube,YouTube,10101,3907350,234172,4141522,MOBILE,0
1565,1776585600000,2026-04-19T16:00:00,mock-device-uuid-12345,com.tencent.ig,PUBG Mobile,10352,7547294,1882696,9429990,MOBILE,0
1566,1776589200000,2026-04-19T17:00:00,mock-device-uuid-12345,com.android.chrome,Chrome,10080,9848455,1133791,10982246,MOBILE,0
1567,1776589200000,2026-04-19T17:00:00,mock-device-uuid-12345,com.tencent.ig,PUBG Mobile,10352,61708382,14757359,76465741,MOBILE,0
1568,1776592800000,2026-04-19T18:00:00,mock-device-uuid-12345,com.android.chrome,Chrome,10080,125805317,9253696,135059013,MOBILE,0
1569,1776592800000,2026-04-19T18:00:00,mock-device-uuid-12345,com.spotify.music,Spotify,10299,24290336,1496571,25786907,MOBILE,0
1570,1776592800000,2026-04-19T18:00:00,mock-device-uuid-12345,com.tencent.ig,PUBG Mobile,10352,45090842,9516455,54607297,MOBILE,0
1571,1776596400000,2026-04-19T19:00:00,mock-device-uuid-12345,com.android.chrome,Chrome,10080,19505098,1890779,21395877,MOBILE,0
1572,1776596400000,2026-04-19T19:00:00,mock-device-uuid-12345,com.google.android.youtube,YouTube,10101,60447938,9687029,70134967,MOBILE,0
1573,1776596400000,2026-04-19T19:00:00,mock-device-uuid-12345,com.spotify.music,Spotify,10299,169082816,19815931,188898747,MOBILE,0
1574,1776600000000,2026-04-19T20:00:00,mock-device-uuid-12345,com.tencent.ig,PUBG Mobile,10352,149766215,28496426,178262641,MOBILE,0
1575,1776600000000,2026-04-19T20:00:00,mock-device-uuid-12345,com.instagram.android,Instagram,10246,8489663,1162851,9652514,MOBILE,0
1576,1776600000000,2026-04-19T20:00:00,mock-device-uuid-12345,com.android.chrome,Chrome,10080,23156441,3168779,26325220,MOBILE,0
1577,1776600000000,2026-04-19T20:00:00,mock-device-uuid-12345,com.zhiliaoapp.musically,TikTok,10310,67774116,9687186,77461302,MOBILE,0
1578,1776603600000,2026-04-19T21:00:00,mock-device-uuid-12345,com.instagram.android,Instagram,10246,9748389,1310602,11058991,MOBILE,0
1579,1776603600000,2026-04-19T21:00:00,mock-device-uuid-12345,com.android.chrome,Chrome,10080,107412601,11749114,119161715,MOBILE,0
1580,1776603600000,2026-04-19T21:00:00,mock-device-uuid-12345,com.zhiliaoapp.musically,TikTok,10310,48164857,10681391,58846248,MOBILE,0
1581,1776607200000,2026-04-19T22:00:00,mock-device-uuid-12345,com.spotify.music,Spotify,10299,47448470,7910668,55359138,MOBILE,0
1582,1776607200000,2026-04-19T22:00:00,mock-device-uuid-12345,com.google.android.youtube,YouTube,10101,98501492,6840082,105341574,MOBILE,0
1583,1776607200000,2026-04-19T22:00:00,mock-device-uuid-12345,com.facebook.katana,Facebook,10245,2538718,152678,2691396,MOBILE,0
1584,1776607200000,2026-04-19T22:00:00,mock-device-uuid-12345,com.tencent.ig,PUBG Mobile,10352,39385873,5299866,44685739,MOBILE,0
1585,1776610800000,2026-04-19T23:00:00,mock-device-uuid-12345,com.zhiliaoapp.musically,TikTok,10310,19204038,2129738,21333776,MOBILE,0
1586,1776610800000,2026-04-19T23:00:00,mock-device-uuid-12345,com.google.android.youtube,YouTube,10101,63860755,15168242,79028997,MOBILE,0
1587,1776610800000,2026-04-19T23:00:00,mock-device-uuid-12345,com.android.chrome,Chrome,10080,29627178,5315359,34942537,MOBILE,0
1588,1776614400000,2026-04-20T00:00:00,mock-device-uuid-12345,com.instagram.android,Instagram,10246,3767472,835112,4602584,MOBILE,0
1589,1776614400000,2026-04-20T00:00:00,mock-device-uuid-12345,com.android.chrome,Chrome,10080,1346100,163022,1509122,MOBILE,0
1590,1776614400000,2026-04-20T00:00:00,mock-device-uuid-12345,com.zhiliaoapp.musically,TikTok,10310,1142417,191080,1333497,MOBILE,0
1591,1776618000000,2026-04-20T01:00:00,mock-device-uuid-12345,com.android.chrome,Chrome,10080,4327049,774164,5101213,MOBILE,0
1592,1776618000000,2026-04-20T01:00:00,mock-device-uuid-12345,com.facebook.katana,Facebook,10245,1892039,389258,2281297,MOBILE,0
1593,1776618000000,2026-04-20T01:00:00,mock-device-uuid-12345,com.zhiliaoapp.musically,TikTok,10310,4699432,443192,5142624,MOBILE,0
1594,1776621600000,2026-04-20T02:00:00,mock-device-uuid-12345,com.android.chrome,Chrome,10080,0,0,0,MOBILE,0
1595,1776621600000,2026-04-20T02:00:00,mock-device-uuid-12345,com.zhiliaoapp.musically,TikTok,10310,0,0,0,MOBILE,0
1596,1776621600000,2026-04-20T02:00:00,mock-device-uuid-12345,com.spotify.music,Spotify,10299,0,0,0,MOBILE,0
1597,1776625200000,2026-04-20T03:00:00,mock-device-uuid-12345,com.tencent.ig,PUBG Mobile,10352,0,0,0,MOBILE,0
1598,1776625200000,2026-04-20T03:00:00,mock-device-uuid-12345,com.google.android.youtube,YouTube,10101,0,0,0,MOBILE,0
1599,1776625200000,2026-04-20T03:00:00,mock-device-uuid-12345,com.facebook.katana,Facebook,10245,0,0,0,MOBILE,0
1600,1776625200000,2026-04-20T03:00:00,mock-device-uuid-12345,com.spotify.music,Spotify,10299,0,0,0,MOBILE,0
1601,1776628800000,2026-04-20T04:00:00,mock-device-uuid-12345,com.instagram.android,Instagram,10246,0,0,0,MOBILE,0
1602,1776628800000,2026-04-20T04:00:00,mock-device-uuid-12345,com.tencent.ig,PUBG Mobile,10352,0,0,0,MOBILE,0
1603,1776632400000,2026-04-20T05:00:00,mock-device-uuid-12345,com.facebook.katana,Facebook,10245,416019,98309,514328,MOBILE,0
1604,1776632400000,2026-04-20T05:00:00,mock-device-uuid-12345,com.google.android.youtube,YouTube,10101,2995116,443897,3439013,MOBILE,0
1605,1776636000000,2026-04-20T06:00:00,mock-device-uuid-12345,com.google.android.youtube,YouTube,10101,15245897,3481814,18727711,MOBILE,0
1606,1776636000000,2026-04-20T06:00:00,mock-device-uuid-12345,com.instagram.android,Instagram,10246,2049016,421168,2470184,MOBILE,0
1607,1776636000000,2026-04-20T06:00:00,mock-device-uuid-12345,com.tencent.ig,PUBG Mobile,10352,12510269,1064655,13574924,MOBILE,0
1608,1776636000000,2026-04-20T06:00:00,mock-device-uuid-12345,com.facebook.katana,Facebook,10245,1038452,184164,1222616,MOBILE,0
1609,1776636000000,2026-04-20T06:00:00,mock-device-uuid-12345,com.zhiliaoapp.musically,TikTok,10310,4451571,1000893,5452464,MOBILE,0
1610,1776639600000,2026-04-20T07:00:00,mock-device-uuid-12345,com.android.chrome,Chrome,10080,26346414,2552174,28898588,MOBILE,0
1611,1776639600000,2026-04-20T07:00:00,mock-device-uuid-12345,com.google.android.youtube,YouTube,10101,12151594,2320148,14471742,MOBILE,0
1612,1776639600000,2026-04-20T07:00:00,mock-device-uuid-12345,com.facebook.katana,Facebook,10245,36377585,2010918,38388503,MOBILE,0
1613,1776643200000,2026-04-20T08:00:00,mock-device-uuid-12345,com.android.chrome,Chrome,10080,30040988,3226978,33267966,MOBILE,0
1614,1776643200000,2026-04-20T08:00:00,mock-device-uuid-12345,com.zhiliaoapp.musically,TikTok,10310,17088261,936125,18024386,MOBILE,0
1615,1776646800000,2026-04-20T09:00:00,mock-device-uuid-12345,com.android.chrome,Chrome,10080,10239987,1227730,11467717,MOBILE,0
1616,1776646800000,2026-04-20T09:00:00,mock-device-uuid-12345,com.zhiliaoapp.musically,TikTok,10310,2863048,514461,3377509,MOBILE,0
1617,1776646800000,2026-04-20T09:00:00,mock-device-uuid-12345,com.google.android.youtube,YouTube,10101,4743756,1079325,5823081,MOBILE,0
1618,1776646800000,2026-04-20T09:00:00,mock-device-uuid-12345,com.facebook.katana,Facebook,10245,4040840,660946,4701786,MOBILE,0
1619,1776646800000,2026-04-20T09:00:00,mock-device-uuid-12345,com.instagram.android,Instagram,10246,14920613,1166211,16086824,MOBILE,0
1620,1776650400000,2026-04-20T10:00:00,mock-device-uuid-12345,com.google.android.youtube,YouTube,10101,4481503,289788,4771291,MOBILE,0
1621,1776650400000,2026-04-20T10:00:00,mock-device-uuid-12345,com.facebook.katana,Facebook,10245,1114346,252327,1366673,MOBILE,0
1622,1776650400000,2026-04-20T10:00:00,mock-device-uuid-12345,com.tencent.ig,PUBG Mobile,10352,6267205,741461,7008666,MOBILE,0
1623,1776650400000,2026-04-20T10:00:00,mock-device-uuid-12345,com.instagram.android,Instagram,10246,708436,168474,876910,MOBILE,0
1624,1776650400000,2026-04-20T10:00:00,mock-device-uuid-12345,com.spotify.music,Spotify,10299,5059295,376321,5435616,MOBILE,0
1625,1776654000000,2026-04-20T11:00:00,mock-device-uuid-12345,com.spotify.music,Spotify,10299,6065918,1031093,7097011,MOBILE,0
1626,1776654000000,2026-04-20T11:00:00,mock-device-uuid-12345,com.android.chrome,Chrome,10080,10185882,959226,11145108,MOBILE,0
1627,1776654000000,2026-04-20T11:00:00,mock-device-uuid-12345,com.instagram.android,Instagram,10246,4158083,804075,4962158,MOBILE,0
1628,1776654000000,2026-04-20T11:00:00,mock-device-uuid-12345,com.tencent.ig,PUBG Mobile,10352,9216779,712371,9929150,MOBILE,0
1629,1776657600000,2026-04-20T12:00:00,mock-device-uuid-12345,com.google.android.youtube,YouTube,10101,1878242,412379,2290621,MOBILE,0
1630,1776657600000,2026-04-20T12:00:00,mock-device-uuid-12345,com.facebook.katana,Facebook,10245,12579316,2366542,14945858,MOBILE,0
1631,1776657600000,2026-04-20T12:00:00,mock-device-uuid-12345,com.tencent.ig,PUBG Mobile,10352,3756763,891093,4647856,MOBILE,0
1632,1776657600000,2026-04-20T12:00:00,mock-device-uuid-12345,com.spotify.music,Spotify,10299,17984365,2180978,20165343,MOBILE,0
1633,1776661200000,2026-04-20T13:00:00,mock-device-uuid-12345,com.android.chrome,Chrome,10080,23907752,1366833,25274585,MOBILE,0
1634,1776661200000,2026-04-20T13:00:00,mock-device-uuid-12345,com.spotify.music,Spotify,10299,18152435,1061459,19213894,MOBILE,0
1635,1776661200000,2026-04-20T13:00:00,mock-device-uuid-12345,com.google.android.youtube,YouTube,10101,5650010,1012876,6662886,MOBILE,0
1636,1776661200000,2026-04-20T13:00:00,mock-device-uuid-12345,com.instagram.android,Instagram,10246,944028,166734,1110762,MOBILE,0
1637,1776661200000,2026-04-20T13:00:00,mock-device-uuid-12345,com.zhiliaoapp.musically,TikTok,10310,10353994,2243755,12597749,MOBILE,0
1638,1776664800000,2026-04-20T14:00:00,mock-device-uuid-12345,com.spotify.music,Spotify,10299,12726913,2764406,15491319,MOBILE,0
1639,1776664800000,2026-04-20T14:00:00,mock-device-uuid-12345,com.android.chrome,Chrome,10080,33228159,3537040,36765199,MOBILE,0
1640,1776668400000,2026-04-20T15:00:00,mock-device-uuid-12345,com.google.android.youtube,YouTube,10101,14137731,993528,15131259,MOBILE,0
1641,1776668400000,2026-04-20T15:00:00,mock-device-uuid-12345,com.tencent.ig,PUBG Mobile,10352,11767491,2926782,14694273,MOBILE,0
1642,1776668400000,2026-04-20T15:00:00,mock-device-uuid-12345,com.spotify.music,Spotify,10299,3309974,513479,3823453,MOBILE,0
1643,1776668400000,2026-04-20T15:00:00,mock-device-uuid-12345,com.zhiliaoapp.musically,TikTok,10310,18263153,2081661,20344814,MOBILE,0
1644,1776672000000,2026-04-20T16:00:00,mock-device-uuid-12345,com.spotify.music,Spotify,10299,10935490,1285765,12221255,MOBILE,0
1645,1776672000000,2026-04-20T16:00:00,mock-device-uuid-12345,com.instagram.android,Instagram,10246,46575136,4578703,51153839,MOBILE,0
1646,1776675600000,2026-04-20T17:00:00,mock-device-uuid-12345,com.google.android.youtube,YouTube,10101,37836093,6857442,44693535,MOBILE,0
1647,1776675600000,2026-04-20T17:00:00,mock-device-uuid-12345,com.android.chrome,Chrome,10080,10423292,1956620,12379912,MOBILE,0
1648,1776675600000,2026-04-20T17:00:00,mock-device-uuid-12345,com.tencent.ig,PUBG Mobile,10352,5631549,458139,6089688,MOBILE,0
1649,1776675600000,2026-04-20T17:00:00,mock-device-uuid-12345,com.spotify.music,Spotify,10299,3612292,517879,4130171,MOBILE,0
1650,1776679200000,2026-04-20T18:00:00,mock-device-uuid-12345,com.android.chrome,Chrome,10080,36820217,8121422,44941639,MOBILE,0
1651,1776679200000,2026-04-20T18:00:00,mock-device-uuid-12345,com.tencent.ig,PUBG Mobile,10352,22543392,5133716,27677108,MOBILE,0
1652,1776679200000,2026-04-20T18:00:00,mock-device-uuid-12345,com.google.android.youtube,YouTube,10101,23637798,3460628,27098426,MOBILE,0
1653,1776679200000,2026-04-20T18:00:00,mock-device-uuid-12345,com.spotify.music,Spotify,10299,23461757,3812220,27273977,MOBILE,0
1654,1776682800000,2026-04-20T19:00:00,mock-device-uuid-12345,com.instagram.android,Instagram,10246,94655658,8577556,103233214,MOBILE,0
1655,1776682800000,2026-04-20T19:00:00,mock-device-uuid-12345,com.spotify.music,Spotify,10299,60890553,11346198,72236751,MOBILE,0
1656,1776686400000,2026-04-20T20:00:00,mock-device-uuid-12345,com.zhiliaoapp.musically,TikTok,10310,22751882,5676537,28428419,MOBILE,0
1657,1776686400000,2026-04-20T20:00:00,mock-device-uuid-12345,com.instagram.android,Instagram,10246,110989375,26584245,137573620,MOBILE,0
1658,1776686400000,2026-04-20T20:00:00,mock-device-uuid-12345,com.spotify.music,Spotify,10299,60156630,12692262,72848892,MOBILE,0
1659,1776690000000,2026-04-20T21:00:00,mock-device-uuid-12345,com.google.android.youtube,YouTube,10101,33932028,5090161,39022189,MOBILE,0
1660,1776690000000,2026-04-20T21:00:00,mock-device-uuid-12345,com.instagram.android,Instagram,10246,14672805,1989588,16662393,MOBILE,0
1661,1776690000000,2026-04-20T21:00:00,mock-device-uuid-12345,com.zhiliaoapp.musically,TikTok,10310,120536008,28109437,148645445,MOBILE,0
1662,1776693600000,2026-04-20T22:00:00,mock-device-uuid-12345,com.tencent.ig,PUBG Mobile,10352,24573029,4178440,28751469,MOBILE,0
1663,1776693600000,2026-04-20T22:00:00,mock-device-uuid-12345,com.android.chrome,Chrome,10080,22641183,1569221,24210404,MOBILE,0
1664,1776693600000,2026-04-20T22:00:00,mock-device-uuid-12345,com.zhiliaoapp.musically,TikTok,10310,14709756,1248766,15958522,MOBILE,0
1665,1776693600000,2026-04-20T22:00:00,mock-device-uuid-12345,com.facebook.katana,Facebook,10245,22858012,1318449,24176461,MOBILE,0
1666,1776693600000,2026-04-20T22:00:00,mock-device-uuid-12345,com.instagram.android,Instagram,10246,87900966,5389495,93290461,MOBILE,0
1667,1776697200000,2026-04-20T23:00:00,mock-device-uuid-12345,com.instagram.android,Instagram,10246,33772865,5325550,39098415,MOBILE,0
1668,1776697200000,2026-04-20T23:00:00,mock-device-uuid-12345,com.tencent.ig,PUBG Mobile,10352,31635970,6960864,38596834,MOBILE,0
1669,1776697200000,2026-04-20T23:00:00,mock-device-uuid-12345,com.android.chrome,Chrome,10080,8516436,758482,9274918,MOBILE,0
1670,1776697200000,2026-04-20T23:00:00,mock-device-uuid-12345,com.google.android.youtube,YouTube,10101,11208222,2491721,13699943,MOBILE,0
1671,1776700800000,2026-04-21T00:00:00,mock-device-uuid-12345,com.google.android.youtube,YouTube,10101,9415550,945326,10360876,MOBILE,0
1672,1776700800000,2026-04-21T00:00:00,mock-device-uuid-12345,com.tencent.ig,PUBG Mobile,10352,8160985,728211,8889196,MOBILE,0
1673,1776704400000,2026-04-21T01:00:00,mock-device-uuid-12345,com.tencent.ig,PUBG Mobile,10352,1075919,75116,1151035,MOBILE,0
1674,1776704400000,2026-04-21T01:00:00,mock-device-uuid-12345,com.zhiliaoapp.musically,TikTok,10310,1102531,224820,1327351,MOBILE,0
1675,1776704400000,2026-04-21T01:00:00,mock-device-uuid-12345,com.instagram.android,Instagram,10246,1973940,339923,2313863,MOBILE,0
1676,1776704400000,2026-04-21T01:00:00,mock-device-uuid-12345,com.android.chrome,Chrome,10080,827734,125443,953177,MOBILE,0
1677,1776704400000,2026-04-21T01:00:00,mock-device-uuid-12345,com.spotify.music,Spotify,10299,4751011,314378,5065389,MOBILE,0
1678,1776708000000,2026-04-21T02:00:00,mock-device-uuid-12345,com.facebook.katana,Facebook,10245,0,0,0,MOBILE,0
1679,1776708000000,2026-04-21T02:00:00,mock-device-uuid-12345,com.instagram.android,Instagram,10246,0,0,0,MOBILE,0
1680,1776708000000,2026-04-21T02:00:00,mock-device-uuid-12345,com.spotify.music,Spotify,10299,0,0,0,MOBILE,0
1681,1776711600000,2026-04-21T03:00:00,mock-device-uuid-12345,com.spotify.music,Spotify,10299,0,0,0,MOBILE,0
1682,1776711600000,2026-04-21T03:00:00,mock-device-uuid-12345,com.zhiliaoapp.musically,TikTok,10310,0,0,0,MOBILE,0
1683,1776711600000,2026-04-21T03:00:00,mock-device-uuid-12345,com.facebook.katana,Facebook,10245,0,0,0,MOBILE,0
1684,1776711600000,2026-04-21T03:00:00,mock-device-uuid-12345,com.instagram.android,Instagram,10246,0,0,0,MOBILE,0
1685,1776715200000,2026-04-21T04:00:00,mock-device-uuid-12345,com.android.chrome,Chrome,10080,0,0,0,MOBILE,0
1686,1776715200000,2026-04-21T04:00:00,mock-device-uuid-12345,com.zhiliaoapp.musically,TikTok,10310,0,0,0,MOBILE,0
1687,1776715200000,2026-04-21T04:00:00,mock-device-uuid-12345,com.tencent.ig,PUBG Mobile,10352,0,0,0,MOBILE,0
1688,1776715200000,2026-04-21T04:00:00,mock-device-uuid-12345,com.google.android.youtube,YouTube,10101,0,0,0,MOBILE,0
1689,1776715200000,2026-04-21T04:00:00,mock-device-uuid-12345,com.instagram.android,Instagram,10246,0,0,0,MOBILE,0
1690,1776718800000,2026-04-21T05:00:00,mock-device-uuid-12345,com.zhiliaoapp.musically,TikTok,10310,1608054,300244,1908298,MOBILE,0
1691,1776718800000,2026-04-21T05:00:00,mock-device-uuid-12345,com.android.chrome,Chrome,10080,3127838,534568,3662406,MOBILE,0
1692,1776718800000,2026-04-21T05:00:00,mock-device-uuid-12345,com.google.android.youtube,YouTube,10101,1676286,337044,2013330,MOBILE,0
1693,1776722400000,2026-04-21T06:00:00,mock-device-uuid-12345,com.spotify.music,Spotify,10299,39520879,6176831,45697710,MOBILE,0
1694,1776722400000,2026-04-21T06:00:00,mock-device-uuid-12345,com.zhiliaoapp.musically,TikTok,10310,6301615,582635,6884250,MOBILE,0
1695,1776722400000,2026-04-21T06:00:00,mock-device-uuid-12345,com.tencent.ig,PUBG Mobile,10352,977423,204843,1182266,MOBILE,0
1696,1776722400000,2026-04-21T06:00:00,mock-device-uuid-12345,com.android.chrome,Chrome,10080,16173213,2187600,18360813,MOBILE,0
1697,1776726000000,2026-04-21T07:00:00,mock-device-uuid-12345,com.zhiliaoapp.musically,TikTok,10310,10746519,1058759,11805278,MOBILE,0
1698,1776726000000,2026-04-21T07:00:00,mock-device-uuid-12345,com.facebook.katana,Facebook,10245,2004439,257892,2262331,MOBILE,0
1699,1776726000000,2026-04-21T07:00:00,mock-device-uuid-12345,com.google.android.youtube,YouTube,10101,5648244,1370685,7018929,MOBILE,0
1700,1776726000000,2026-04-21T07:00:00,mock-device-uuid-12345,com.tencent.ig,PUBG Mobile,10352,4106179,522011,4628190,MOBILE,0
1701,1776726000000,2026-04-21T07:00:00,mock-device-uuid-12345,com.spotify.music,Spotify,10299,10384052,2439006,12823058,MOBILE,0
1702,1776729600000,2026-04-21T08:00:00,mock-device-uuid-12345,com.facebook.katana,Facebook,10245,14866670,1862584,16729254,MOBILE,0
1703,1776729600000,2026-04-21T08:00:00,mock-device-uuid-12345,com.instagram.android,Instagram,10246,8244259,1193596,9437855,MOBILE,0
1704,1776729600000,2026-04-21T08:00:00,mock-device-uuid-12345,com.android.chrome,Chrome,10080,912877,157906,1070783,MOBILE,0
1705,1776729600000,2026-04-21T08:00:00,mock-device-uuid-12345,com.google.android.youtube,YouTube,10101,2967447,227900,3195347,MOBILE,0
1706,1776733200000,2026-04-21T09:00:00,mock-device-uuid-12345,com.google.android.youtube,YouTube,10101,8752961,1885660,10638621,MOBILE,0
1707,1776733200000,2026-04-21T09:00:00,mock-device-uuid-12345,com.android.chrome,Chrome,10080,23255989,1976649,25232638,MOBILE,0
1708,1776736800000,2026-04-21T10:00:00,mock-device-uuid-12345,com.instagram.android,Instagram,10246,20860443,2439083,23299526,MOBILE,0
1709,1776736800000,2026-04-21T10:00:00,mock-device-uuid-12345,com.tencent.ig,PUBG Mobile,10352,1133327,246292,1379619,MOBILE,0
1710,1776736800000,2026-04-21T10:00:00,mock-device-uuid-12345,com.facebook.katana,Facebook,10245,4609374,462325,5071699,MOBILE,0
1711,1776736800000,2026-04-21T10:00:00,mock-device-uuid-12345,com.zhiliaoapp.musically,TikTok,10310,4050731,1006009,5056740,MOBILE,0
1712,1776740400000,2026-04-21T11:00:00,mock-device-uuid-12345,com.google.android.youtube,YouTube,10101,18437870,1629969,20067839,MOBILE,0
1713,1776740400000,2026-04-21T11:00:00,mock-device-uuid-12345,com.instagram.android,Instagram,10246,7578227,976994,8555221,MOBILE,0
1714,1776740400000,2026-04-21T11:00:00,mock-device-uuid-12345,com.tencent.ig,PUBG Mobile,10352,3950145,421243,4371388,MOBILE,0
1715,1776740400000,2026-04-21T11:00:00,mock-device-uuid-12345,com.spotify.music,Spotify,10299,7386473,1606996,8993469,MOBILE,0
1716,1776744000000,2026-04-21T12:00:00,mock-device-uuid-12345,com.google.android.youtube,YouTube,10101,12324211,2729796,15054007,MOBILE,0
1717,1776744000000,2026-04-21T12:00:00,mock-device-uuid-12345,com.android.chrome,Chrome,10080,766848,71794,838642,MOBILE,0
1718,1776744000000,2026-04-21T12:00:00,mock-device-uuid-12345,com.instagram.android,Instagram,10246,7264798,1456928,8721726,MOBILE,0
1719,1776744000000,2026-04-21T12:00:00,mock-device-uuid-12345,com.spotify.music,Spotify,10299,3398539,716798,4115337,MOBILE,0
1720,1776744000000,2026-04-21T12:00:00,mock-device-uuid-12345,com.tencent.ig,PUBG Mobile,10352,1858362,341770,2200132,MOBILE,0
1721,1776747600000,2026-04-21T13:00:00,mock-device-uuid-12345,com.android.chrome,Chrome,10080,3135724,426548,3562272,MOBILE,0
1722,1776747600000,2026-04-21T13:00:00,mock-device-uuid-12345,com.facebook.katana,Facebook,10245,24729129,2447671,27176800,MOBILE,0
1723,1776747600000,2026-04-21T13:00:00,mock-device-uuid-12345,com.google.android.youtube,YouTube,10101,2444104,439806,2883910,MOBILE,0
1724,1776747600000,2026-04-21T13:00:00,mock-device-uuid-12345,com.tencent.ig,PUBG Mobile,10352,1056940,148848,1205788,MOBILE,0
1725,1776747600000,2026-04-21T13:00:00,mock-device-uuid-12345,com.zhiliaoapp.musically,TikTok,10310,12966386,1408746,14375132,MOBILE,0
1726,1776751200000,2026-04-21T14:00:00,mock-device-uuid-12345,com.android.chrome,Chrome,10080,14536007,984148,15520155,MOBILE,0
1727,1776751200000,2026-04-21T14:00:00,mock-device-uuid-12345,com.instagram.android,Instagram,10246,6753996,464296,7218292,MOBILE,0
1728,1776751200000,2026-04-21T14:00:00,mock-device-uuid-12345,com.google.android.youtube,YouTube,10101,3871846,315040,4186886,MOBILE,0
1729,1776754800000,2026-04-21T15:00:00,mock-device-uuid-12345,com.android.chrome,Chrome,10080,34638814,8473273,43112087,MOBILE,0
1730,1776754800000,2026-04-21T15:00:00,mock-device-uuid-12345,com.google.android.youtube,YouTube,10101,8872710,841643,9714353,MOBILE,0
1731,1776754800000,2026-04-21T15:00:00,mock-device-uuid-12345,com.zhiliaoapp.musically,TikTok,10310,1646861,396584,2043445,MOBILE,0
1732,1776754800000,2026-04-21T15:00:00,mock-device-uuid-12345,com.spotify.music,Spotify,10299,2063160,195655,2258815,MOBILE,0
1733,1776754800000,2026-04-21T15:00:00,mock-device-uuid-12345,com.instagram.android,Instagram,10246,4433857,1090486,5524343,MOBILE,0
1734,1776758400000,2026-04-21T16:00:00,mock-device-uuid-12345,com.google.android.youtube,YouTube,10101,15943507,3091195,19034702,MOBILE,0
1735,1776758400000,2026-04-21T16:00:00,mock-device-uuid-12345,com.facebook.katana,Facebook,10245,4960313,1225217,6185530,MOBILE,0
1736,1776758400000,2026-04-21T16:00:00,mock-device-uuid-12345,com.android.chrome,Chrome,10080,8333775,1444268,9778043,MOBILE,0
1737,1776758400000,2026-04-21T16:00:00,mock-device-uuid-12345,com.instagram.android,Instagram,10246,10647219,2316471,12963690,MOBILE,0
1738,1776758400000,2026-04-21T16:00:00,mock-device-uuid-12345,com.spotify.music,Spotify,10299,12613035,2762449,15375484,MOBILE,0
1739,1776762000000,2026-04-21T17:00:00,mock-device-uuid-12345,com.spotify.music,Spotify,10299,14225757,782271,15008028,MOBILE,0
1740,1776762000000,2026-04-21T17:00:00,mock-device-uuid-12345,com.android.chrome,Chrome,10080,3668173,499057,4167230,MOBILE,0
1741,1776762000000,2026-04-21T17:00:00,mock-device-uuid-12345,com.instagram.android,Instagram,10246,23991048,5577167,29568215,MOBILE,0
1742,1776765600000,2026-04-21T18:00:00,mock-device-uuid-12345,com.spotify.music,Spotify,10299,23128064,3037602,26165666,MOBILE,0
1743,1776765600000,2026-04-21T18:00:00,mock-device-uuid-12345,com.facebook.katana,Facebook,10245,62704763,8950143,71654906,MOBILE,0
1744,1776765600000,2026-04-21T18:00:00,mock-device-uuid-12345,com.tencent.ig,PUBG Mobile,10352,80965148,13658278,94623426,MOBILE,0
1745,1776769200000,2026-04-21T19:00:00,mock-device-uuid-12345,com.android.chrome,Chrome,10080,77321786,17489881,94811667,MOBILE,0
1746,1776769200000,2026-04-21T19:00:00,mock-device-uuid-12345,com.facebook.katana,Facebook,10245,16425502,3756810,20182312,MOBILE,0
1747,1776769200000,2026-04-21T19:00:00,mock-device-uuid-12345,com.zhiliaoapp.musically,TikTok,10310,11524016,2272141,13796157,MOBILE,0
1748,1776769200000,2026-04-21T19:00:00,mock-device-uuid-12345,com.spotify.music,Spotify,10299,9775807,1207125,10982932,MOBILE,0
1749,1776769200000,2026-04-21T19:00:00,mock-device-uuid-12345,com.tencent.ig,PUBG Mobile,10352,10125064,2278345,12403409,MOBILE,0
1750,1776772800000,2026-04-21T20:00:00,mock-device-uuid-12345,com.android.chrome,Chrome,10080,97625802,12344912,109970714,MOBILE,0
1751,1776772800000,2026-04-21T20:00:00,mock-device-uuid-12345,com.tencent.ig,PUBG Mobile,10352,76553541,12628453,89181994,MOBILE,0
1752,1776772800000,2026-04-21T20:00:00,mock-device-uuid-12345,com.facebook.katana,Facebook,10245,43813549,2519329,46332878,MOBILE,0
1753,1776776400000,2026-04-21T21:00:00,mock-device-uuid-12345,com.tencent.ig,PUBG Mobile,10352,76322104,10369200,86691304,MOBILE,0
1754,1776776400000,2026-04-21T21:00:00,mock-device-uuid-12345,com.zhiliaoapp.musically,TikTok,10310,11285492,716058,12001550,MOBILE,0
1755,1776776400000,2026-04-21T21:00:00,mock-device-uuid-12345,com.spotify.music,Spotify,10299,14568964,3444173,18013137,MOBILE,0
1756,1776776400000,2026-04-21T21:00:00,mock-device-uuid-12345,com.android.chrome,Chrome,10080,16167489,2308405,18475894,MOBILE,0
1757,1776776400000,2026-04-21T21:00:00,mock-device-uuid-12345,com.instagram.android,Instagram,10246,77038513,18326228,95364741,MOBILE,0
1758,1776780000000,2026-04-21T22:00:00,mock-device-uuid-12345,com.tencent.ig,PUBG Mobile,10352,29356499,5211837,34568336,MOBILE,0
1759,1776780000000,2026-04-21T22:00:00,mock-device-uuid-12345,com.facebook.katana,Facebook,10245,107594633,19027698,126622331,MOBILE,0
1760,1776783600000,2026-04-21T23:00:00,mock-device-uuid-12345,com.android.chrome,Chrome,10080,46783456,7011700,53795156,MOBILE,0
1761,1776783600000,2026-04-21T23:00:00,mock-device-uuid-12345,com.instagram.android,Instagram,10246,8930984,1977445,10908429,MOBILE,0
1762,1776783600000,2026-04-21T23:00:00,mock-device-uuid-12345,com.spotify.music,Spotify,10299,15719281,994130,16713411,MOBILE,0
1763,1776787200000,2026-04-22T00:00:00,mock-device-uuid-12345,com.spotify.music,Spotify,10299,91556,18650,110206,MOBILE,0
1764,1776787200000,2026-04-22T00:00:00,mock-device-uuid-12345,com.zhiliaoapp.musically,TikTok,10310,167720,17051,184771,MOBILE,0
1765,1776787200000,2026-04-22T00:00:00,mock-device-uuid-12345,com.instagram.android,Instagram,10246,26792,4438,31230,MOBILE,0
1766,1776787200000,2026-04-22T00:00:00,mock-device-uuid-12345,com.tencent.ig,PUBG Mobile,10352,57111,4653,61764,MOBILE,0
1767,1776790800000,2026-04-22T01:00:00,mock-device-uuid-12345,com.google.android.youtube,YouTube,10101,5191803,757483,5949286,MOBILE,0
1768,1776790800000,2026-04-22T01:00:00,mock-device-uuid-12345,com.spotify.music,Spotify,10299,1719205,268419,1987624,MOBILE,0
1769,1776790800000,2026-04-22T01:00:00,mock-device-uuid-12345,com.android.chrome,Chrome,10080,1686027,335388,2021415,MOBILE,0
1770,1776794400000,2026-04-22T02:00:00,mock-device-uuid-12345,com.instagram.android,Instagram,10246,0,0,0,MOBILE,0
1771,1776794400000,2026-04-22T02:00:00,mock-device-uuid-12345,com.tencent.ig,PUBG Mobile,10352,0,0,0,MOBILE,0
1772,1776794400000,2026-04-22T02:00:00,mock-device-uuid-12345,com.android.chrome,Chrome,10080,0,0,0,MOBILE,0
1773,1776794400000,2026-04-22T02:00:00,mock-device-uuid-12345,com.spotify.music,Spotify,10299,0,0,0,MOBILE,0
1774,1776794400000,2026-04-22T02:00:00,mock-device-uuid-12345,com.google.android.youtube,YouTube,10101,0,0,0,MOBILE,0
1775,1776798000000,2026-04-22T03:00:00,mock-device-uuid-12345,com.zhiliaoapp.musically,TikTok,10310,4812774,454143,5266917,MOBILE,0
1776,1776798000000,2026-04-22T03:00:00,mock-device-uuid-12345,com.tencent.ig,PUBG Mobile,10352,4394586,830564,5225150,MOBILE,0
1777,1776798000000,2026-04-22T03:00:00,mock-device-uuid-12345,com.instagram.android,Instagram,10246,690456,91737,782193,MOBILE,0
1778,1776798000000,2026-04-22T03:00:00,mock-device-uuid-12345,com.spotify.music,Spotify,10299,892339,214140,1106479,MOBILE,0
1779,1776798000000,2026-04-22T03:00:00,mock-device-uuid-12345,com.facebook.katana,Facebook,10245,419485,85408,504893,MOBILE,0
1780,1776801600000,2026-04-22T04:00:00,mock-device-uuid-12345,com.google.android.youtube,YouTube,10101,5528053,1348230,6876283,MOBILE,0
1781,1776801600000,2026-04-22T04:00:00,mock-device-uuid-12345,com.android.chrome,Chrome,10080,463598,62178,525776,MOBILE,0
1782,1776801600000,2026-04-22T04:00:00,mock-device-uuid-12345,com.zhiliaoapp.musically,TikTok,10310,1581853,298630,1880483,MOBILE,0
1783,1776801600000,2026-04-22T04:00:00,mock-device-uuid-12345,com.spotify.music,Spotify,10299,800356,42358,842714,MOBILE,0
1784,1776805200000,2026-04-22T05:00:00,mock-device-uuid-12345,com.zhiliaoapp.musically,TikTok,10310,833130,82417,915547,MOBILE,0
1785,1776805200000,2026-04-22T05:00:00,mock-device-uuid-12345,com.google.android.youtube,YouTube,10101,2075376,200932,2276308,MOBILE,0
1786,1776805200000,2026-04-22T05:00:00,mock-device-uuid-12345,com.android.chrome,Chrome,10080,1767440,246359,2013799,MOBILE,0
1787,1776808800000,2026-04-22T06:00:00,mock-device-uuid-12345,com.google.android.youtube,YouTube,10101,6855229,1665702,8520931,MOBILE,0
1788,1776808800000,2026-04-22T06:00:00,mock-device-uuid-12345,com.instagram.android,Instagram,10246,13155316,2503780,15659096,MOBILE,0
1789,1776808800000,2026-04-22T06:00:00,mock-device-uuid-12345,com.tencent.ig,PUBG Mobile,10352,20330317,4169061,24499378,MOBILE,0
1790,1776812400000,2026-04-22T07:00:00,mock-device-uuid-12345,com.facebook.katana,Facebook,10245,11399355,2429444,13828799,MOBILE,0
1791,1776812400000,2026-04-22T07:00:00,mock-device-uuid-12345,com.instagram.android,Instagram,10246,26368117,1810109,28178226,MOBILE,0
1792,1776812400000,2026-04-22T07:00:00,mock-device-uuid-12345,com.zhiliaoapp.musically,TikTok,10310,3869144,649781,4518925,MOBILE,0
1793,1776812400000,2026-04-22T07:00:00,mock-device-uuid-12345,com.google.android.youtube,YouTube,10101,3027877,634707,3662584,MOBILE,0
1794,1776812400000,2026-04-22T07:00:00,mock-device-uuid-12345,com.android.chrome,Chrome,10080,26045752,4482470,30528222,MOBILE,0
1795,1776816000000,2026-04-22T08:00:00,mock-device-uuid-12345,com.facebook.katana,Facebook,10245,30263436,5348145,35611581,MOBILE,0
1796,1776816000000,2026-04-22T08:00:00,mock-device-uuid-12345,com.tencent.ig,PUBG Mobile,10352,7713917,511002,8224919,MOBILE,0
1797,1776816000000,2026-04-22T08:00:00,mock-device-uuid-12345,com.spotify.music,Spotify,10299,730072,161489,891561,MOBILE,0
1798,1776816000000,2026-04-22T08:00:00,mock-device-uuid-12345,com.google.android.youtube,YouTube,10101,2632286,477738,3110024,MOBILE,0
1799,1776816000000,2026-04-22T08:00:00,mock-device-uuid-12345,com.instagram.android,Instagram,10246,2734356,443191,3177547,MOBILE,0
1800,1776819600000,2026-04-22T09:00:00,mock-device-uuid-12345,com.instagram.android,Instagram,10246,4576894,326586,4903480,MOBILE,0
1801,1776819600000,2026-04-22T09:00:00,mock-device-uuid-12345,com.android.chrome,Chrome,10080,4059646,793944,4853590,MOBILE,0
1802,1776819600000,2026-04-22T09:00:00,mock-device-uuid-12345,com.zhiliaoapp.musically,TikTok,10310,3466427,648832,4115259,MOBILE,0
1803,1776819600000,2026-04-22T09:00:00,mock-device-uuid-12345,com.tencent.ig,PUBG Mobile,10352,3322053,815957,4138010,MOBILE,0
1804,1776823200000,2026-04-22T10:00:00,mock-device-uuid-12345,com.instagram.android,Instagram,10246,34537203,8011926,42549129,MOBILE,0
1805,1776823200000,2026-04-22T10:00:00,mock-device-uuid-12345,com.facebook.katana,Facebook,10245,12229711,833848,13063559,MOBILE,0
1806,1776823200000,2026-04-22T10:00:00,mock-device-uuid-12345,com.google.android.youtube,YouTube,10101,17425048,1595674,19020722,MOBILE,0
1807,1776823200000,2026-04-22T10:00:00,mock-device-uuid-12345,com.zhiliaoapp.musically,TikTok,10310,7464302,1713287,9177589,MOBILE,0
1808,1776826800000,2026-04-22T11:00:00,mock-device-uuid-12345,com.spotify.music,Spotify,10299,7157777,1642719,8800496,MOBILE,0
1809,1776826800000,2026-04-22T11:00:00,mock-device-uuid-12345,com.google.android.youtube,YouTube,10101,17391060,1623180,19014240,MOBILE,0
1810,1776830400000,2026-04-22T12:00:00,mock-device-uuid-12345,com.google.android.youtube,YouTube,10101,15272264,2959255,18231519,MOBILE,0
1811,1776830400000,2026-04-22T12:00:00,mock-device-uuid-12345,com.android.chrome,Chrome,10080,6349571,549995,6899566,MOBILE,0
1812,1776830400000,2026-04-22T12:00:00,mock-device-uuid-12345,com.zhiliaoapp.musically,TikTok,10310,27907069,3650674,31557743,MOBILE,0
1813,1776830400000,2026-04-22T12:00:00,mock-device-uuid-12345,com.tencent.ig,PUBG Mobile,10352,6843675,1269855,8113530,MOBILE,0
1814,1776830400000,2026-04-22T12:00:00,mock-device-uuid-12345,com.facebook.katana,Facebook,10245,7052506,1250490,8302996,MOBILE,0
1815,1776834000000,2026-04-22T13:00:00,mock-device-uuid-12345,com.spotify.music,Spotify,10299,19583895,4768644,24352539,MOBILE,0
1816,1776834000000,2026-04-22T13:00:00,mock-device-uuid-12345,com.zhiliaoapp.musically,TikTok,10310,10322504,2151454,12473958,MOBILE,0
1817,1776834000000,2026-04-22T13:00:00,mock-device-uuid-12345,com.google.android.youtube,YouTube,10101,12748646,978580,13727226,MOBILE,0
1818,1776834000000,2026-04-22T13:00:00,mock-device-uuid-12345,com.instagram.android,Instagram,10246,16475041,908789,17383830,MOBILE,0
1819,1776837600000,2026-04-22T14:00:00,mock-device-uuid-12345,com.instagram.android,Instagram,10246,21536176,1154675,22690851,MOBILE,0
1820,1776837600000,2026-04-22T14:00:00,mock-device-uuid-12345,com.spotify.music,Spotify,10299,3969865,267237,4237102,MOBILE,0
1821,1776837600000,2026-04-22T14:00:00,mock-device-uuid-12345,com.zhiliaoapp.musically,TikTok,10310,963946,118951,1082897,MOBILE,0
1822,1776837600000,2026-04-22T14:00:00,mock-device-uuid-12345,com.android.chrome,Chrome,10080,3708009,316417,4024426,MOBILE,0
1823,1776837600000,2026-04-22T14:00:00,mock-device-uuid-12345,com.facebook.katana,Facebook,10245,2855444,309030,3164474,MOBILE,0
1824,1776841200000,2026-04-22T15:00:00,mock-device-uuid-12345,com.facebook.katana,Facebook,10245,9683477,717844,10401321,MOBILE,0
1825,1776841200000,2026-04-22T15:00:00,mock-device-uuid-12345,com.zhiliaoapp.musically,TikTok,10310,22091848,3682283,25774131,MOBILE,0
1826,1776844800000,2026-04-22T16:00:00,mock-device-uuid-12345,com.tencent.ig,PUBG Mobile,10352,7419283,778394,8197677,MOBILE,0
1827,1776844800000,2026-04-22T16:00:00,mock-device-uuid-12345,com.spotify.music,Spotify,10299,28083249,2708967,30792216,MOBILE,0
1828,1776844800000,2026-04-22T16:00:00,mock-device-uuid-12345,com.instagram.android,Instagram,10246,9668916,1696573,11365489,MOBILE,0
1829,1776844800000,2026-04-22T16:00:00,mock-device-uuid-12345,com.google.android.youtube,YouTube,10101,2280454,258964,2539418,MOBILE,0
1830,1776844800000,2026-04-22T16:00:00,mock-device-uuid-12345,com.android.chrome,Chrome,10080,4954630,810322,5764952,MOBILE,0
1831,1776848400000,2026-04-22T17:00:00,mock-device-uuid-12345,com.tencent.ig,PUBG Mobile,10352,24158453,2603611,26762064,MOBILE,0
1832,1776848400000,2026-04-22T17:00:00,mock-device-uuid-12345,com.zhiliaoapp.musically,TikTok,10310,20257592,2064066,22321658,MOBILE,0
1833,1776848400000,2026-04-22T17:00:00,mock-device-uuid-12345,com.facebook.katana,Facebook,10245,2998472,300023,3298495,MOBILE,0
1834,1776848400000,2026-04-22T17:00:00,mock-device-uuid-12345,com.android.chrome,Chrome,10080,5711727,690378,6402105,MOBILE,0
1835,1776852000000,2026-04-22T18:00:00,mock-device-uuid-12345,com.instagram.android,Instagram,10246,72069393,17365005,89434398,MOBILE,0
1836,1776852000000,2026-04-22T18:00:00,mock-device-uuid-12345,com.zhiliaoapp.musically,TikTok,10310,22896221,4222080,27118301,MOBILE,0
1837,1776852000000,2026-04-22T18:00:00,mock-device-uuid-12345,com.android.chrome,Chrome,10080,6666943,729734,7396677,MOBILE,0
1838,1776852000000,2026-04-22T18:00:00,mock-device-uuid-12345,com.google.android.youtube,YouTube,10101,30848238,3766370,34614608,MOBILE,0
1839,1776855600000,2026-04-22T19:00:00,mock-device-uuid-12345,com.instagram.android,Instagram,10246,107178982,16666609,123845591,MOBILE,0
1840,1776855600000,2026-04-22T19:00:00,mock-device-uuid-12345,com.spotify.music,Spotify,10299,30064431,2994140,33058571,MOBILE,0
1841,1776855600000,2026-04-22T19:00:00,mock-device-uuid-12345,com.zhiliaoapp.musically,TikTok,10310,6335067,806300,7141367,MOBILE,0
1842,1776855600000,2026-04-22T19:00:00,mock-device-uuid-12345,com.android.chrome,Chrome,10080,20530319,4653007,25183326,MOBILE,0
1843,1776859200000,2026-04-22T20:00:00,mock-device-uuid-12345,com.facebook.katana,Facebook,10245,44320853,10156346,54477199,MOBILE,0
1844,1776859200000,2026-04-22T20:00:00,mock-device-uuid-12345,com.tencent.ig,PUBG Mobile,10352,8604917,924597,9529514,MOBILE,0
1845,1776859200000,2026-04-22T20:00:00,mock-device-uuid-12345,com.google.android.youtube,YouTube,10101,4642356,500364,5142720,MOBILE,0
1846,1776859200000,2026-04-22T20:00:00,mock-device-uuid-12345,com.instagram.android,Instagram,10246,45098805,11144999,56243804,MOBILE,0
1847,1776859200000,2026-04-22T20:00:00,mock-device-uuid-12345,com.android.chrome,Chrome,10080,23097954,3711292,26809246,MOBILE,0
1848,1776862800000,2026-04-22T21:00:00,mock-device-uuid-12345,com.google.android.youtube,YouTube,10101,42469854,9697708,52167562,MOBILE,0
1849,1776862800000,2026-04-22T21:00:00,mock-device-uuid-12345,com.zhiliaoapp.musically,TikTok,10310,117320382,16717027,134037409,MOBILE,0
1850,1776866400000,2026-04-22T22:00:00,mock-device-uuid-12345,com.android.chrome,Chrome,10080,69836934,3797065,73633999,MOBILE,0
1851,1776866400000,2026-04-22T22:00:00,mock-device-uuid-12345,com.google.android.youtube,YouTube,10101,62658479,12931273,75589752,MOBILE,0
1852,1776866400000,2026-04-22T22:00:00,mock-device-uuid-12345,com.spotify.music,Spotify,10299,19519687,2044383,21564070,MOBILE,0
1853,1776866400000,2026-04-22T22:00:00,mock-device-uuid-12345,com.tencent.ig,PUBG Mobile,10352,14983336,3610265,18593601,MOBILE,0
1854,1776870000000,2026-04-22T23:00:00,mock-device-uuid-12345,com.zhiliaoapp.musically,TikTok,10310,22977360,4855807,27833167,MOBILE,0
1855,1776870000000,2026-04-22T23:00:00,mock-device-uuid-12345,com.facebook.katana,Facebook,10245,61624526,13870138,75494664,MOBILE,0
1856,1776873600000,2026-04-23T00:00:00,mock-device-uuid-12345,com.google.android.youtube,YouTube,10101,6053478,664835,6718313,MOBILE,0
1857,1776873600000,2026-04-23T00:00:00,mock-device-uuid-12345,com.spotify.music,Spotify,10299,5523787,1049963,6573750,MOBILE,0
1858,1776877200000,2026-04-23T01:00:00,mock-device-uuid-12345,com.google.android.youtube,YouTube,10101,4206789,466196,4672985,MOBILE,0
1859,1776877200000,2026-04-23T01:00:00,mock-device-uuid-12345,com.tencent.ig,PUBG Mobile,10352,7598114,1326414,8924528,MOBILE,0
1860,1776880800000,2026-04-23T02:00:00,mock-device-uuid-12345,com.google.android.youtube,YouTube,10101,0,0,0,MOBILE,0
1861,1776880800000,2026-04-23T02:00:00,mock-device-uuid-12345,com.tencent.ig,PUBG Mobile,10352,0,0,0,MOBILE,0
1862,1776880800000,2026-04-23T02:00:00,mock-device-uuid-12345,com.spotify.music,Spotify,10299,0,0,0,MOBILE,0
1863,1776884400000,2026-04-23T03:00:00,mock-device-uuid-12345,com.android.chrome,Chrome,10080,293282,30555,323837,MOBILE,0
1864,1776884400000,2026-04-23T03:00:00,mock-device-uuid-12345,com.spotify.music,Spotify,10299,346162,35427,381589,MOBILE,0
1865,1776884400000,2026-04-23T03:00:00,mock-device-uuid-12345,com.tencent.ig,PUBG Mobile,10352,109434,10234,119668,MOBILE,0
1866,1776884400000,2026-04-23T03:00:00,mock-device-uuid-12345,com.instagram.android,Instagram,10246,502213,59643,561856,MOBILE,0
1867,1776888000000,2026-04-23T04:00:00,mock-device-uuid-12345,com.android.chrome,Chrome,10080,615960,47671,663631,MOBILE,0
1868,1776888000000,2026-04-23T04:00:00,mock-device-uuid-12345,com.google.android.youtube,YouTube,10101,777187,139909,917096,MOBILE,0
1869,1776891600000,2026-04-23T05:00:00,mock-device-uuid-12345,com.zhiliaoapp.musically,TikTok,10310,730439,78518,808957,MOBILE,0
1870,1776891600000,2026-04-23T05:00:00,mock-device-uuid-12345,com.tencent.ig,PUBG Mobile,10352,8660416,1878001,10538417,MOBILE,0
1871,1776895200000,2026-04-23T06:00:00,mock-device-uuid-12345,com.spotify.music,Spotify,10299,29038819,5400917,34439736,MOBILE,0
1872,1776895200000,2026-04-23T06:00:00,mock-device-uuid-12345,com.android.chrome,Chrome,10080,12562868,2929453,15492321,MOBILE,0
1873,1776895200000,2026-04-23T06:00:00,mock-device-uuid-12345,com.instagram.android,Instagram,10246,10460369,776568,11236937,MOBILE,0
1874,1776898800000,2026-04-23T07:00:00,mock-device-uuid-12345,com.google.android.youtube,YouTube,10101,20254441,2113107,22367548,MOBILE,0
1875,1776898800000,2026-04-23T07:00:00,mock-device-uuid-12345,com.spotify.music,Spotify,10299,2915760,651800,3567560,MOBILE,0
1876,1776898800000,2026-04-23T07:00:00,mock-device-uuid-12345,com.zhiliaoapp.musically,TikTok,10310,15071269,2190024,17261293,MOBILE,0
1877,1776902400000,2026-04-23T08:00:00,mock-device-uuid-12345,com.google.android.youtube,YouTube,10101,21119826,1239568,22359394,MOBILE,0
1878,1776902400000,2026-04-23T08:00:00,mock-device-uuid-12345,com.tencent.ig,PUBG Mobile,10352,9125225,753374,9878599,MOBILE,0
1879,1776902400000,2026-04-23T08:00:00,mock-device-uuid-12345,com.spotify.music,Spotify,10299,1924694,387025,2311719,MOBILE,0
1880,1776902400000,2026-04-23T08:00:00,mock-device-uuid-12345,com.zhiliaoapp.musically,TikTok,10310,1813624,411167,2224791,MOBILE,0
1881,1776906000000,2026-04-23T09:00:00,mock-device-uuid-12345,com.zhiliaoapp.musically,TikTok,10310,2008323,203801,2212124,MOBILE,0
1882,1776906000000,2026-04-23T09:00:00,mock-device-uuid-12345,com.spotify.music,Spotify,10299,19419250,3066615,22485865,MOBILE,0
1883,1776906000000,2026-04-23T09:00:00,mock-device-uuid-12345,com.google.android.youtube,YouTube,10101,9735951,542361,10278312,MOBILE,0
1884,1776906000000,2026-04-23T09:00:00,mock-device-uuid-12345,com.facebook.katana,Facebook,10245,313751,43897,357648,MOBILE,0
1885,1776906000000,2026-04-23T09:00:00,mock-device-uuid-12345,com.android.chrome,Chrome,10080,4578027,1009119,5587146,MOBILE,0
1886,1776909600000,2026-04-23T10:00:00,mock-device-uuid-12345,com.instagram.android,Instagram,10246,9584984,839660,10424644,MOBILE,0
1887,1776909600000,2026-04-23T10:00:00,mock-device-uuid-12345,com.tencent.ig,PUBG Mobile,10352,9799893,900586,10700479,MOBILE,0
1888,1776909600000,2026-04-23T10:00:00,mock-device-uuid-12345,com.spotify.music,Spotify,10299,5054023,612029,5666052,MOBILE,0
1889,1776909600000,2026-04-23T10:00:00,mock-device-uuid-12345,com.android.chrome,Chrome,10080,3015893,650602,3666495,MOBILE,0
1890,1776909600000,2026-04-23T10:00:00,mock-device-uuid-12345,com.google.android.youtube,YouTube,10101,23863090,2160049,26023139,MOBILE,0
1891,1776913200000,2026-04-23T11:00:00,mock-device-uuid-12345,com.zhiliaoapp.musically,TikTok,10310,11125443,1469376,12594819,MOBILE,0
1892,1776913200000,2026-04-23T11:00:00,mock-device-uuid-12345,com.tencent.ig,PUBG Mobile,10352,27097159,6603887,33701046,MOBILE,0
1893,1776913200000,2026-04-23T11:00:00,mock-device-uuid-12345,com.android.chrome,Chrome,10080,4949378,1182292,6131670,MOBILE,0
1894,1776913200000,2026-04-23T11:00:00,mock-device-uuid-12345,com.spotify.music,Spotify,10299,5568259,393970,5962229,MOBILE,0
1895,1776913200000,2026-04-23T11:00:00,mock-device-uuid-12345,com.facebook.katana,Facebook,10245,6936749,506231,7442980,MOBILE,0
1896,1776916800000,2026-04-23T12:00:00,mock-device-uuid-12345,com.facebook.katana,Facebook,10245,13296310,802977,14099287,MOBILE,0
1897,1776916800000,2026-04-23T12:00:00,mock-device-uuid-12345,com.android.chrome,Chrome,10080,10879606,2255096,13134702,MOBILE,0
1898,1776916800000,2026-04-23T12:00:00,mock-device-uuid-12345,com.instagram.android,Instagram,10246,19464933,1577410,21042343,MOBILE,0
1899,1776920400000,2026-04-23T13:00:00,mock-device-uuid-12345,com.google.android.youtube,YouTube,10101,13176899,2373158,15550057,MOBILE,0
1900,1776920400000,2026-04-23T13:00:00,mock-device-uuid-12345,com.android.chrome,Chrome,10080,3341766,299352,3641118,MOBILE,0
1901,1776920400000,2026-04-23T13:00:00,mock-device-uuid-12345,com.instagram.android,Instagram,10246,4475587,594623,5070210,MOBILE,0
1902,1776920400000,2026-04-23T13:00:00,mock-device-uuid-12345,com.spotify.music,Spotify,10299,4634929,450285,5085214,MOBILE,0
1903,1776924000000,2026-04-23T14:00:00,mock-device-uuid-12345,com.spotify.music,Spotify,10299,9964758,1052624,11017382,MOBILE,0
1904,1776924000000,2026-04-23T14:00:00,mock-device-uuid-12345,com.tencent.ig,PUBG Mobile,10352,6424133,557962,6982095,MOBILE,0
1905,1776924000000,2026-04-23T14:00:00,mock-device-uuid-12345,com.google.android.youtube,YouTube,10101,4359542,936674,5296216,MOBILE,0
1906,1776924000000,2026-04-23T14:00:00,mock-device-uuid-12345,com.instagram.android,Instagram,10246,2643832,174733,2818565,MOBILE,0
1907,1776927600000,2026-04-23T15:00:00,mock-device-uuid-12345,com.tencent.ig,PUBG Mobile,10352,9322296,2044761,11367057,MOBILE,0
1908,1776927600000,2026-04-23T15:00:00,mock-device-uuid-12345,com.instagram.android,Instagram,10246,4080142,749850,4829992,MOBILE,0
1909,1776927600000,2026-04-23T15:00:00,mock-device-uuid-12345,com.facebook.katana,Facebook,10245,9293460,1027904,10321364,MOBILE,0
1910,1776927600000,2026-04-23T15:00:00,mock-device-uuid-12345,com.spotify.music,Spotify,10299,5097209,747940,5845149,MOBILE,0
1911,1776931200000,2026-04-23T16:00:00,mock-device-uuid-12345,com.android.chrome,Chrome,10080,17889191,2530033,20419224,MOBILE,0
1912,1776931200000,2026-04-23T16:00:00,mock-device-uuid-12345,com.instagram.android,Instagram,10246,27883424,5823586,33707010,MOBILE,0
1913,1776934800000,2026-04-23T17:00:00,mock-device-uuid-12345,com.zhiliaoapp.musically,TikTok,10310,13994374,3406569,17400943,MOBILE,0
1914,1776934800000,2026-04-23T17:00:00,mock-device-uuid-12345,com.facebook.katana,Facebook,10245,19451184,2127296,21578480,MOBILE,0
1915,1776934800000,2026-04-23T17:00:00,mock-device-uuid-12345,com.instagram.android,Instagram,10246,8764345,2012045,10776390,MOBILE,0
1916,1776934800000,2026-04-23T17:00:00,mock-device-uuid-12345,com.google.android.youtube,YouTube,10101,25359788,5456243,30816031,MOBILE,0
1917,1776938400000,2026-04-23T18:00:00,mock-device-uuid-12345,com.android.chrome,Chrome,10080,65730834,16028711,81759545,MOBILE,0
1918,1776938400000,2026-04-23T18:00:00,mock-device-uuid-12345,com.tencent.ig,PUBG Mobile,10352,20217315,2845526,23062841,MOBILE,0
1919,1776938400000,2026-04-23T18:00:00,mock-device-uuid-12345,com.spotify.music,Spotify,10299,6150877,859962,7010839,MOBILE,0
1920,1776938400000,2026-04-23T18:00:00,mock-device-uuid-12345,com.google.android.youtube,YouTube,10101,16307532,1532375,17839907,MOBILE,0
1921,1776938400000,2026-04-23T18:00:00,mock-device-uuid-12345,com.instagram.android,Instagram,10246,55637014,13127618,68764632,MOBILE,0
1922,1776942000000,2026-04-23T19:00:00,mock-device-uuid-12345,com.google.android.youtube,YouTube,10101,16413276,1492003,17905279,MOBILE,0
1923,1776942000000,2026-04-23T19:00:00,mock-device-uuid-12345,com.facebook.katana,Facebook,10245,77881876,7152153,85034029,MOBILE,0
1924,1776942000000,2026-04-23T19:00:00,mock-device-uuid-12345,com.spotify.music,Spotify,10299,35473445,5371224,40844669,MOBILE,0
1925,1776942000000,2026-04-23T19:00:00,mock-device-uuid-12345,com.instagram.android,Instagram,10246,45760319,9555538,55315857,MOBILE,0
1926,1776945600000,2026-04-23T20:00:00,mock-device-uuid-12345,com.tencent.ig,PUBG Mobile,10352,72614160,8415551,81029711,MOBILE,0
1927,1776945600000,2026-04-23T20:00:00,mock-device-uuid-12345,com.google.android.youtube,YouTube,10101,21404913,1152291,22557204,MOBILE,0
1928,1776945600000,2026-04-23T20:00:00,mock-device-uuid-12345,com.zhiliaoapp.musically,TikTok,10310,15042010,2992674,18034684,MOBILE,0
1929,1776945600000,2026-04-23T20:00:00,mock-device-uuid-12345,com.spotify.music,Spotify,10299,35769049,5684204,41453253,MOBILE,0
1930,1776949200000,2026-04-23T21:00:00,mock-device-uuid-12345,com.spotify.music,Spotify,10299,40162745,5983560,46146305,MOBILE,0
1931,1776949200000,2026-04-23T21:00:00,mock-device-uuid-12345,com.zhiliaoapp.musically,TikTok,10310,40371830,7037323,47409153,MOBILE,0
1932,1776949200000,2026-04-23T21:00:00,mock-device-uuid-12345,com.facebook.katana,Facebook,10245,72767161,13621201,86388362,MOBILE,0
1933,1776952800000,2026-04-23T22:00:00,mock-device-uuid-12345,com.spotify.music,Spotify,10299,59895390,4905345,64800735,MOBILE,0
1934,1776952800000,2026-04-23T22:00:00,mock-device-uuid-12345,com.android.chrome,Chrome,10080,46690929,9710297,56401226,MOBILE,0
1935,1776952800000,2026-04-23T22:00:00,mock-device-uuid-12345,com.google.android.youtube,YouTube,10101,22714448,1367606,24082054,MOBILE,0
1936,1776952800000,2026-04-23T22:00:00,mock-device-uuid-12345,com.facebook.katana,Facebook,10245,6759883,1435333,8195216,MOBILE,0
1937,1776952800000,2026-04-23T22:00:00,mock-device-uuid-12345,com.tencent.ig,PUBG Mobile,10352,5354425,783726,6138151,MOBILE,0
1938,1776956400000,2026-04-23T23:00:00,mock-device-uuid-12345,com.spotify.music,Spotify,10299,14716408,1077110,15793518,MOBILE,0
1939,1776956400000,2026-04-23T23:00:00,mock-device-uuid-12345,com.zhiliaoapp.musically,TikTok,10310,27620580,6141717,33762297,MOBILE,0
1940,1776956400000,2026-04-23T23:00:00,mock-device-uuid-12345,com.instagram.android,Instagram,10246,15761872,2665583,18427455,MOBILE,0
1941,1776960000000,2026-04-24T00:00:00,mock-device-uuid-12345,com.instagram.android,Instagram,10246,3592604,790180,4382784,MOBILE,0
1942,1776960000000,2026-04-24T00:00:00,mock-device-uuid-12345,com.spotify.music,Spotify,10299,4363115,802643,5165758,MOBILE,0
1943,1776963600000,2026-04-24T01:00:00,mock-device-uuid-12345,com.android.chrome,Chrome,10080,1028020,59809,1087829,MOBILE,0
1944,1776963600000,2026-04-24T01:00:00,mock-device-uuid-12345,com.facebook.katana,Facebook,10245,2367819,300274,2668093,MOBILE,0
1945,1776963600000,2026-04-24T01:00:00,mock-device-uuid-12345,com.zhiliaoapp.musically,TikTok,10310,3572633,654901,4227534,MOBILE,0
1946,1776963600000,2026-04-24T01:00:00,mock-device-uuid-12345,com.instagram.android,Instagram,10246,3279446,418022,3697468,MOBILE,0
1947,1776967200000,2026-04-24T02:00:00,mock-device-uuid-12345,com.google.android.youtube,YouTube,10101,1160398,175629,1336027,MOBILE,0
1948,1776967200000,2026-04-24T02:00:00,mock-device-uuid-12345,com.zhiliaoapp.musically,TikTok,10310,228836,50799,279635,MOBILE,0
1949,1776967200000,2026-04-24T02:00:00,mock-device-uuid-12345,com.facebook.katana,Facebook,10245,1975087,171435,2146522,MOBILE,0
1950,1776970800000,2026-04-24T03:00:00,mock-device-uuid-12345,com.facebook.katana,Facebook,10245,1330200,160505,1490705,MOBILE,0
1951,1776970800000,2026-04-24T03:00:00,mock-device-uuid-12345,com.spotify.music,Spotify,10299,13607177,2176082,15783259,MOBILE,0
1952,1776970800000,2026-04-24T03:00:00,mock-device-uuid-12345,com.android.chrome,Chrome,10080,2537744,498403,3036147,MOBILE,0
1953,1776970800000,2026-04-24T03:00:00,mock-device-uuid-12345,com.instagram.android,Instagram,10246,3419955,667464,4087419,MOBILE,0
1954,1776974400000,2026-04-24T04:00:00,mock-device-uuid-12345,com.tencent.ig,PUBG Mobile,10352,0,0,0,MOBILE,0
1955,1776974400000,2026-04-24T04:00:00,mock-device-uuid-12345,com.spotify.music,Spotify,10299,0,0,0,MOBILE,0
1956,1776974400000,2026-04-24T04:00:00,mock-device-uuid-12345,com.zhiliaoapp.musically,TikTok,10310,0,0,0,MOBILE,0
1957,1776978000000,2026-04-24T05:00:00,mock-device-uuid-12345,com.android.chrome,Chrome,10080,7909585,833207,8742792,MOBILE,0
1958,1776978000000,2026-04-24T05:00:00,mock-device-uuid-12345,com.instagram.android,Instagram,10246,5020515,303234,5323749,MOBILE,0
1959,1776981600000,2026-04-24T06:00:00,mock-device-uuid-12345,com.google.android.youtube,YouTube,10101,15252181,2540751,17792932,MOBILE,0
1960,1776981600000,2026-04-24T06:00:00,mock-device-uuid-12345,com.tencent.ig,PUBG Mobile,10352,17449472,2570621,20020093,MOBILE,0
1961,1776981600000,2026-04-24T06:00:00,mock-device-uuid-12345,com.zhiliaoapp.musically,TikTok,10310,4582309,1038865,5621174,MOBILE,0
1962,1776981600000,2026-04-24T06:00:00,mock-device-uuid-12345,com.instagram.android,Instagram,10246,907995,103333,1011328,MOBILE,0
1963,1776981600000,2026-04-24T06:00:00,mock-device-uuid-12345,com.android.chrome,Chrome,10080,2293762,149252,2443014,MOBILE,0
1964,1776985200000,2026-04-24T07:00:00,mock-device-uuid-12345,com.google.android.youtube,YouTube,10101,40283590,2981148,43264738,MOBILE,0
1965,1776985200000,2026-04-24T07:00:00,mock-device-uuid-12345,com.tencent.ig,PUBG Mobile,10352,919423,96436,1015859,MOBILE,0
1966,1776985200000,2026-04-24T07:00:00,mock-device-uuid-12345,com.facebook.katana,Facebook,10245,15795826,1864742,17660568,MOBILE,0
1967,1776988800000,2026-04-24T08:00:00,mock-device-uuid-12345,com.facebook.katana,Facebook,10245,5263373,504949,5768322,MOBILE,0
1968,1776988800000,2026-04-24T08:00:00,mock-device-uuid-12345,com.tencent.ig,PUBG Mobile,10352,14470627,2039201,16509828,MOBILE,0
1969,1776992400000,2026-04-24T09:00:00,mock-device-uuid-12345,com.instagram.android,Instagram,10246,21828514,3930258,25758772,MOBILE,0
1970,1776992400000,2026-04-24T09:00:00,mock-device-uuid-12345,com.facebook.katana,Facebook,10245,19239125,4169594,23408719,MOBILE,0
1971,1776992400000,2026-04-24T09:00:00,mock-device-uuid-12345,com.tencent.ig,PUBG Mobile,10352,10709308,2568417,13277725,MOBILE,0
1972,1776996000000,2026-04-24T10:00:00,mock-device-uuid-12345,com.google.android.youtube,YouTube,10101,6320551,1004923,7325474,MOBILE,0
1973,1776996000000,2026-04-24T10:00:00,mock-device-uuid-12345,com.instagram.android,Instagram,10246,47538168,5032696,52570864,MOBILE,0
1974,1776999600000,2026-04-24T11:00:00,mock-device-uuid-12345,com.spotify.music,Spotify,10299,4491796,655817,5147613,MOBILE,0
1975,1776999600000,2026-04-24T11:00:00,mock-device-uuid-12345,com.google.android.youtube,YouTube,10101,8830774,1794162,10624936,MOBILE,0
1976,1776999600000,2026-04-24T11:00:00,mock-device-uuid-12345,com.tencent.ig,PUBG Mobile,10352,41997837,3789517,45787354,MOBILE,0
1977,1777003200000,2026-04-24T12:00:00,mock-device-uuid-12345,com.tencent.ig,PUBG Mobile,10352,3798760,333018,4131778,MOBILE,0
1978,1777003200000,2026-04-24T12:00:00,mock-device-uuid-12345,com.spotify.music,Spotify,10299,36219353,6634301,42853654,MOBILE,0
1979,1777006800000,2026-04-24T13:00:00,mock-device-uuid-12345,com.zhiliaoapp.musically,TikTok,10310,1835911,302519,2138430,MOBILE,0
1980,1777006800000,2026-04-24T13:00:00,mock-device-uuid-12345,com.facebook.katana,Facebook,10245,8738229,1664833,10403062,MOBILE,0
1981,1777010400000,2026-04-24T14:00:00,mock-device-uuid-12345,com.zhiliaoapp.musically,TikTok,10310,10209515,1394009,11603524,MOBILE,0
1982,1777010400000,2026-04-24T14:00:00,mock-device-uuid-12345,com.tencent.ig,PUBG Mobile,10352,1316116,110283,1426399,MOBILE,0
1983,1777010400000,2026-04-24T14:00:00,mock-device-uuid-12345,com.instagram.android,Instagram,10246,1778440,149370,1927810,MOBILE,0
1984,1777010400000,2026-04-24T14:00:00,mock-device-uuid-12345,com.google.android.youtube,YouTube,10101,487613,83800,571413,MOBILE,0
1985,1777010400000,2026-04-24T14:00:00,mock-device-uuid-12345,com.android.chrome,Chrome,10080,2904437,250361,3154798,MOBILE,0
1986,1777014000000,2026-04-24T15:00:00,mock-device-uuid-12345,com.facebook.katana,Facebook,10245,10098135,2077191,12175326,MOBILE,0
1987,1777014000000,2026-04-24T15:00:00,mock-device-uuid-12345,com.google.android.youtube,YouTube,10101,32695853,2177085,34872938,MOBILE,0
1988,1777014000000,2026-04-24T15:00:00,mock-device-uuid-12345,com.instagram.android,Instagram,10246,3872809,794679,4667488,MOBILE,0
1989,1777014000000,2026-04-24T15:00:00,mock-device-uuid-12345,com.android.chrome,Chrome,10080,24830141,5079246,29909387,MOBILE,0
1990,1777017600000,2026-04-24T16:00:00,mock-device-uuid-12345,com.tencent.ig,PUBG Mobile,10352,29769527,3997228,33766755,MOBILE,0
1991,1777017600000,2026-04-24T16:00:00,mock-device-uuid-12345,com.facebook.katana,Facebook,10245,11254263,2334203,13588466,MOBILE,0
1992,1777017600000,2026-04-24T16:00:00,mock-device-uuid-12345,com.instagram.android,Instagram,10246,13050845,2227684,15278529,MOBILE,0
1993,1777021200000,2026-04-24T17:00:00,mock-device-uuid-12345,com.google.android.youtube,YouTube,10101,13433688,1516103,14949791,MOBILE,0
1994,1777021200000,2026-04-24T17:00:00,mock-device-uuid-12345,com.zhiliaoapp.musically,TikTok,10310,38847700,7659337,46507037,MOBILE,0
1995,1777024800000,2026-04-24T18:00:00,mock-device-uuid-12345,com.android.chrome,Chrome,10080,55007723,5685566,60693289,MOBILE,0
1996,1777024800000,2026-04-24T18:00:00,mock-device-uuid-12345,com.tencent.ig,PUBG Mobile,10352,30083417,1822831,31906248,MOBILE,0
1997,1777024800000,2026-04-24T18:00:00,mock-device-uuid-12345,com.zhiliaoapp.musically,TikTok,10310,17297660,2880655,20178315,MOBILE,0
1998,1777024800000,2026-04-24T18:00:00,mock-device-uuid-12345,com.facebook.katana,Facebook,10245,18837523,4475422,23312945,MOBILE,0
1999,1777028400000,2026-04-24T19:00:00,mock-device-uuid-12345,com.facebook.katana,Facebook,10245,25145802,1875395,27021197,MOBILE,0
2000,1777028400000,2026-04-24T19:00:00,mock-device-uuid-12345,com.instagram.android,Instagram,10246,72185872,8849017,81034889,MOBILE,0
2001,1777028400000,2026-04-24T19:00:00,mock-device-uuid-12345,com.android.chrome,Chrome,10080,31621727,3098410,34720137,MOBILE,0
2002,1777028400000,2026-04-24T19:00:00,mock-device-uuid-12345,com.zhiliaoapp.musically,TikTok,10310,7585952,678295,8264247,MOBILE,0
2003,1777028400000,2026-04-24T19:00:00,mock-device-uuid-12345,com.spotify.music,Spotify,10299,6733917,626751,7360668,MOBILE,0
2004,1777032000000,2026-04-24T20:00:00,mock-device-uuid-12345,com.tencent.ig,PUBG Mobile,10352,39289212,8970249,48259461,MOBILE,0
2005,1777032000000,2026-04-24T20:00:00,mock-device-uuid-12345,com.zhiliaoapp.musically,TikTok,10310,43890866,2974591,46865457,MOBILE,0
2006,1777032000000,2026-04-24T20:00:00,mock-device-uuid-12345,com.google.android.youtube,YouTube,10101,79919808,6033337,85953145,MOBILE,0
2007,1777035600000,2026-04-24T21:00:00,mock-device-uuid-12345,com.spotify.music,Spotify,10299,90726249,20989106,111715355,MOBILE,0
2008,1777035600000,2026-04-24T21:00:00,mock-device-uuid-12345,com.facebook.katana,Facebook,10245,45293265,6441414,51734679,MOBILE,0
2009,1777039200000,2026-04-24T22:00:00,mock-device-uuid-12345,com.instagram.android,Instagram,10246,31592498,6128196,37720694,MOBILE,0
2010,1777039200000,2026-04-24T22:00:00,mock-device-uuid-12345,com.spotify.music,Spotify,10299,26236401,1680128,27916529,MOBILE,0
2011,1777039200000,2026-04-24T22:00:00,mock-device-uuid-12345,com.google.android.youtube,YouTube,10101,40353739,2906468,43260207,MOBILE,0
2012,1777039200000,2026-04-24T22:00:00,mock-device-uuid-12345,com.facebook.katana,Facebook,10245,6444600,1370973,7815573,MOBILE,0
2013,1777039200000,2026-04-24T22:00:00,mock-device-uuid-12345,com.android.chrome,Chrome,10080,24416395,1759737,26176132,MOBILE,0
2014,1777042800000,2026-04-24T23:00:00,mock-device-uuid-12345,com.android.chrome,Chrome,10080,39260064,8196570,47456634,MOBILE,0
2015,1777042800000,2026-04-24T23:00:00,mock-device-uuid-12345,com.instagram.android,Instagram,10246,2629567,392064,3021631,MOBILE,0
2016,1777042800000,2026-04-24T23:00:00,mock-device-uuid-12345,com.spotify.music,Spotify,10299,5733094,406377,6139471,MOBILE,0
2017,1777042800000,2026-04-24T23:00:00,mock-device-uuid-12345,com.tencent.ig,PUBG Mobile,10352,18643974,2411281,21055255,MOBILE,0
2018,1777042800000,2026-04-24T23:00:00,mock-device-uuid-12345,com.google.android.youtube,YouTube,10101,16027106,2582246,18609352,MOBILE,0
2019,1777046400000,2026-04-25T00:00:00,mock-device-uuid-12345,com.instagram.android,Instagram,10246,8292781,857116,9149897,MOBILE,0
2020,1777046400000,2026-04-25T00:00:00,mock-device-uuid-12345,com.spotify.music,Spotify,10299,2542347,478553,3020900,MOBILE,0
2021,1777046400000,2026-04-25T00:00:00,mock-device-uuid-12345,com.google.android.youtube,YouTube,10101,17900161,3759912,21660073,MOBILE,0
2022,1777046400000,2026-04-25T00:00:00,mock-device-uuid-12345,com.tencent.ig,PUBG Mobile,10352,11227617,1233835,12461452,MOBILE,0
2023,1777050000000,2026-04-25T01:00:00,mock-device-uuid-12345,com.facebook.katana,Facebook,10245,3029311,709562,3738873,MOBILE,0
2024,1777050000000,2026-04-25T01:00:00,mock-device-uuid-12345,com.zhiliaoapp.musically,TikTok,10310,20175687,2552216,22727903,MOBILE,0
2025,1777050000000,2026-04-25T01:00:00,mock-device-uuid-12345,com.instagram.android,Instagram,10246,11401908,2382582,13784490,MOBILE,0
2026,1777053600000,2026-04-25T02:00:00,mock-device-uuid-12345,com.tencent.ig,PUBG Mobile,10352,30584778,6477351,37062129,MOBILE,0
2027,1777053600000,2026-04-25T02:00:00,mock-device-uuid-12345,com.facebook.katana,Facebook,10245,6723236,1201869,7925105,MOBILE,0
2028,1777053600000,2026-04-25T02:00:00,mock-device-uuid-12345,com.instagram.android,Instagram,10246,2976229,622910,3599139,MOBILE,0
2029,1777053600000,2026-04-25T02:00:00,mock-device-uuid-12345,com.android.chrome,Chrome,10080,3207476,291107,3498583,MOBILE,0
2030,1777053600000,2026-04-25T02:00:00,mock-device-uuid-12345,com.spotify.music,Spotify,10299,5123258,887718,6010976,MOBILE,0
2031,1777057200000,2026-04-25T03:00:00,mock-device-uuid-12345,com.facebook.katana,Facebook,10245,17401016,1050243,18451259,MOBILE,0
2032,1777057200000,2026-04-25T03:00:00,mock-device-uuid-12345,com.spotify.music,Spotify,10299,5297235,1279814,6577049,MOBILE,0
2033,1777057200000,2026-04-25T03:00:00,mock-device-uuid-12345,com.zhiliaoapp.musically,TikTok,10310,7699458,721807,8421265,MOBILE,0
2034,1777060800000,2026-04-25T04:00:00,mock-device-uuid-12345,com.instagram.android,Instagram,10246,11643614,2227022,13870636,MOBILE,0
2035,1777060800000,2026-04-25T04:00:00,mock-device-uuid-12345,com.facebook.katana,Facebook,10245,1488824,175965,1664789,MOBILE,0
2036,1777060800000,2026-04-25T04:00:00,mock-device-uuid-12345,com.spotify.music,Spotify,10299,2600502,623431,3223933,MOBILE,0
2037,1777060800000,2026-04-25T04:00:00,mock-device-uuid-12345,com.google.android.youtube,YouTube,10101,1473105,235913,1709018,MOBILE,0
2038,1777060800000,2026-04-25T04:00:00,mock-device-uuid-12345,com.tencent.ig,PUBG Mobile,10352,997215,103614,1100829,MOBILE,0
2039,1777064400000,2026-04-25T05:00:00,mock-device-uuid-12345,com.zhiliaoapp.musically,TikTok,10310,28816857,3142475,31959332,MOBILE,0
2040,1777064400000,2026-04-25T05:00:00,mock-device-uuid-12345,com.facebook.katana,Facebook,10245,3966070,219848,4185918,MOBILE,0
2041,1777064400000,2026-04-25T05:00:00,mock-device-uuid-12345,com.instagram.android,Instagram,10246,1433102,277231,1710333,MOBILE,0
2042,1777064400000,2026-04-25T05:00:00,mock-device-uuid-12345,com.spotify.music,Spotify,10299,26302301,1527850,27830151,MOBILE,0
2043,1777068000000,2026-04-25T06:00:00,mock-device-uuid-12345,com.spotify.music,Spotify,10299,40414571,6361377,46775948,MOBILE,0
2044,1777068000000,2026-04-25T06:00:00,mock-device-uuid-12345,com.google.android.youtube,YouTube,10101,5866329,1081191,6947520,MOBILE,0
2045,1777068000000,2026-04-25T06:00:00,mock-device-uuid-12345,com.facebook.katana,Facebook,10245,40969341,9213417,50182758,MOBILE,0
2046,1777071600000,2026-04-25T07:00:00,mock-device-uuid-12345,com.android.chrome,Chrome,10080,13640904,1347643,14988547,MOBILE,0
2047,1777071600000,2026-04-25T07:00:00,mock-device-uuid-12345,com.spotify.music,Spotify,10299,25074066,1411824,26485890,MOBILE,0
2048,1777071600000,2026-04-25T07:00:00,mock-device-uuid-12345,com.zhiliaoapp.musically,TikTok,10310,16312188,3633324,19945512,MOBILE,0
2049,1777071600000,2026-04-25T07:00:00,mock-device-uuid-12345,com.tencent.ig,PUBG Mobile,10352,12460608,1538409,13999017,MOBILE,0
2050,1777071600000,2026-04-25T07:00:00,mock-device-uuid-12345,com.instagram.android,Instagram,10246,24446213,4371976,28818189,MOBILE,0
2051,1777075200000,2026-04-25T08:00:00,mock-device-uuid-12345,com.zhiliaoapp.musically,TikTok,10310,22890932,3120429,26011361,MOBILE,0
2052,1777075200000,2026-04-25T08:00:00,mock-device-uuid-12345,com.facebook.katana,Facebook,10245,20057952,4465964,24523916,MOBILE,0
2053,1777075200000,2026-04-25T08:00:00,mock-device-uuid-12345,com.android.chrome,Chrome,10080,13648537,1583501,15232038,MOBILE,0
2054,1777078800000,2026-04-25T09:00:00,mock-device-uuid-12345,com.instagram.android,Instagram,10246,19864128,1759805,21623933,MOBILE,0
2055,1777078800000,2026-04-25T09:00:00,mock-device-uuid-12345,com.tencent.ig,PUBG Mobile,10352,58002574,8650694,66653268,MOBILE,0
2056,1777082400000,2026-04-25T10:00:00,mock-device-uuid-12345,com.spotify.music,Spotify,10299,37599918,2715030,40314948,MOBILE,0
2057,1777082400000,2026-04-25T10:00:00,mock-device-uuid-12345,com.facebook.katana,Facebook,10245,25531043,4082493,29613536,MOBILE,0
2058,1777086000000,2026-04-25T11:00:00,mock-device-uuid-12345,com.tencent.ig,PUBG Mobile,10352,27210972,5574066,32785038,MOBILE,0
2059,1777086000000,2026-04-25T11:00:00,mock-device-uuid-12345,com.instagram.android,Instagram,10246,3206922,752093,3959015,MOBILE,0
2060,1777086000000,2026-04-25T11:00:00,mock-device-uuid-12345,com.google.android.youtube,YouTube,10101,10086451,1043533,11129984,MOBILE,0
2061,1777086000000,2026-04-25T11:00:00,mock-device-uuid-12345,com.spotify.music,Spotify,10299,14361197,2009182,16370379,MOBILE,0
2062,1777086000000,2026-04-25T11:00:00,mock-device-uuid-12345,com.facebook.katana,Facebook,10245,17773624,2059193,19832817,MOBILE,0
2063,1777089600000,2026-04-25T12:00:00,mock-device-uuid-12345,com.spotify.music,Spotify,10299,34268599,7512879,41781478,MOBILE,0
2064,1777089600000,2026-04-25T12:00:00,mock-device-uuid-12345,com.tencent.ig,PUBG Mobile,10352,4754696,261463,5016159,MOBILE,0
2065,1777089600000,2026-04-25T12:00:00,mock-device-uuid-12345,com.instagram.android,Instagram,10246,5430656,1317760,6748416,MOBILE,0
2066,1777089600000,2026-04-25T12:00:00,mock-device-uuid-12345,com.zhiliaoapp.musically,TikTok,10310,5671070,1203292,6874362,MOBILE,0
2067,1777093200000,2026-04-25T13:00:00,mock-device-uuid-12345,com.zhiliaoapp.musically,TikTok,10310,18769394,2925090,21694484,MOBILE,0
2068,1777093200000,2026-04-25T13:00:00,mock-device-uuid-12345,com.tencent.ig,PUBG Mobile,10352,28405092,5792355,34197447,MOBILE,0
2069,1777096800000,2026-04-25T14:00:00,mock-device-uuid-12345,com.google.android.youtube,YouTube,10101,3739821,500262,4240083,MOBILE,0
2070,1777096800000,2026-04-25T14:00:00,mock-device-uuid-12345,com.instagram.android,Instagram,10246,58204851,3719372,61924223,MOBILE,0
2071,1777100400000,2026-04-25T15:00:00,mock-device-uuid-12345,com.android.chrome,Chrome,10080,7195984,1103911,8299895,MOBILE,0
2072,1777100400000,2026-04-25T15:00:00,mock-device-uuid-12345,com.google.android.youtube,YouTube,10101,24472361,1413460,25885821,MOBILE,0
2073,1777100400000,2026-04-25T15:00:00,mock-device-uuid-12345,com.instagram.android,Instagram,10246,5610525,676476,6287001,MOBILE,0
2074,1777100400000,2026-04-25T15:00:00,mock-device-uuid-12345,com.facebook.katana,Facebook,10245,7862981,555736,8418717,MOBILE,0
2075,1777100400000,2026-04-25T15:00:00,mock-device-uuid-12345,com.tencent.ig,PUBG Mobile,10352,5279424,696194,5975618,MOBILE,0
2076,1777104000000,2026-04-25T16:00:00,mock-device-uuid-12345,com.instagram.android,Instagram,10246,69845746,9448201,79293947,MOBILE,0
2077,1777104000000,2026-04-25T16:00:00,mock-device-uuid-12345,com.spotify.music,Spotify,10299,33283289,6588392,39871681,MOBILE,0
2078,1777107600000,2026-04-25T17:00:00,mock-device-uuid-12345,com.google.android.youtube,YouTube,10101,48577685,4792551,53370236,MOBILE,0
2079,1777107600000,2026-04-25T17:00:00,mock-device-uuid-12345,com.spotify.music,Spotify,10299,29861624,2775446,32637070,MOBILE,0
2080,1777107600000,2026-04-25T17:00:00,mock-device-uuid-12345,com.instagram.android,Instagram,10246,1955741,309899,2265640,MOBILE,0
2081,1777107600000,2026-04-25T17:00:00,mock-device-uuid-12345,com.tencent.ig,PUBG Mobile,10352,5556937,681380,6238317,MOBILE,0
2082,1777107600000,2026-04-25T17:00:00,mock-device-uuid-12345,com.facebook.katana,Facebook,10245,9415227,2155320,11570547,MOBILE,0
2083,1777111200000,2026-04-25T18:00:00,mock-device-uuid-12345,com.spotify.music,Spotify,10299,132764612,9717133,142481745,MOBILE,0
2084,1777111200000,2026-04-25T18:00:00,mock-device-uuid-12345,com.instagram.android,Instagram,10246,51618076,8118903,59736979,MOBILE,0
2085,1777111200000,2026-04-25T18:00:00,mock-device-uuid-12345,com.facebook.katana,Facebook,10245,24615672,5023267,29638939,MOBILE,0
2086,1777114800000,2026-04-25T19:00:00,mock-device-uuid-12345,com.instagram.android,Instagram,10246,162521460,25974681,188496141,MOBILE,0
2087,1777114800000,2026-04-25T19:00:00,mock-device-uuid-12345,com.facebook.katana,Facebook,10245,48521232,6172453,54693685,MOBILE,0
2088,1777114800000,2026-04-25T19:00:00,mock-device-uuid-12345,com.tencent.ig,PUBG Mobile,10352,5782683,523179,6305862,MOBILE,0
2089,1777114800000,2026-04-25T19:00:00,mock-device-uuid-12345,com.zhiliaoapp.musically,TikTok,10310,31307220,2298978,33606198,MOBILE,0
2090,1777118400000,2026-04-25T20:00:00,mock-device-uuid-12345,com.zhiliaoapp.musically,TikTok,10310,106566256,14248565,120814821,MOBILE,0
2091,1777118400000,2026-04-25T20:00:00,mock-device-uuid-12345,com.spotify.music,Spotify,10299,168264091,13386190,181650281,MOBILE,0
2092,1777122000000,2026-04-25T21:00:00,mock-device-uuid-12345,com.google.android.youtube,YouTube,10101,105052110,23194527,128246637,MOBILE,0
2093,1777122000000,2026-04-25T21:00:00,mock-device-uuid-12345,com.instagram.android,Instagram,10246,31842185,2140669,33982854,MOBILE,0
2094,1777122000000,2026-04-25T21:00:00,mock-device-uuid-12345,com.android.chrome,Chrome,10080,3480402,404294,3884696,MOBILE,0
2095,1777122000000,2026-04-25T21:00:00,mock-device-uuid-12345,com.tencent.ig,PUBG Mobile,10352,7242914,1423871,8666785,MOBILE,0
2096,1777122000000,2026-04-25T21:00:00,mock-device-uuid-12345,com.facebook.katana,Facebook,10245,15461923,1913164,17375087,MOBILE,0
2097,1777125600000,2026-04-25T22:00:00,mock-device-uuid-12345,com.zhiliaoapp.musically,TikTok,10310,107861550,18926321,126787871,MOBILE,0
2098,1777125600000,2026-04-25T22:00:00,mock-device-uuid-12345,com.android.chrome,Chrome,10080,8500563,589416,9089979,MOBILE,0
2099,1777125600000,2026-04-25T22:00:00,mock-device-uuid-12345,com.facebook.katana,Facebook,10245,9118439,2117830,11236269,MOBILE,0
2100,1777125600000,2026-04-25T22:00:00,mock-device-uuid-12345,com.instagram.android,Instagram,10246,20485030,1405844,21890874,MOBILE,0
2101,1777125600000,2026-04-25T22:00:00,mock-device-uuid-12345,com.spotify.music,Spotify,10299,26449045,1706769,28155814,MOBILE,0
2102,1777129200000,2026-04-25T23:00:00,mock-device-uuid-12345,com.instagram.android,Instagram,10246,25573405,5948590,31521995,MOBILE,0
2103,1777129200000,2026-04-25T23:00:00,mock-device-uuid-12345,com.tencent.ig,PUBG Mobile,10352,74276649,16268184,90544833,MOBILE,0
2104,1777132800000,2026-04-26T00:00:00,mock-device-uuid-12345,com.facebook.katana,Facebook,10245,12320396,926361,13246757,MOBILE,0
2105,1777132800000,2026-04-26T00:00:00,mock-device-uuid-12345,com.spotify.music,Spotify,10299,613067,150560,763627,MOBILE,0
2106,1777132800000,2026-04-26T00:00:00,mock-device-uuid-12345,com.instagram.android,Instagram,10246,5970460,764209,6734669,MOBILE,0
2107,1777132800000,2026-04-26T00:00:00,mock-device-uuid-12345,com.google.android.youtube,YouTube,10101,3540320,471143,4011463,MOBILE,0
2108,1777132800000,2026-04-26T00:00:00,mock-device-uuid-12345,com.zhiliaoapp.musically,TikTok,10310,1980454,177771,2158225,MOBILE,0
2109,1777136400000,2026-04-26T01:00:00,mock-device-uuid-12345,com.zhiliaoapp.musically,TikTok,10310,10189543,2149443,12338986,MOBILE,0
2110,1777136400000,2026-04-26T01:00:00,mock-device-uuid-12345,com.spotify.music,Spotify,10299,9607751,2372705,11980456,MOBILE,0
2111,1777136400000,2026-04-26T01:00:00,mock-device-uuid-12345,com.facebook.katana,Facebook,10245,1403225,89223,1492448,MOBILE,0
2112,1777136400000,2026-04-26T01:00:00,mock-device-uuid-12345,com.instagram.android,Instagram,10246,2343564,398813,2742377,MOBILE,0
2113,1777136400000,2026-04-26T01:00:00,mock-device-uuid-12345,com.google.android.youtube,YouTube,10101,2573710,546985,3120695,MOBILE,0
2114,1777140000000,2026-04-26T02:00:00,mock-device-uuid-12345,com.zhiliaoapp.musically,TikTok,10310,2939591,336696,3276287,MOBILE,0
2115,1777140000000,2026-04-26T02:00:00,mock-device-uuid-12345,com.spotify.music,Spotify,10299,2126312,135033,2261345,MOBILE,0
2116,1777140000000,2026-04-26T02:00:00,mock-device-uuid-12345,com.tencent.ig,PUBG Mobile,10352,2715080,295730,3010810,MOBILE,0
2117,1777140000000,2026-04-26T02:00:00,mock-device-uuid-12345,com.android.chrome,Chrome,10080,3739847,345685,4085532,MOBILE,0
2118,1777140000000,2026-04-26T02:00:00,mock-device-uuid-12345,com.instagram.android,Instagram,10246,9706773,1129631,10836404,MOBILE,0
2119,1777143600000,2026-04-26T03:00:00,mock-device-uuid-12345,com.android.chrome,Chrome,10080,35473858,3851777,39325635,MOBILE,0
2120,1777143600000,2026-04-26T03:00:00,mock-device-uuid-12345,com.spotify.music,Spotify,10299,19383468,3726466,23109934,MOBILE,0
2121,1777147200000,2026-04-26T04:00:00,mock-device-uuid-12345,com.spotify.music,Spotify,10299,15122265,3106074,18228339,MOBILE,0
2122,1777147200000,2026-04-26T04:00:00,mock-device-uuid-12345,com.facebook.katana,Facebook,10245,9584189,2064448,11648637,MOBILE,0
2123,1777147200000,2026-04-26T04:00:00,mock-device-uuid-12345,com.zhiliaoapp.musically,TikTok,10310,6883389,1720427,8603816,MOBILE,0
2124,1777147200000,2026-04-26T04:00:00,mock-device-uuid-12345,com.google.android.youtube,YouTube,10101,2677338,438731,3116069,MOBILE,0
2125,1777147200000,2026-04-26T04:00:00,mock-device-uuid-12345,com.instagram.android,Instagram,10246,4111482,312397,4423879,MOBILE,0
2126,1777150800000,2026-04-26T05:00:00,mock-device-uuid-12345,com.android.chrome,Chrome,10080,17976073,3070771,21046844,MOBILE,0
2127,1777150800000,2026-04-26T05:00:00,mock-device-uuid-12345,com.tencent.ig,PUBG Mobile,10352,26683911,2692543,29376454,MOBILE,0
2128,1777150800000,2026-04-26T05:00:00,mock-device-uuid-12345,com.google.android.youtube,YouTube,10101,5667559,497928,6165487,MOBILE,0
2129,1777150800000,2026-04-26T05:00:00,mock-device-uuid-12345,com.zhiliaoapp.musically,TikTok,10310,2589399,208054,2797453,MOBILE,0
2130,1777150800000,2026-04-26T05:00:00,mock-device-uuid-12345,com.spotify.music,Spotify,10299,4170869,541293,4712162,MOBILE,0
2131,1777154400000,2026-04-26T06:00:00,mock-device-uuid-12345,com.android.chrome,Chrome,10080,73237199,8019617,81256816,MOBILE,0
2132,1777154400000,2026-04-26T06:00:00,mock-device-uuid-12345,com.zhiliaoapp.musically,TikTok,10310,22929868,4667565,27597433,MOBILE,0
2133,1777154400000,2026-04-26T06:00:00,mock-device-uuid-12345,com.facebook.katana,Facebook,10245,11109937,1011075,12121012,MOBILE,0
2134,1777158000000,2026-04-26T07:00:00,mock-device-uuid-12345,com.spotify.music,Spotify,10299,15539847,1336564,16876411,MOBILE,0
2135,1777158000000,2026-04-26T07:00:00,mock-device-uuid-12345,com.android.chrome,Chrome,10080,11171827,1441914,12613741,MOBILE,0
2136,1777158000000,2026-04-26T07:00:00,mock-device-uuid-12345,com.google.android.youtube,YouTube,10101,24777194,1672294,26449488,MOBILE,0
2137,1777161600000,2026-04-26T08:00:00,mock-device-uuid-12345,com.google.android.youtube,YouTube,10101,3644319,500085,4144404,MOBILE,0
2138,1777161600000,2026-04-26T08:00:00,mock-device-uuid-12345,com.zhiliaoapp.musically,TikTok,10310,37707816,3179633,40887449,MOBILE,0
2139,1777161600000,2026-04-26T08:00:00,mock-device-uuid-12345,com.spotify.music,Spotify,10299,11766661,1576808,13343469,MOBILE,0
2140,1777161600000,2026-04-26T08:00:00,mock-device-uuid-12345,com.instagram.android,Instagram,10246,9871426,1625000,11496426,MOBILE,0
2141,1777161600000,2026-04-26T08:00:00,mock-device-uuid-12345,com.android.chrome,Chrome,10080,7581606,1299000,8880606,MOBILE,0
2142,1777165200000,2026-04-26T09:00:00,mock-device-uuid-12345,com.android.chrome,Chrome,10080,21848759,3415865,25264624,MOBILE,0
2143,1777165200000,2026-04-26T09:00:00,mock-device-uuid-12345,com.instagram.android,Instagram,10246,55373056,6795102,62168158,MOBILE,0
2144,1777168800000,2026-04-26T10:00:00,mock-device-uuid-12345,com.facebook.katana,Facebook,10245,34205597,4188019,38393616,MOBILE,0
2145,1777168800000,2026-04-26T10:00:00,mock-device-uuid-12345,com.tencent.ig,PUBG Mobile,10352,7523554,777242,8300796,MOBILE,0
2146,1777168800000,2026-04-26T10:00:00,mock-device-uuid-12345,com.zhiliaoapp.musically,TikTok,10310,6090952,1415391,7506343,MOBILE,0
2147,1777168800000,2026-04-26T10:00:00,mock-device-uuid-12345,com.google.android.youtube,YouTube,10101,33769542,7638651,41408193,MOBILE,0
2148,1777172400000,2026-04-26T11:00:00,mock-device-uuid-12345,com.google.android.youtube,YouTube,10101,45577571,11034308,56611879,MOBILE,0
2149,1777172400000,2026-04-26T11:00:00,mock-device-uuid-12345,com.facebook.katana,Facebook,10245,22861913,3167307,26029220,MOBILE,0
2150,1777172400000,2026-04-26T11:00:00,mock-device-uuid-12345,com.zhiliaoapp.musically,TikTok,10310,10448145,695745,11143890,MOBILE,0
2151,1777172400000,2026-04-26T11:00:00,mock-device-uuid-12345,com.tencent.ig,PUBG Mobile,10352,6729779,1288014,8017793,MOBILE,0
2152,1777176000000,2026-04-26T12:00:00,mock-device-uuid-12345,com.android.chrome,Chrome,10080,17799807,2895690,20695497,MOBILE,0
2153,1777176000000,2026-04-26T12:00:00,mock-device-uuid-12345,com.spotify.music,Spotify,10299,53331864,4890879,58222743,MOBILE,0
2154,1777179600000,2026-04-26T13:00:00,mock-device-uuid-12345,com.facebook.katana,Facebook,10245,41995722,7812020,49807742,MOBILE,0
2155,1777179600000,2026-04-26T13:00:00,mock-device-uuid-12345,com.google.android.youtube,YouTube,10101,56812724,3386610,60199334,MOBILE,0
2156,1777179600000,2026-04-26T13:00:00,mock-device-uuid-12345,com.tencent.ig,PUBG Mobile,10352,2193448,235110,2428558,MOBILE,0
2157,1777179600000,2026-04-26T13:00:00,mock-device-uuid-12345,com.android.chrome,Chrome,10080,21789848,3082503,24872351,MOBILE,0
2158,1777183200000,2026-04-26T14:00:00,mock-device-uuid-12345,com.tencent.ig,PUBG Mobile,10352,8547649,757087,9304736,MOBILE,0
2159,1777183200000,2026-04-26T14:00:00,mock-device-uuid-12345,com.instagram.android,Instagram,10246,12015122,815533,12830655,MOBILE,0
2160,1777183200000,2026-04-26T14:00:00,mock-device-uuid-12345,com.facebook.katana,Facebook,10245,19211825,1522811,20734636,MOBILE,0
2161,1777183200000,2026-04-26T14:00:00,mock-device-uuid-12345,com.zhiliaoapp.musically,TikTok,10310,7269955,1038741,8308696,MOBILE,0
2162,1777183200000,2026-04-26T14:00:00,mock-device-uuid-12345,com.spotify.music,Spotify,10299,25486433,6208837,31695270,MOBILE,0
2163,1777186800000,2026-04-26T15:00:00,mock-device-uuid-12345,com.google.android.youtube,YouTube,10101,19242432,1439556,20681988,MOBILE,0
2164,1777186800000,2026-04-26T15:00:00,mock-device-uuid-12345,com.zhiliaoapp.musically,TikTok,10310,21975932,5371144,27347076,MOBILE,0
2165,1777186800000,2026-04-26T15:00:00,mock-device-uuid-12345,com.android.chrome,Chrome,10080,42135744,9273960,51409704,MOBILE,0
2166,1777190400000,2026-04-26T16:00:00,mock-device-uuid-12345,com.android.chrome,Chrome,10080,26433560,3224497,29658057,MOBILE,0
2167,1777190400000,2026-04-26T16:00:00,mock-device-uuid-12345,com.tencent.ig,PUBG Mobile,10352,18550145,3624218,22174363,MOBILE,0
2168,1777190400000,2026-04-26T16:00:00,mock-device-uuid-12345,com.google.android.youtube,YouTube,10101,47490071,5659574,53149645,MOBILE,0
2169,1777194000000,2026-04-26T17:00:00,mock-device-uuid-12345,com.spotify.music,Spotify,10299,45075513,5433940,50509453,MOBILE,0
2170,1777194000000,2026-04-26T17:00:00,mock-device-uuid-12345,com.facebook.katana,Facebook,10245,16872818,1755375,18628193,MOBILE,0
2171,1777194000000,2026-04-26T17:00:00,mock-device-uuid-12345,com.google.android.youtube,YouTube,10101,37586475,7341653,44928128,MOBILE,0
2172,1777197600000,2026-04-26T18:00:00,mock-device-uuid-12345,com.tencent.ig,PUBG Mobile,10352,60700082,8087028,68787110,MOBILE,0
2173,1777197600000,2026-04-26T18:00:00,mock-device-uuid-12345,com.android.chrome,Chrome,10080,34802065,6698885,41500950,MOBILE,0
2174,1777197600000,2026-04-26T18:00:00,mock-device-uuid-12345,com.facebook.katana,Facebook,10245,118541204,17512590,136053794,MOBILE,0
2175,1777201200000,2026-04-26T19:00:00,mock-device-uuid-12345,com.facebook.katana,Facebook,10245,51757579,11635613,63393192,MOBILE,0
2176,1777201200000,2026-04-26T19:00:00,mock-device-uuid-12345,com.spotify.music,Spotify,10299,104690192,14349964,119040156,MOBILE,0
2177,1777204800000,2026-04-26T20:00:00,mock-device-uuid-12345,com.tencent.ig,PUBG Mobile,10352,131837698,22696926,154534624,MOBILE,0
2178,1777204800000,2026-04-26T20:00:00,mock-device-uuid-12345,com.instagram.android,Instagram,10246,13631984,1074441,14706425,MOBILE,0
2179,1777204800000,2026-04-26T20:00:00,mock-device-uuid-12345,com.spotify.music,Spotify,10299,57614356,3472806,61087162,MOBILE,0
2180,1777208400000,2026-04-26T21:00:00,mock-device-uuid-12345,com.spotify.music,Spotify,10299,57933402,10680060,68613462,MOBILE,0
2181,1777208400000,2026-04-26T21:00:00,mock-device-uuid-12345,com.instagram.android,Instagram,10246,81292790,14395834,95688624,MOBILE,0
2182,1777208400000,2026-04-26T21:00:00,mock-device-uuid-12345,com.facebook.katana,Facebook,10245,110804266,9370114,120174380,MOBILE,0
2183,1777212000000,2026-04-26T22:00:00,mock-device-uuid-12345,com.spotify.music,Spotify,10299,57003351,12488507,69491858,MOBILE,0
2184,1777212000000,2026-04-26T22:00:00,mock-device-uuid-12345,com.google.android.youtube,YouTube,10101,117363587,13940672,131304259,MOBILE,0
2185,1777215600000,2026-04-26T23:00:00,mock-device-uuid-12345,com.facebook.katana,Facebook,10245,40275748,3512713,43788461,MOBILE,0
2186,1777215600000,2026-04-26T23:00:00,mock-device-uuid-12345,com.android.chrome,Chrome,10080,33870244,5189921,39060165,MOBILE,0
2187,1777215600000,2026-04-26T23:00:00,mock-device-uuid-12345,com.instagram.android,Instagram,10246,25628746,1601965,27230711,MOBILE,0
2188,1777215600000,2026-04-26T23:00:00,mock-device-uuid-12345,com.spotify.music,Spotify,10299,9979000,1931945,11910945,MOBILE,0
2189,1777219200000,2026-04-27T00:00:00,mock-device-uuid-12345,com.facebook.katana,Facebook,10245,0,0,0,MOBILE,0
2190,1777219200000,2026-04-27T00:00:00,mock-device-uuid-12345,com.spotify.music,Spotify,10299,0,0,0,MOBILE,0
2191,1777219200000,2026-04-27T00:00:00,mock-device-uuid-12345,com.zhiliaoapp.musically,TikTok,10310,0,0,0,MOBILE,0
2192,1777219200000,2026-04-27T00:00:00,mock-device-uuid-12345,com.android.chrome,Chrome,10080,0,0,0,MOBILE,0
2193,1777219200000,2026-04-27T00:00:00,mock-device-uuid-12345,com.instagram.android,Instagram,10246,0,0,0,MOBILE,0
2194,1777222800000,2026-04-27T01:00:00,mock-device-uuid-12345,com.instagram.android,Instagram,10246,1023805,167841,1191646,MOBILE,0
2195,1777222800000,2026-04-27T01:00:00,mock-device-uuid-12345,com.android.chrome,Chrome,10080,9657460,1132761,10790221,MOBILE,0
2196,1777226400000,2026-04-27T02:00:00,mock-device-uuid-12345,com.zhiliaoapp.musically,TikTok,10310,0,0,0,MOBILE,0
2197,1777226400000,2026-04-27T02:00:00,mock-device-uuid-12345,com.android.chrome,Chrome,10080,0,0,0,MOBILE,0
2198,1777226400000,2026-04-27T02:00:00,mock-device-uuid-12345,com.google.android.youtube,YouTube,10101,0,0,0,MOBILE,0
2199,1777226400000,2026-04-27T02:00:00,mock-device-uuid-12345,com.facebook.katana,Facebook,10245,0,0,0,MOBILE,0
2200,1777226400000,2026-04-27T02:00:00,mock-device-uuid-12345,com.spotify.music,Spotify,10299,0,0,0,MOBILE,0
2201,1777230000000,2026-04-27T03:00:00,mock-device-uuid-12345,com.facebook.katana,Facebook,10245,553215,56872,610087,MOBILE,0
2202,1777230000000,2026-04-27T03:00:00,mock-device-uuid-12345,com.spotify.music,Spotify,10299,652710,60880,713590,MOBILE,0
2203,1777230000000,2026-04-27T03:00:00,mock-device-uuid-12345,com.android.chrome,Chrome,10080,200486,21649,222135,MOBILE,0
2204,1777230000000,2026-04-27T03:00:00,mock-device-uuid-12345,com.google.android.youtube,YouTube,10101,95849,5336,101185,MOBILE,0
2205,1777233600000,2026-04-27T04:00:00,mock-device-uuid-12345,com.instagram.android,Instagram,10246,1018009,140659,1158668,MOBILE,0
2206,1777233600000,2026-04-27T04:00:00,mock-device-uuid-12345,com.zhiliaoapp.musically,TikTok,10310,2319412,422622,2742034,MOBILE,0
2207,1777237200000,2026-04-27T05:00:00,mock-device-uuid-12345,com.spotify.music,Spotify,10299,402168,75608,477776,MOBILE,0
2208,1777237200000,2026-04-27T05:00:00,mock-device-uuid-12345,com.facebook.katana,Facebook,10245,697445,127306,824751,MOBILE,0
2209,1777237200000,2026-04-27T05:00:00,mock-device-uuid-12345,com.zhiliaoapp.musically,TikTok,10310,6572620,1415339,7987959,MOBILE,0
2210,1777240800000,2026-04-27T06:00:00,mock-device-uuid-12345,com.android.chrome,Chrome,10080,23251291,2451135,25702426,MOBILE,0
2211,1777240800000,2026-04-27T06:00:00,mock-device-uuid-12345,com.tencent.ig,PUBG Mobile,10352,37693820,6992353,44686173,MOBILE,0
2212,1777244400000,2026-04-27T07:00:00,mock-device-uuid-12345,com.android.chrome,Chrome,10080,2776331,188490,2964821,MOBILE,0
2213,1777244400000,2026-04-27T07:00:00,mock-device-uuid-12345,com.zhiliaoapp.musically,TikTok,10310,27793870,3733271,31527141,MOBILE,0
2214,1777248000000,2026-04-27T08:00:00,mock-device-uuid-12345,com.spotify.music,Spotify,10299,43477370,3589285,47066655,MOBILE,0
2215,1777248000000,2026-04-27T08:00:00,mock-device-uuid-12345,com.google.android.youtube,YouTube,10101,4741661,778651,5520312,MOBILE,0
2216,1777248000000,2026-04-27T08:00:00,mock-device-uuid-12345,com.android.chrome,Chrome,10080,13539256,1825590,15364846,MOBILE,0
2217,1777251600000,2026-04-27T09:00:00,mock-device-uuid-12345,com.facebook.katana,Facebook,10245,13928550,2753570,16682120,MOBILE,0
2218,1777251600000,2026-04-27T09:00:00,mock-device-uuid-12345,com.google.android.youtube,YouTube,10101,11083088,2071667,13154755,MOBILE,0
2219,1777251600000,2026-04-27T09:00:00,mock-device-uuid-12345,com.spotify.music,Spotify,10299,3181034,241939,3422973,MOBILE,0
2220,1777251600000,2026-04-27T09:00:00,mock-device-uuid-12345,com.instagram.android,Instagram,10246,2977925,657315,3635240,MOBILE,0
2221,1777255200000,2026-04-27T10:00:00,mock-device-uuid-12345,com.android.chrome,Chrome,10080,25096077,6181980,31278057,MOBILE,0
2222,1777255200000,2026-04-27T10:00:00,mock-device-uuid-12345,com.google.android.youtube,YouTube,10101,3283668,624168,3907836,MOBILE,0
2223,1777255200000,2026-04-27T10:00:00,mock-device-uuid-12345,com.zhiliaoapp.musically,TikTok,10310,9018388,1467630,10486018,MOBILE,0
2224,1777255200000,2026-04-27T10:00:00,mock-device-uuid-12345,com.tencent.ig,PUBG Mobile,10352,1634463,278041,1912504,MOBILE,0
2225,1777255200000,2026-04-27T10:00:00,mock-device-uuid-12345,com.facebook.katana,Facebook,10245,20283557,1110081,21393638,MOBILE,0
2226,1777258800000,2026-04-27T11:00:00,mock-device-uuid-12345,com.instagram.android,Instagram,10246,15095074,1254411,16349485,MOBILE,0
2227,1777258800000,2026-04-27T11:00:00,mock-device-uuid-12345,com.tencent.ig,PUBG Mobile,10352,20501889,3659841,24161730,MOBILE,0
2228,1777258800000,2026-04-27T11:00:00,mock-device-uuid-12345,com.facebook.katana,Facebook,10245,10968850,1735270,12704120,MOBILE,0
2229,1777262400000,2026-04-27T12:00:00,mock-device-uuid-12345,com.zhiliaoapp.musically,TikTok,10310,27437393,4680862,32118255,MOBILE,0
2230,1777262400000,2026-04-27T12:00:00,mock-device-uuid-12345,com.facebook.katana,Facebook,10245,13300279,2909377,16209656,MOBILE,0
2231,1777262400000,2026-04-27T12:00:00,mock-device-uuid-12345,com.instagram.android,Instagram,10246,3711002,416425,4127427,MOBILE,0
2232,1777262400000,2026-04-27T12:00:00,mock-device-uuid-12345,com.google.android.youtube,YouTube,10101,1819941,420382,2240323,MOBILE,0
2233,1777262400000,2026-04-27T12:00:00,mock-device-uuid-12345,com.spotify.music,Spotify,10299,5838118,1038497,6876615,MOBILE,0
2234,1777266000000,2026-04-27T13:00:00,mock-device-uuid-12345,com.instagram.android,Instagram,10246,9988522,1705435,11693957,MOBILE,0
2235,1777266000000,2026-04-27T13:00:00,mock-device-uuid-12345,com.google.android.youtube,YouTube,10101,11573922,2372523,13946445,MOBILE,0
2236,1777266000000,2026-04-27T13:00:00,mock-device-uuid-12345,com.zhiliaoapp.musically,TikTok,10310,21768807,5153074,26921881,MOBILE,0
2237,1777269600000,2026-04-27T14:00:00,mock-device-uuid-12345,com.zhiliaoapp.musically,TikTok,10310,7609965,1808541,9418506,MOBILE,0
2238,1777269600000,2026-04-27T14:00:00,mock-device-uuid-12345,com.facebook.katana,Facebook,10245,1065776,237187,1302963,MOBILE,0
2239,1777269600000,2026-04-27T14:00:00,mock-device-uuid-12345,com.spotify.music,Spotify,10299,4423630,927852,5351482,MOBILE,0
2240,1777269600000,2026-04-27T14:00:00,mock-device-uuid-12345,com.google.android.youtube,YouTube,10101,893202,116921,1010123,MOBILE,0
2241,1777269600000,2026-04-27T14:00:00,mock-device-uuid-12345,com.instagram.android,Instagram,10246,8088229,427894,8516123,MOBILE,0
2242,1777273200000,2026-04-27T15:00:00,mock-device-uuid-12345,com.zhiliaoapp.musically,TikTok,10310,14198093,2246987,16445080,MOBILE,0
2243,1777273200000,2026-04-27T15:00:00,mock-device-uuid-12345,com.tencent.ig,PUBG Mobile,10352,14006100,3431351,17437451,MOBILE,0
2244,1777276800000,2026-04-27T16:00:00,mock-device-uuid-12345,com.google.android.youtube,YouTube,10101,38258000,2298352,40556352,MOBILE,0
2245,1777276800000,2026-04-27T16:00:00,mock-device-uuid-12345,com.facebook.katana,Facebook,10245,4949403,835152,5784555,MOBILE,0
2246,1777276800000,2026-04-27T16:00:00,mock-device-uuid-12345,com.instagram.android,Instagram,10246,3180891,531777,3712668,MOBILE,0
2247,1777276800000,2026-04-27T16:00:00,mock-device-uuid-12345,com.zhiliaoapp.musically,TikTok,10310,2454664,481891,2936555,MOBILE,0
2248,1777276800000,2026-04-27T16:00:00,mock-device-uuid-12345,com.spotify.music,Spotify,10299,4379582,624297,5003879,MOBILE,0
2249,1777280400000,2026-04-27T17:00:00,mock-device-uuid-12345,com.instagram.android,Instagram,10246,28335726,6688026,35023752,MOBILE,0
2250,1777280400000,2026-04-27T17:00:00,mock-device-uuid-12345,com.zhiliaoapp.musically,TikTok,10310,8233603,781962,9015565,MOBILE,0
2251,1777280400000,2026-04-27T17:00:00,mock-device-uuid-12345,com.tencent.ig,PUBG Mobile,10352,13650923,2555903,16206826,MOBILE,0
2252,1777284000000,2026-04-27T18:00:00,mock-device-uuid-12345,com.spotify.music,Spotify,10299,66373230,9414219,75787449,MOBILE,0
2253,1777284000000,2026-04-27T18:00:00,mock-device-uuid-12345,com.instagram.android,Instagram,10246,56849648,10081184,66930832,MOBILE,0
2254,1777284000000,2026-04-27T18:00:00,mock-device-uuid-12345,com.zhiliaoapp.musically,TikTok,10310,24362609,5675433,30038042,MOBILE,0
2255,1777284000000,2026-04-27T18:00:00,mock-device-uuid-12345,com.google.android.youtube,YouTube,10101,57807819,4938896,62746715,MOBILE,0
2256,1777287600000,2026-04-27T19:00:00,mock-device-uuid-12345,com.facebook.katana,Facebook,10245,67352322,3792657,71144979,MOBILE,0
2257,1777287600000,2026-04-27T19:00:00,mock-device-uuid-12345,com.google.android.youtube,YouTube,10101,19260681,2906864,22167545,MOBILE,0
2258,1777287600000,2026-04-27T19:00:00,mock-device-uuid-12345,com.spotify.music,Spotify,10299,60268713,5206593,65475306,MOBILE,0
2259,1777287600000,2026-04-27T19:00:00,mock-device-uuid-12345,com.instagram.android,Instagram,10246,25652998,4278373,29931371,MOBILE,0
2260,1777287600000,2026-04-27T19:00:00,mock-device-uuid-12345,com.android.chrome,Chrome,10080,18690969,1581616,20272585,MOBILE,0
2261,1777291200000,2026-04-27T20:00:00,mock-device-uuid-12345,com.instagram.android,Instagram,10246,28460524,6725551,35186075,MOBILE,0
2262,1777291200000,2026-04-27T20:00:00,mock-device-uuid-12345,com.android.chrome,Chrome,10080,12199131,3036187,15235318,MOBILE,0
2263,1777291200000,2026-04-27T20:00:00,mock-device-uuid-12345,com.google.android.youtube,YouTube,10101,91477069,18331918,109808987,MOBILE,0
2264,1777294800000,2026-04-27T21:00:00,mock-device-uuid-12345,com.spotify.music,Spotify,10299,85806922,6667786,92474708,MOBILE,0
2265,1777294800000,2026-04-27T21:00:00,mock-device-uuid-12345,com.google.android.youtube,YouTube,10101,30440399,6015285,36455684,MOBILE,0
2266,1777294800000,2026-04-27T21:00:00,mock-device-uuid-12345,com.zhiliaoapp.musically,TikTok,10310,30483952,4857811,35341763,MOBILE,0
2267,1777294800000,2026-04-27T21:00:00,mock-device-uuid-12345,com.tencent.ig,PUBG Mobile,10352,19114978,4090718,23205696,MOBILE,0
2268,1777294800000,2026-04-27T21:00:00,mock-device-uuid-12345,com.facebook.katana,Facebook,10245,12667864,1397301,14065165,MOBILE,0
2269,1777298400000,2026-04-27T22:00:00,mock-device-uuid-12345,com.tencent.ig,PUBG Mobile,10352,48182067,5836139,54018206,MOBILE,0
2270,1777298400000,2026-04-27T22:00:00,mock-device-uuid-12345,com.spotify.music,Spotify,10299,41787665,6665604,48453269,MOBILE,0
2271,1777298400000,2026-04-27T22:00:00,mock-device-uuid-12345,com.instagram.android,Instagram,10246,21211957,3007197,24219154,MOBILE,0
2272,1777298400000,2026-04-27T22:00:00,mock-device-uuid-12345,com.facebook.katana,Facebook,10245,1496498,139554,1636052,MOBILE,0
2273,1777298400000,2026-04-27T22:00:00,mock-device-uuid-12345,com.google.android.youtube,YouTube,10101,12545380,952454,13497834,MOBILE,0
2274,1777302000000,2026-04-27T23:00:00,mock-device-uuid-12345,com.facebook.katana,Facebook,10245,52776533,4466863,57243396,MOBILE,0
2275,1777302000000,2026-04-27T23:00:00,mock-device-uuid-12345,com.google.android.youtube,YouTube,10101,3316851,642888,3959739,MOBILE,0
2276,1777302000000,2026-04-27T23:00:00,mock-device-uuid-12345,com.zhiliaoapp.musically,TikTok,10310,5725037,1272601,6997638,MOBILE,0
2277,1777302000000,2026-04-27T23:00:00,mock-device-uuid-12345,com.instagram.android,Instagram,10246,2224799,262009,2486808,MOBILE,0
2278,1777302000000,2026-04-27T23:00:00,mock-device-uuid-12345,com.spotify.music,Spotify,10299,24409541,5842576,30252117,MOBILE,0
2279,1777305600000,2026-04-28T00:00:00,mock-device-uuid-12345,com.spotify.music,Spotify,10299,1141372,85632,1227004,MOBILE,0
2280,1777305600000,2026-04-28T00:00:00,mock-device-uuid-12345,com.android.chrome,Chrome,10080,8461531,1362511,9824042,MOBILE,0
2281,1777309200000,2026-04-28T01:00:00,mock-device-uuid-12345,com.tencent.ig,PUBG Mobile,10352,0,0,0,MOBILE,0
2282,1777309200000,2026-04-28T01:00:00,mock-device-uuid-12345,com.instagram.android,Instagram,10246,0,0,0,MOBILE,0
2283,1777309200000,2026-04-28T01:00:00,mock-device-uuid-12345,com.zhiliaoapp.musically,TikTok,10310,0,0,0,MOBILE,0
2284,1777312800000,2026-04-28T02:00:00,mock-device-uuid-12345,com.zhiliaoapp.musically,TikTok,10310,1415646,83653,1499299,MOBILE,0
2285,1777312800000,2026-04-28T02:00:00,mock-device-uuid-12345,com.google.android.youtube,YouTube,10101,5866060,318218,6184278,MOBILE,0
2286,1777312800000,2026-04-28T02:00:00,mock-device-uuid-12345,com.facebook.katana,Facebook,10245,2172335,366744,2539079,MOBILE,0
2287,1777312800000,2026-04-28T02:00:00,mock-device-uuid-12345,com.tencent.ig,PUBG Mobile,10352,1460684,121494,1582178,MOBILE,0
2288,1777312800000,2026-04-28T02:00:00,mock-device-uuid-12345,com.android.chrome,Chrome,10080,1233018,140440,1373458,MOBILE,0
2289,1777316400000,2026-04-28T03:00:00,mock-device-uuid-12345,com.spotify.music,Spotify,10299,2053488,323977,2377465,MOBILE,0
2290,1777316400000,2026-04-28T03:00:00,mock-device-uuid-12345,com.zhiliaoapp.musically,TikTok,10310,1329849,278660,1608509,MOBILE,0
2291,1777316400000,2026-04-28T03:00:00,mock-device-uuid-12345,com.tencent.ig,PUBG Mobile,10352,1201233,189522,1390755,MOBILE,0
2292,1777316400000,2026-04-28T03:00:00,mock-device-uuid-12345,com.instagram.android,Instagram,10246,1898918,449181,2348099,MOBILE,0
2293,1777316400000,2026-04-28T03:00:00,mock-device-uuid-12345,com.google.android.youtube,YouTube,10101,1206099,295071,1501170,MOBILE,0
2294,1777320000000,2026-04-28T04:00:00,mock-device-uuid-12345,com.tencent.ig,PUBG Mobile,10352,0,0,0,MOBILE,0
2295,1777320000000,2026-04-28T04:00:00,mock-device-uuid-12345,com.google.android.youtube,YouTube,10101,0,0,0,MOBILE,0
2296,1777320000000,2026-04-28T04:00:00,mock-device-uuid-12345,com.android.chrome,Chrome,10080,0,0,0,MOBILE,0
2297,1777320000000,2026-04-28T04:00:00,mock-device-uuid-12345,com.facebook.katana,Facebook,10245,0,0,0,MOBILE,0
2298,1777323600000,2026-04-28T05:00:00,mock-device-uuid-12345,com.zhiliaoapp.musically,TikTok,10310,3222102,290018,3512120,MOBILE,0
2299,1777323600000,2026-04-28T05:00:00,mock-device-uuid-12345,com.google.android.youtube,YouTube,10101,7065574,1337484,8403058,MOBILE,0
2300,1777327200000,2026-04-28T06:00:00,mock-device-uuid-12345,com.tencent.ig,PUBG Mobile,10352,11753157,2771734,14524891,MOBILE,0
2301,1777327200000,2026-04-28T06:00:00,mock-device-uuid-12345,com.android.chrome,Chrome,10080,9733345,1922245,11655590,MOBILE,0
2302,1777327200000,2026-04-28T06:00:00,mock-device-uuid-12345,com.facebook.katana,Facebook,10245,5881182,598668,6479850,MOBILE,0
2303,1777327200000,2026-04-28T06:00:00,mock-device-uuid-12345,com.spotify.music,Spotify,10299,8383801,903520,9287321,MOBILE,0
2304,1777330800000,2026-04-28T07:00:00,mock-device-uuid-12345,com.zhiliaoapp.musically,TikTok,10310,21817228,4708801,26526029,MOBILE,0
2305,1777330800000,2026-04-28T07:00:00,mock-device-uuid-12345,com.tencent.ig,PUBG Mobile,10352,16034265,1587052,17621317,MOBILE,0
2306,1777330800000,2026-04-28T07:00:00,mock-device-uuid-12345,com.instagram.android,Instagram,10246,586364,107887,694251,MOBILE,0
2307,1777330800000,2026-04-28T07:00:00,mock-device-uuid-12345,com.android.chrome,Chrome,10080,9924422,924584,10849006,MOBILE,0
2308,1777334400000,2026-04-28T08:00:00,mock-device-uuid-12345,com.google.android.youtube,YouTube,10101,4224398,1011651,5236049,MOBILE,0
2309,1777334400000,2026-04-28T08:00:00,mock-device-uuid-12345,com.spotify.music,Spotify,10299,15876092,1390553,17266645,MOBILE,0
2310,1777334400000,2026-04-28T08:00:00,mock-device-uuid-12345,com.android.chrome,Chrome,10080,11871588,1938140,13809728,MOBILE,0
2311,1777334400000,2026-04-28T08:00:00,mock-device-uuid-12345,com.tencent.ig,PUBG Mobile,10352,2468814,578766,3047580,MOBILE,0
2312,1777334400000,2026-04-28T08:00:00,mock-device-uuid-12345,com.facebook.katana,Facebook,10245,12084040,952354,13036394,MOBILE,0
2313,1777338000000,2026-04-28T09:00:00,mock-device-uuid-12345,com.google.android.youtube,YouTube,10101,26516786,5409055,31925841,MOBILE,0
2314,1777338000000,2026-04-28T09:00:00,mock-device-uuid-12345,com.zhiliaoapp.musically,TikTok,10310,10791485,2632878,13424363,MOBILE,0
2315,1777338000000,2026-04-28T09:00:00,mock-device-uuid-12345,com.spotify.music,Spotify,10299,10827621,1608832,12436453,MOBILE,0
2316,1777338000000,2026-04-28T09:00:00,mock-device-uuid-12345,com.tencent.ig,PUBG Mobile,10352,3423709,798055,4221764,MOBILE,0
2317,1777338000000,2026-04-28T09:00:00,mock-device-uuid-12345,com.instagram.android,Instagram,10246,4335940,317598,4653538,MOBILE,0
2318,1777341600000,2026-04-28T10:00:00,mock-device-uuid-12345,com.android.chrome,Chrome,10080,19335859,1779305,21115164,MOBILE,0
2319,1777341600000,2026-04-28T10:00:00,mock-device-uuid-12345,com.spotify.music,Spotify,10299,1398928,174372,1573300,MOBILE,0
2320,1777341600000,2026-04-28T10:00:00,mock-device-uuid-12345,com.google.android.youtube,YouTube,10101,6017570,876206,6893776,MOBILE,0
2321,1777341600000,2026-04-28T10:00:00,mock-device-uuid-12345,com.tencent.ig,PUBG Mobile,10352,5126855,396808,5523663,MOBILE,0
2322,1777345200000,2026-04-28T11:00:00,mock-device-uuid-12345,com.android.chrome,Chrome,10080,14536582,1933351,16469933,MOBILE,0
2323,1777345200000,2026-04-28T11:00:00,mock-device-uuid-12345,com.instagram.android,Instagram,10246,9456422,561407,10017829,MOBILE,0
2324,1777348800000,2026-04-28T12:00:00,mock-device-uuid-12345,com.google.android.youtube,YouTube,10101,6129832,1019635,7149467,MOBILE,0
2325,1777348800000,2026-04-28T12:00:00,mock-device-uuid-12345,com.instagram.android,Instagram,10246,29145305,1603070,30748375,MOBILE,0
2326,1777352400000,2026-04-28T13:00:00,mock-device-uuid-12345,com.android.chrome,Chrome,10080,22170511,5214846,27385357,MOBILE,0
2327,1777352400000,2026-04-28T13:00:00,mock-device-uuid-12345,com.tencent.ig,PUBG Mobile,10352,5065568,1060276,6125844,MOBILE,0
2328,1777352400000,2026-04-28T13:00:00,mock-device-uuid-12345,com.google.android.youtube,YouTube,10101,2473763,423179,2896942,MOBILE,0
2329,1777352400000,2026-04-28T13:00:00,mock-device-uuid-12345,com.spotify.music,Spotify,10299,6972580,611757,7584337,MOBILE,0
2330,1777356000000,2026-04-28T14:00:00,mock-device-uuid-12345,com.google.android.youtube,YouTube,10101,7930561,835020,8765581,MOBILE,0
2331,1777356000000,2026-04-28T14:00:00,mock-device-uuid-12345,com.tencent.ig,PUBG Mobile,10352,9047157,1744672,10791829,MOBILE,0
2332,1777359600000,2026-04-28T15:00:00,mock-device-uuid-12345,com.tencent.ig,PUBG Mobile,10352,31239501,2527892,33767393,MOBILE,0
2333,1777359600000,2026-04-28T15:00:00,mock-device-uuid-12345,com.google.android.youtube,YouTube,10101,9801713,601624,10403337,MOBILE,0
2334,1777359600000,2026-04-28T15:00:00,mock-device-uuid-12345,com.facebook.katana,Facebook,10245,2032912,293334,2326246,MOBILE,0
2335,1777359600000,2026-04-28T15:00:00,mock-device-uuid-12345,com.android.chrome,Chrome,10080,6670710,1009298,7680008,MOBILE,0
2336,1777363200000,2026-04-28T16:00:00,mock-device-uuid-12345,com.android.chrome,Chrome,10080,6189165,430185,6619350,MOBILE,0
2337,1777363200000,2026-04-28T16:00:00,mock-device-uuid-12345,com.tencent.ig,PUBG Mobile,10352,7208213,730399,7938612,MOBILE,0
2338,1777363200000,2026-04-28T16:00:00,mock-device-uuid-12345,com.google.android.youtube,YouTube,10101,16856499,1872687,18729186,MOBILE,0
2339,1777366800000,2026-04-28T17:00:00,mock-device-uuid-12345,com.zhiliaoapp.musically,TikTok,10310,10751011,895685,11646696,MOBILE,0
2340,1777366800000,2026-04-28T17:00:00,mock-device-uuid-12345,com.instagram.android,Instagram,10246,18375864,3858132,22233996,MOBILE,0
2341,1777366800000,2026-04-28T17:00:00,mock-device-uuid-12345,com.android.chrome,Chrome,10080,16709677,4166582,20876259,MOBILE,0
2342,1777370400000,2026-04-28T18:00:00,mock-device-uuid-12345,com.android.chrome,Chrome,10080,27876187,2128256,30004443,MOBILE,0
2343,1777370400000,2026-04-28T18:00:00,mock-device-uuid-12345,com.instagram.android,Instagram,10246,50101856,3261196,53363052,MOBILE,0
2344,1777370400000,2026-04-28T18:00:00,mock-device-uuid-12345,com.tencent.ig,PUBG Mobile,10352,46879808,9898361,56778169,MOBILE,0
2345,1777370400000,2026-04-28T18:00:00,mock-device-uuid-12345,com.google.android.youtube,YouTube,10101,3606809,729581,4336390,MOBILE,0
2346,1777370400000,2026-04-28T18:00:00,mock-device-uuid-12345,com.spotify.music,Spotify,10299,18393183,2308405,20701588,MOBILE,0
2347,1777374000000,2026-04-28T19:00:00,mock-device-uuid-12345,com.android.chrome,Chrome,10080,35064298,1954274,37018572,MOBILE,0
2348,1777374000000,2026-04-28T19:00:00,mock-device-uuid-12345,com.facebook.katana,Facebook,10245,112348967,6942848,119291815,MOBILE,0
2349,1777374000000,2026-04-28T19:00:00,mock-device-uuid-12345,com.zhiliaoapp.musically,TikTok,10310,11488235,799292,12287527,MOBILE,0
2350,1777374000000,2026-04-28T19:00:00,mock-device-uuid-12345,com.instagram.android,Instagram,10246,58436169,6319897,64756066,MOBILE,0
2351,1777377600000,2026-04-28T20:00:00,mock-device-uuid-12345,com.android.chrome,Chrome,10080,7668337,1039615,8707952,MOBILE,0
2352,1777377600000,2026-04-28T20:00:00,mock-device-uuid-12345,com.google.android.youtube,YouTube,10101,127778234,21845329,149623563,MOBILE,0
2353,1777381200000,2026-04-28T21:00:00,mock-device-uuid-12345,com.google.android.youtube,YouTube,10101,60804758,7874633,68679391,MOBILE,0
2354,1777381200000,2026-04-28T21:00:00,mock-device-uuid-12345,com.android.chrome,Chrome,10080,26168268,4352378,30520646,MOBILE,0
2355,1777381200000,2026-04-28T21:00:00,mock-device-uuid-12345,com.tencent.ig,PUBG Mobile,10352,65505922,6981547,72487469,MOBILE,0
2356,1777381200000,2026-04-28T21:00:00,mock-device-uuid-12345,com.facebook.katana,Facebook,10245,32654568,6719495,39374063,MOBILE,0
2357,1777384800000,2026-04-28T22:00:00,mock-device-uuid-12345,com.zhiliaoapp.musically,TikTok,10310,112960375,6921252,119881627,MOBILE,0
2358,1777384800000,2026-04-28T22:00:00,mock-device-uuid-12345,com.spotify.music,Spotify,10299,42085492,4290975,46376467,MOBILE,0
2359,1777384800000,2026-04-28T22:00:00,mock-device-uuid-12345,com.facebook.katana,Facebook,10245,7582804,1166876,8749680,MOBILE,0
2360,1777384800000,2026-04-28T22:00:00,mock-device-uuid-12345,com.tencent.ig,PUBG Mobile,10352,2000551,247300,2247851,MOBILE,0
2361,1777384800000,2026-04-28T22:00:00,mock-device-uuid-12345,com.android.chrome,Chrome,10080,9222061,1833349,11055410,MOBILE,0
2362,1777388400000,2026-04-28T23:00:00,mock-device-uuid-12345,com.tencent.ig,PUBG Mobile,10352,13589386,1188705,14778091,MOBILE,0
2363,1777388400000,2026-04-28T23:00:00,mock-device-uuid-12345,com.facebook.katana,Facebook,10245,30624517,2088290,32712807,MOBILE,0
2364,1777388400000,2026-04-28T23:00:00,mock-device-uuid-12345,com.instagram.android,Instagram,10246,17378023,3131681,20509704,MOBILE,0
2365,1777388400000,2026-04-28T23:00:00,mock-device-uuid-12345,com.android.chrome,Chrome,10080,5417585,692547,6110132,MOBILE,0
2366,1777388400000,2026-04-28T23:00:00,mock-device-uuid-12345,com.zhiliaoapp.musically,TikTok,10310,18354539,1285493,19640032,MOBILE,0
2367,1777392000000,2026-04-29T00:00:00,mock-device-uuid-12345,com.android.chrome,Chrome,10080,9966627,2410410,12377037,MOBILE,0
2368,1777392000000,2026-04-29T00:00:00,mock-device-uuid-12345,com.google.android.youtube,YouTube,10101,1566555,191045,1757600,MOBILE,0
2369,1777392000000,2026-04-29T00:00:00,mock-device-uuid-12345,com.facebook.katana,Facebook,10245,2207977,371763,2579740,MOBILE,0
2370,1777392000000,2026-04-29T00:00:00,mock-device-uuid-12345,com.zhiliaoapp.musically,TikTok,10310,1894393,296372,2190765,MOBILE,0
2371,1777392000000,2026-04-29T00:00:00,mock-device-uuid-12345,com.instagram.android,Instagram,10246,815601,145575,961176,MOBILE,0
2372,1777395600000,2026-04-29T01:00:00,mock-device-uuid-12345,com.zhiliaoapp.musically,TikTok,10310,6568552,710852,7279404,MOBILE,0
2373,1777395600000,2026-04-29T01:00:00,mock-device-uuid-12345,com.android.chrome,Chrome,10080,3702721,410641,4113362,MOBILE,0
2374,1777395600000,2026-04-29T01:00:00,mock-device-uuid-12345,com.facebook.katana,Facebook,10245,2038234,416807,2455041,MOBILE,0
2375,1777399200000,2026-04-29T02:00:00,mock-device-uuid-12345,com.tencent.ig,PUBG Mobile,10352,0,0,0,MOBILE,0
2376,1777399200000,2026-04-29T02:00:00,mock-device-uuid-12345,com.facebook.katana,Facebook,10245,0,0,0,MOBILE,0
2377,1777399200000,2026-04-29T02:00:00,mock-device-uuid-12345,com.zhiliaoapp.musically,TikTok,10310,0,0,0,MOBILE,0
2378,1777402800000,2026-04-29T03:00:00,mock-device-uuid-12345,com.facebook.katana,Facebook,10245,5409982,917030,6327012,MOBILE,0
2379,1777402800000,2026-04-29T03:00:00,mock-device-uuid-12345,com.zhiliaoapp.musically,TikTok,10310,2685725,639055,3324780,MOBILE,0
2380,1777402800000,2026-04-29T03:00:00,mock-device-uuid-12345,com.spotify.music,Spotify,10299,1572103,103625,1675728,MOBILE,0
2381,1777402800000,2026-04-29T03:00:00,mock-device-uuid-12345,com.instagram.android,Instagram,10246,633838,41234,675072,MOBILE,0
2382,1777402800000,2026-04-29T03:00:00,mock-device-uuid-12345,com.tencent.ig,PUBG Mobile,10352,1653138,334158,1987296,MOBILE,0
2383,1777406400000,2026-04-29T04:00:00,mock-device-uuid-12345,com.tencent.ig,PUBG Mobile,10352,0,0,0,MOBILE,0
2384,1777406400000,2026-04-29T04:00:00,mock-device-uuid-12345,com.facebook.katana,Facebook,10245,0,0,0,MOBILE,0
2385,1777410000000,2026-04-29T05:00:00,mock-device-uuid-12345,com.android.chrome,Chrome,10080,2649505,272416,2921921,MOBILE,0
2386,1777410000000,2026-04-29T05:00:00,mock-device-uuid-12345,com.facebook.katana,Facebook,10245,5780474,1057368,6837842,MOBILE,0
2387,1777410000000,2026-04-29T05:00:00,mock-device-uuid-12345,com.google.android.youtube,YouTube,10101,685636,66885,752521,MOBILE,0
2388,1777410000000,2026-04-29T05:00:00,mock-device-uuid-12345,com.tencent.ig,PUBG Mobile,10352,938711,64033,1002744,MOBILE,0
2389,1777410000000,2026-04-29T05:00:00,mock-device-uuid-12345,com.spotify.music,Spotify,10299,1179322,113059,1292381,MOBILE,0
2390,1777413600000,2026-04-29T06:00:00,mock-device-uuid-12345,com.google.android.youtube,YouTube,10101,40984315,4746796,45731111,MOBILE,0
2391,1777413600000,2026-04-29T06:00:00,mock-device-uuid-12345,com.zhiliaoapp.musically,TikTok,10310,9545520,1034849,10580369,MOBILE,0
2392,1777413600000,2026-04-29T06:00:00,mock-device-uuid-12345,com.android.chrome,Chrome,10080,4173596,854132,5027728,MOBILE,0
2393,1777413600000,2026-04-29T06:00:00,mock-device-uuid-12345,com.tencent.ig,PUBG Mobile,10352,5189132,1249932,6439064,MOBILE,0
2394,1777417200000,2026-04-29T07:00:00,mock-device-uuid-12345,com.instagram.android,Instagram,10246,8136025,1677445,9813470,MOBILE,0
2395,1777417200000,2026-04-29T07:00:00,mock-device-uuid-12345,com.google.android.youtube,YouTube,10101,4512789,360040,4872829,MOBILE,0
2396,1777417200000,2026-04-29T07:00:00,mock-device-uuid-12345,com.tencent.ig,PUBG Mobile,10352,19076955,2030852,21107807,MOBILE,0
2397,1777417200000,2026-04-29T07:00:00,mock-device-uuid-12345,com.zhiliaoapp.musically,TikTok,10310,14385231,767872,15153103,MOBILE,0
2398,1777417200000,2026-04-29T07:00:00,mock-device-uuid-12345,com.spotify.music,Spotify,10299,14979306,3081213,18060519,MOBILE,0
2399,1777420800000,2026-04-29T08:00:00,mock-device-uuid-12345,com.zhiliaoapp.musically,TikTok,10310,21543119,4428807,25971926,MOBILE,0
2400,1777420800000,2026-04-29T08:00:00,mock-device-uuid-12345,com.tencent.ig,PUBG Mobile,10352,1565555,226413,1791968,MOBILE,0
2401,1777420800000,2026-04-29T08:00:00,mock-device-uuid-12345,com.instagram.android,Instagram,10246,15805372,2000062,17805434,MOBILE,0
2402,1777424400000,2026-04-29T09:00:00,mock-device-uuid-12345,com.instagram.android,Instagram,10246,25074983,5524813,30599796,MOBILE,0
2403,1777424400000,2026-04-29T09:00:00,mock-device-uuid-12345,com.facebook.katana,Facebook,10245,11844940,2794138,14639078,MOBILE,0
2404,1777424400000,2026-04-29T09:00:00,mock-device-uuid-12345,com.android.chrome,Chrome,10080,537513,105738,643251,MOBILE,0
2405,1777424400000,2026-04-29T09:00:00,mock-device-uuid-12345,com.zhiliaoapp.musically,TikTok,10310,1221942,247693,1469635,MOBILE,0
2406,1777424400000,2026-04-29T09:00:00,mock-device-uuid-12345,com.tencent.ig,PUBG Mobile,10352,6818881,1625343,8444224,MOBILE,0
2407,1777428000000,2026-04-29T10:00:00,mock-device-uuid-12345,com.android.chrome,Chrome,10080,9441383,1797900,11239283,MOBILE,0
2408,1777428000000,2026-04-29T10:00:00,mock-device-uuid-12345,com.tencent.ig,PUBG Mobile,10352,16682056,1628432,18310488,MOBILE,0
2409,1777428000000,2026-04-29T10:00:00,mock-device-uuid-12345,com.google.android.youtube,YouTube,10101,14023667,1152033,15175700,MOBILE,0
2410,1777428000000,2026-04-29T10:00:00,mock-device-uuid-12345,com.spotify.music,Spotify,10299,8451098,1758536,10209634,MOBILE,0
2411,1777431600000,2026-04-29T11:00:00,mock-device-uuid-12345,com.facebook.katana,Facebook,10245,36040215,4705830,40746045,MOBILE,0
2412,1777431600000,2026-04-29T11:00:00,mock-device-uuid-12345,com.android.chrome,Chrome,10080,8694578,1342531,10037109,MOBILE,0
2413,1777431600000,2026-04-29T11:00:00,mock-device-uuid-12345,com.spotify.music,Spotify,10299,4153806,408986,4562792,MOBILE,0
2414,1777431600000,2026-04-29T11:00:00,mock-device-uuid-12345,com.google.android.youtube,YouTube,10101,7411865,1172881,8584746,MOBILE,0
2415,1777431600000,2026-04-29T11:00:00,mock-device-uuid-12345,com.zhiliaoapp.musically,TikTok,10310,4459541,1041120,5500661,MOBILE,0
2416,1777435200000,2026-04-29T12:00:00,mock-device-uuid-12345,com.instagram.android,Instagram,10246,39537124,4336699,43873823,MOBILE,0
2417,1777435200000,2026-04-29T12:00:00,mock-device-uuid-12345,com.android.chrome,Chrome,10080,1596591,291884,1888475,MOBILE,0
2418,1777435200000,2026-04-29T12:00:00,mock-device-uuid-12345,com.spotify.music,Spotify,10299,8971641,2150770,11122411,MOBILE,0
2419,1777435200000,2026-04-29T12:00:00,mock-device-uuid-12345,com.google.android.youtube,YouTube,10101,8803062,2169183,10972245,MOBILE,0
2420,1777435200000,2026-04-29T12:00:00,mock-device-uuid-12345,com.tencent.ig,PUBG Mobile,10352,5185788,1175989,6361777,MOBILE,0
2421,1777438800000,2026-04-29T13:00:00,mock-device-uuid-12345,com.facebook.katana,Facebook,10245,11331043,1183115,12514158,MOBILE,0
2422,1777438800000,2026-04-29T13:00:00,mock-device-uuid-12345,com.spotify.music,Spotify,10299,2092711,154673,2247384,MOBILE,0
2423,1777438800000,2026-04-29T13:00:00,mock-device-uuid-12345,com.instagram.android,Instagram,10246,2721589,372674,3094263,MOBILE,0
2424,1777438800000,2026-04-29T13:00:00,mock-device-uuid-12345,com.zhiliaoapp.musically,TikTok,10310,15778620,2128305,17906925,MOBILE,0
2425,1777442400000,2026-04-29T14:00:00,mock-device-uuid-12345,com.spotify.music,Spotify,10299,16366513,2010914,18377427,MOBILE,0
2426,1777442400000,2026-04-29T14:00:00,mock-device-uuid-12345,com.zhiliaoapp.musically,TikTok,10310,24123175,1327043,25450218,MOBILE,0
2427,1777446000000,2026-04-29T15:00:00,mock-device-uuid-12345,com.android.chrome,Chrome,10080,4610976,1100378,5711354,MOBILE,0
2428,1777446000000,2026-04-29T15:00:00,mock-device-uuid-12345,com.facebook.katana,Facebook,10245,14191936,1353546,15545482,MOBILE,0
2429,1777449600000,2026-04-29T16:00:00,mock-device-uuid-12345,com.spotify.music,Spotify,10299,1750792,104668,1855460,MOBILE,0
2430,1777449600000,2026-04-29T16:00:00,mock-device-uuid-12345,com.zhiliaoapp.musically,TikTok,10310,17539698,940167,18479865,MOBILE,0
2431,1777449600000,2026-04-29T16:00:00,mock-device-uuid-12345,com.google.android.youtube,YouTube,10101,2334912,218224,2553136,MOBILE,0
2432,1777449600000,2026-04-29T16:00:00,mock-device-uuid-12345,com.tencent.ig,PUBG Mobile,10352,10484749,996174,11480923,MOBILE,0
2433,1777453200000,2026-04-29T17:00:00,mock-device-uuid-12345,com.spotify.music,Spotify,10299,3663497,681848,4345345,MOBILE,0
2434,1777453200000,2026-04-29T17:00:00,mock-device-uuid-12345,com.android.chrome,Chrome,10080,3738564,933476,4672040,MOBILE,0
2435,1777453200000,2026-04-29T17:00:00,mock-device-uuid-12345,com.facebook.katana,Facebook,10245,1026923,60094,1087017,MOBILE,0
2436,1777453200000,2026-04-29T17:00:00,mock-device-uuid-12345,com.tencent.ig,PUBG Mobile,10352,4664736,339378,5004114,MOBILE,0
2437,1777453200000,2026-04-29T17:00:00,mock-device-uuid-12345,com.google.android.youtube,YouTube,10101,3733837,735292,4469129,MOBILE,0
2438,1777456800000,2026-04-29T18:00:00,mock-device-uuid-12345,com.spotify.music,Spotify,10299,123019603,13347450,136367053,MOBILE,0
2439,1777456800000,2026-04-29T18:00:00,mock-device-uuid-12345,com.facebook.katana,Facebook,10245,108958139,7751141,116709280,MOBILE,0
2440,1777460400000,2026-04-29T19:00:00,mock-device-uuid-12345,com.facebook.katana,Facebook,10245,36330690,8675937,45006627,MOBILE,0
2441,1777460400000,2026-04-29T19:00:00,mock-device-uuid-12345,com.android.chrome,Chrome,10080,38703970,5114263,43818233,MOBILE,0
2442,1777460400000,2026-04-29T19:00:00,mock-device-uuid-12345,com.spotify.music,Spotify,10299,32813792,7667013,40480805,MOBILE,0
2443,1777460400000,2026-04-29T19:00:00,mock-device-uuid-12345,com.tencent.ig,PUBG Mobile,10352,11487421,1484161,12971582,MOBILE,0
2444,1777460400000,2026-04-29T19:00:00,mock-device-uuid-12345,com.zhiliaoapp.musically,TikTok,10310,8084861,1092948,9177809,MOBILE,0
2445,1777464000000,2026-04-29T20:00:00,mock-device-uuid-12345,com.spotify.music,Spotify,10299,47815225,8471777,56287002,MOBILE,0
2446,1777464000000,2026-04-29T20:00:00,mock-device-uuid-12345,com.instagram.android,Instagram,10246,30385774,2500540,32886314,MOBILE,0
2447,1777464000000,2026-04-29T20:00:00,mock-device-uuid-12345,com.google.android.youtube,YouTube,10101,10367964,1754294,12122258,MOBILE,0
2448,1777464000000,2026-04-29T20:00:00,mock-device-uuid-12345,com.tencent.ig,PUBG Mobile,10352,25820480,3972826,29793306,MOBILE,0
2449,1777467600000,2026-04-29T21:00:00,mock-device-uuid-12345,com.spotify.music,Spotify,10299,84542914,17800821,102343735,MOBILE,0
2450,1777467600000,2026-04-29T21:00:00,mock-device-uuid-12345,com.google.android.youtube,YouTube,10101,11385334,2462619,13847953,MOBILE,0
2451,1777467600000,2026-04-29T21:00:00,mock-device-uuid-12345,com.tencent.ig,PUBG Mobile,10352,51921345,3070562,54991907,MOBILE,0
2452,1777471200000,2026-04-29T22:00:00,mock-device-uuid-12345,com.tencent.ig,PUBG Mobile,10352,99687658,16793349,116481007,MOBILE,0
2453,1777471200000,2026-04-29T22:00:00,mock-device-uuid-12345,com.spotify.music,Spotify,10299,67571267,11154247,78725514,MOBILE,0
2454,1777471200000,2026-04-29T22:00:00,mock-device-uuid-12345,com.facebook.katana,Facebook,10245,14896409,2570754,17467163,MOBILE,0
2455,1777471200000,2026-04-29T22:00:00,mock-device-uuid-12345,com.google.android.youtube,YouTube,10101,7682140,412274,8094414,MOBILE,0
2456,1777471200000,2026-04-29T22:00:00,mock-device-uuid-12345,com.android.chrome,Chrome,10080,8521646,1762297,10283943,MOBILE,0
2457,1777474800000,2026-04-29T23:00:00,mock-device-uuid-12345,com.zhiliaoapp.musically,TikTok,10310,13503946,1390741,14894687,MOBILE,0
2458,1777474800000,2026-04-29T23:00:00,mock-device-uuid-12345,com.spotify.music,Spotify,10299,34746251,5697646,40443897,MOBILE,0
2459,1777474800000,2026-04-29T23:00:00,mock-device-uuid-12345,com.android.chrome,Chrome,10080,1152954,261217,1414171,MOBILE,0
2460,1777474800000,2026-04-29T23:00:00,mock-device-uuid-12345,com.tencent.ig,PUBG Mobile,10352,6151946,697800,6849746,MOBILE,0
2461,1777474800000,2026-04-29T23:00:00,mock-device-uuid-12345,com.facebook.katana,Facebook,10245,10239418,1467646,11707064,MOBILE,0
2462,1777478400000,2026-04-30T00:00:00,mock-device-uuid-12345,com.android.chrome,Chrome,10080,5963976,1483991,7447967,MOBILE,0
2463,1777478400000,2026-04-30T00:00:00,mock-device-uuid-12345,com.spotify.music,Spotify,10299,1231545,265965,1497510,MOBILE,0
2464,1777478400000,2026-04-30T00:00:00,mock-device-uuid-12345,com.google.android.youtube,YouTube,10101,311681,34988,346669,MOBILE,0
2465,1777478400000,2026-04-30T00:00:00,mock-device-uuid-12345,com.facebook.katana,Facebook,10245,262910,34501,297411,MOBILE,0
2466,1777478400000,2026-04-30T00:00:00,mock-device-uuid-12345,com.zhiliaoapp.musically,TikTok,10310,1781880,133955,1915835,MOBILE,0
2467,1777482000000,2026-04-30T01:00:00,mock-device-uuid-12345,com.tencent.ig,PUBG Mobile,10352,2223546,353587,2577133,MOBILE,0
2468,1777482000000,2026-04-30T01:00:00,mock-device-uuid-12345,com.google.android.youtube,YouTube,10101,1744128,145003,1889131,MOBILE,0
2469,1777482000000,2026-04-30T01:00:00,mock-device-uuid-12345,com.facebook.katana,Facebook,10245,1112444,86600,1199044,MOBILE,0
2470,1777482000000,2026-04-30T01:00:00,mock-device-uuid-12345,com.zhiliaoapp.musically,TikTok,10310,768747,150625,919372,MOBILE,0
2471,1777482000000,2026-04-30T01:00:00,mock-device-uuid-12345,com.spotify.music,Spotify,10299,2056998,318297,2375295,MOBILE,0
2472,1777485600000,2026-04-30T02:00:00,mock-device-uuid-12345,com.facebook.katana,Facebook,10245,5275248,610617,5885865,MOBILE,0
2473,1777485600000,2026-04-30T02:00:00,mock-device-uuid-12345,com.android.chrome,Chrome,10080,504863,80995,585858,MOBILE,0
2474,1777485600000,2026-04-30T02:00:00,mock-device-uuid-12345,com.google.android.youtube,YouTube,10101,3074851,456735,3531586,MOBILE,0
2475,1777489200000,2026-04-30T03:00:00,mock-device-uuid-12345,com.spotify.music,Spotify,10299,0,0,0,MOBILE,0
2476,1777489200000,2026-04-30T03:00:00,mock-device-uuid-12345,com.zhiliaoapp.musically,TikTok,10310,0,0,0,MOBILE,0
2477,1777492800000,2026-04-30T04:00:00,mock-device-uuid-12345,com.facebook.katana,Facebook,10245,7321153,634071,7955224,MOBILE,0
2478,1777492800000,2026-04-30T04:00:00,mock-device-uuid-12345,com.spotify.music,Spotify,10299,12190311,2795944,14986255,MOBILE,0
2479,1777496400000,2026-04-30T05:00:00,mock-device-uuid-12345,com.google.android.youtube,YouTube,10101,1574664,235362,1810026,MOBILE,0
2480,1777496400000,2026-04-30T05:00:00,mock-device-uuid-12345,com.facebook.katana,Facebook,10245,11531769,730932,12262701,MOBILE,0
2481,1777500000000,2026-04-30T06:00:00,mock-device-uuid-12345,com.google.android.youtube,YouTube,10101,13229823,977194,14207017,MOBILE,0
2482,1777500000000,2026-04-30T06:00:00,mock-device-uuid-12345,com.spotify.music,Spotify,10299,20009141,4461256,24470397,MOBILE,0
2483,1777500000000,2026-04-30T06:00:00,mock-device-uuid-12345,com.zhiliaoapp.musically,TikTok,10310,8915396,702251,9617647,MOBILE,0
2484,1777500000000,2026-04-30T06:00:00,mock-device-uuid-12345,com.facebook.katana,Facebook,10245,8772677,1588134,10360811,MOBILE,0
2485,1777503600000,2026-04-30T07:00:00,mock-device-uuid-12345,com.zhiliaoapp.musically,TikTok,10310,8339328,480605,8819933,MOBILE,0
2486,1777503600000,2026-04-30T07:00:00,mock-device-uuid-12345,com.google.android.youtube,YouTube,10101,21309959,1473126,22783085,MOBILE,0
2487,1777503600000,2026-04-30T07:00:00,mock-device-uuid-12345,com.tencent.ig,PUBG Mobile,10352,6354105,670271,7024376,MOBILE,0
2488,1777503600000,2026-04-30T07:00:00,mock-device-uuid-12345,com.instagram.android,Instagram,10246,3809529,601561,4411090,MOBILE,0
2489,1777507200000,2026-04-30T08:00:00,mock-device-uuid-12345,com.zhiliaoapp.musically,TikTok,10310,8621276,966150,9587426,MOBILE,0
2490,1777507200000,2026-04-30T08:00:00,mock-device-uuid-12345,com.facebook.katana,Facebook,10245,8004324,728902,8733226,MOBILE,0
2491,1777507200000,2026-04-30T08:00:00,mock-device-uuid-12345,com.instagram.android,Instagram,10246,11178335,1199961,12378296,MOBILE,0
2492,1777510800000,2026-04-30T09:00:00,mock-device-uuid-12345,com.google.android.youtube,YouTube,10101,37644521,2713234,40357755,MOBILE,0
2493,1777510800000,2026-04-30T09:00:00,mock-device-uuid-12345,com.spotify.music,Spotify,10299,3352694,670141,4022835,MOBILE,0
2494,1777510800000,2026-04-30T09:00:00,mock-device-uuid-12345,com.zhiliaoapp.musically,TikTok,10310,7312622,386545,7699167,MOBILE,0
2495,1777510800000,2026-04-30T09:00:00,mock-device-uuid-12345,com.facebook.katana,Facebook,10245,5498785,508162,6006947,MOBILE,0
2496,1777514400000,2026-04-30T10:00:00,mock-device-uuid-12345,com.spotify.music,Spotify,10299,6484180,1049278,7533458,MOBILE,0
2497,1777514400000,2026-04-30T10:00:00,mock-device-uuid-12345,com.google.android.youtube,YouTube,10101,13044824,1473955,14518779,MOBILE,0
2498,1777514400000,2026-04-30T10:00:00,mock-device-uuid-12345,com.instagram.android,Instagram,10246,3233019,739514,3972533,MOBILE,0
2499,1777514400000,2026-04-30T10:00:00,mock-device-uuid-12345,com.zhiliaoapp.musically,TikTok,10310,9432739,527416,9960155,MOBILE,0
2500,1777518000000,2026-04-30T11:00:00,mock-device-uuid-12345,com.spotify.music,Spotify,10299,9031130,1479739,10510869,MOBILE,0
2501,1777518000000,2026-04-30T11:00:00,mock-device-uuid-12345,com.zhiliaoapp.musically,TikTok,10310,20754276,1758565,22512841,MOBILE,0
2502,1777518000000,2026-04-30T11:00:00,mock-device-uuid-12345,com.tencent.ig,PUBG Mobile,10352,5544062,491438,6035500,MOBILE,0
2503,1777518000000,2026-04-30T11:00:00,mock-device-uuid-12345,com.instagram.android,Instagram,10246,1848547,461319,2309866,MOBILE,0
2504,1777518000000,2026-04-30T11:00:00,mock-device-uuid-12345,com.android.chrome,Chrome,10080,1178294,195206,1373500,MOBILE,0
2505,1777521600000,2026-04-30T12:00:00,mock-device-uuid-12345,com.google.android.youtube,YouTube,10101,8975153,1392991,10368144,MOBILE,0
2506,1777521600000,2026-04-30T12:00:00,mock-device-uuid-12345,com.zhiliaoapp.musically,TikTok,10310,5288619,857822,6146441,MOBILE,0
2507,1777521600000,2026-04-30T12:00:00,mock-device-uuid-12345,com.facebook.katana,Facebook,10245,4648286,773976,5422262,MOBILE,0
2508,1777521600000,2026-04-30T12:00:00,mock-device-uuid-12345,com.tencent.ig,PUBG Mobile,10352,1478514,85634,1564148,MOBILE,0
2509,1777521600000,2026-04-30T12:00:00,mock-device-uuid-12345,com.android.chrome,Chrome,10080,4938829,551098,5489927,MOBILE,0
2510,1777525200000,2026-04-30T13:00:00,mock-device-uuid-12345,com.android.chrome,Chrome,10080,15809822,3651284,19461106,MOBILE,0
2511,1777525200000,2026-04-30T13:00:00,mock-device-uuid-12345,com.google.android.youtube,YouTube,10101,19845519,2478394,22323913,MOBILE,0
2512,1777528800000,2026-04-30T14:00:00,mock-device-uuid-12345,com.facebook.katana,Facebook,10245,18241718,1636749,19878467,MOBILE,0
2513,1777528800000,2026-04-30T14:00:00,mock-device-uuid-12345,com.google.android.youtube,YouTube,10101,42399960,2293721,44693681,MOBILE,0
2514,1777532400000,2026-04-30T15:00:00,mock-device-uuid-12345,com.zhiliaoapp.musically,TikTok,10310,1203616,142533,1346149,MOBILE,0
2515,1777532400000,2026-04-30T15:00:00,mock-device-uuid-12345,com.spotify.music,Spotify,10299,6087557,502821,6590378,MOBILE,0
2516,1777532400000,2026-04-30T15:00:00,mock-device-uuid-12345,com.tencent.ig,PUBG Mobile,10352,6505818,972304,7478122,MOBILE,0
2517,1777532400000,2026-04-30T15:00:00,mock-device-uuid-12345,com.android.chrome,Chrome,10080,4554098,385685,4939783,MOBILE,0
2518,1777536000000,2026-04-30T16:00:00,mock-device-uuid-12345,com.android.chrome,Chrome,10080,8476981,1048598,9525579,MOBILE,0
2519,1777536000000,2026-04-30T16:00:00,mock-device-uuid-12345,com.zhiliaoapp.musically,TikTok,10310,8581778,1499626,10081404,MOBILE,0
2520,1777536000000,2026-04-30T16:00:00,mock-device-uuid-12345,com.facebook.katana,Facebook,10245,29918811,2664345,32583156,MOBILE,0
2521,1777536000000,2026-04-30T16:00:00,mock-device-uuid-12345,com.tencent.ig,PUBG Mobile,10352,9453013,1278353,10731366,MOBILE,0
2522,1777536000000,2026-04-30T16:00:00,mock-device-uuid-12345,com.instagram.android,Instagram,10246,9111049,893282,10004331,MOBILE,0
2523,1777539600000,2026-04-30T17:00:00,mock-device-uuid-12345,com.instagram.android,Instagram,10246,12999940,2864896,15864836,MOBILE,0
2524,1777539600000,2026-04-30T17:00:00,mock-device-uuid-12345,com.zhiliaoapp.musically,TikTok,10310,17386504,3188463,20574967,MOBILE,0
2525,1777539600000,2026-04-30T17:00:00,mock-device-uuid-12345,com.android.chrome,Chrome,10080,25235448,1893409,27128857,MOBILE,0
2526,1777543200000,2026-04-30T18:00:00,mock-device-uuid-12345,com.tencent.ig,PUBG Mobile,10352,49716544,3246089,52962633,MOBILE,0
2527,1777543200000,2026-04-30T18:00:00,mock-device-uuid-12345,com.spotify.music,Spotify,10299,29042949,3998220,33041169,MOBILE,0
2528,1777543200000,2026-04-30T18:00:00,mock-device-uuid-12345,com.instagram.android,Instagram,10246,23566134,5237120,28803254,MOBILE,0
2529,1777543200000,2026-04-30T18:00:00,mock-device-uuid-12345,com.facebook.katana,Facebook,10245,14399658,2429209,16828867,MOBILE,0
2530,1777546800000,2026-04-30T19:00:00,mock-device-uuid-12345,com.facebook.katana,Facebook,10245,65058172,15902577,80960749,MOBILE,0
2531,1777546800000,2026-04-30T19:00:00,mock-device-uuid-12345,com.zhiliaoapp.musically,TikTok,10310,82246256,13094376,95340632,MOBILE,0
2532,1777550400000,2026-04-30T20:00:00,mock-device-uuid-12345,com.instagram.android,Instagram,10246,29368153,5685038,35053191,MOBILE,0
2533,1777550400000,2026-04-30T20:00:00,mock-device-uuid-12345,com.spotify.music,Spotify,10299,132573592,23777028,156350620,MOBILE,0
2534,1777554000000,2026-04-30T21:00:00,mock-device-uuid-12345,com.spotify.music,Spotify,10299,61102800,13898622,75001422,MOBILE,0
2535,1777554000000,2026-04-30T21:00:00,mock-device-uuid-12345,com.zhiliaoapp.musically,TikTok,10310,18129600,1313336,19442936,MOBILE,0
2536,1777554000000,2026-04-30T21:00:00,mock-device-uuid-12345,com.tencent.ig,PUBG Mobile,10352,17546625,1664671,19211296,MOBILE,0
2537,1777554000000,2026-04-30T21:00:00,mock-device-uuid-12345,com.facebook.katana,Facebook,10245,22106538,1250409,23356947,MOBILE,0
2538,1777557600000,2026-04-30T22:00:00,mock-device-uuid-12345,com.instagram.android,Instagram,10246,25059810,4055978,29115788,MOBILE,0
2539,1777557600000,2026-04-30T22:00:00,mock-device-uuid-12345,com.google.android.youtube,YouTube,10101,48278568,2560764,50839332,MOBILE,0
2540,1777557600000,2026-04-30T22:00:00,mock-device-uuid-12345,com.android.chrome,Chrome,10080,47168456,2499605,49668061,MOBILE,0
2541,1777561200000,2026-04-30T23:00:00,mock-device-uuid-12345,com.instagram.android,Instagram,10246,22702245,3948049,26650294,MOBILE,0
2542,1777561200000,2026-04-30T23:00:00,mock-device-uuid-12345,com.android.chrome,Chrome,10080,5022252,1175477,6197729,MOBILE,0
2543,1777561200000,2026-04-30T23:00:00,mock-device-uuid-12345,com.zhiliaoapp.musically,TikTok,10310,54589652,4857249,59446901,MOBILE,0
2544,1777564800000,2026-05-01T00:00:00,mock-device-uuid-12345,com.tencent.ig,PUBG Mobile,10352,1149453,253233,1402686,MOBILE,0
2545,1777564800000,2026-05-01T00:00:00,mock-device-uuid-12345,com.facebook.katana,Facebook,10245,9575960,1550826,11126786,MOBILE,0
2546,1777564800000,2026-05-01T00:00:00,mock-device-uuid-12345,com.instagram.android,Instagram,10246,7812939,1819450,9632389,MOBILE,0
2547,1777568400000,2026-05-01T01:00:00,mock-device-uuid-12345,com.android.chrome,Chrome,10080,0,0,0,MOBILE,0
2548,1777568400000,2026-05-01T01:00:00,mock-device-uuid-12345,com.spotify.music,Spotify,10299,0,0,0,MOBILE,0
2549,1777568400000,2026-05-01T01:00:00,mock-device-uuid-12345,com.facebook.katana,Facebook,10245,0,0,0,MOBILE,0
2550,1777568400000,2026-05-01T01:00:00,mock-device-uuid-12345,com.instagram.android,Instagram,10246,0,0,0,MOBILE,0
2551,1777572000000,2026-05-01T02:00:00,mock-device-uuid-12345,com.spotify.music,Spotify,10299,0,0,0,MOBILE,0
2552,1777572000000,2026-05-01T02:00:00,mock-device-uuid-12345,com.google.android.youtube,YouTube,10101,0,0,0,MOBILE,0
2553,1777572000000,2026-05-01T02:00:00,mock-device-uuid-12345,com.instagram.android,Instagram,10246,0,0,0,MOBILE,0
2554,1777572000000,2026-05-01T02:00:00,mock-device-uuid-12345,com.facebook.katana,Facebook,10245,0,0,0,MOBILE,0
2555,1777575600000,2026-05-01T03:00:00,mock-device-uuid-12345,com.tencent.ig,PUBG Mobile,10352,7897862,1127230,9025092,MOBILE,0
2556,1777575600000,2026-05-01T03:00:00,mock-device-uuid-12345,com.spotify.music,Spotify,10299,1904807,465639,2370446,MOBILE,0
2557,1777575600000,2026-05-01T03:00:00,mock-device-uuid-12345,com.facebook.katana,Facebook,10245,1247721,125745,1373466,MOBILE,0
2558,1777575600000,2026-05-01T03:00:00,mock-device-uuid-12345,com.instagram.android,Instagram,10246,668131,50382,718513,MOBILE,0
2559,1777579200000,2026-05-01T04:00:00,mock-device-uuid-12345,com.tencent.ig,PUBG Mobile,10352,1697880,273556,1971436,MOBILE,0
2560,1777579200000,2026-05-01T04:00:00,mock-device-uuid-12345,com.spotify.music,Spotify,10299,480404,72129,552533,MOBILE,0
2561,1777579200000,2026-05-01T04:00:00,mock-device-uuid-12345,com.android.chrome,Chrome,10080,840500,144213,984713,MOBILE,0
2562,1777579200000,2026-05-01T04:00:00,mock-device-uuid-12345,com.instagram.android,Instagram,10246,7874546,693325,8567871,MOBILE,0
2563,1777582800000,2026-05-01T05:00:00,mock-device-uuid-12345,com.facebook.katana,Facebook,10245,688361,114755,803116,MOBILE,0
2564,1777582800000,2026-05-01T05:00:00,mock-device-uuid-12345,com.google.android.youtube,YouTube,10101,4399638,334565,4734203,MOBILE,0
2565,1777586400000,2026-05-01T06:00:00,mock-device-uuid-12345,com.tencent.ig,PUBG Mobile,10352,6438027,1460737,7898764,MOBILE,0
2566,1777586400000,2026-05-01T06:00:00,mock-device-uuid-12345,com.instagram.android,Instagram,10246,794536,174667,969203,MOBILE,0
2567,1777586400000,2026-05-01T06:00:00,mock-device-uuid-12345,com.spotify.music,Spotify,10299,3252379,649248,3901627,MOBILE,0
2568,1777586400000,2026-05-01T06:00:00,mock-device-uuid-12345,com.google.android.youtube,YouTube,10101,2045592,454019,2499611,MOBILE,0
2569,1777586400000,2026-05-01T06:00:00,mock-device-uuid-12345,com.facebook.katana,Facebook,10245,1105665,268965,1374630,MOBILE,0
2570,1777590000000,2026-05-01T07:00:00,mock-device-uuid-12345,com.facebook.katana,Facebook,10245,29387550,2288561,31676111,MOBILE,0
2571,1777590000000,2026-05-01T07:00:00,mock-device-uuid-12345,com.google.android.youtube,YouTube,10101,12771021,822675,13593696,MOBILE,0
2572,1777590000000,2026-05-01T07:00:00,mock-device-uuid-12345,com.spotify.music,Spotify,10299,5276367,728352,6004719,MOBILE,0
2573,1777593600000,2026-05-01T08:00:00,mock-device-uuid-12345,com.zhiliaoapp.musically,TikTok,10310,11769377,2033248,13802625,MOBILE,0
2574,1777593600000,2026-05-01T08:00:00,mock-device-uuid-12345,com.android.chrome,Chrome,10080,11374761,1451454,12826215,MOBILE,0
2575,1777593600000,2026-05-01T08:00:00,mock-device-uuid-12345,com.google.android.youtube,YouTube,10101,2891871,586851,3478722,MOBILE,0
2576,1777593600000,2026-05-01T08:00:00,mock-device-uuid-12345,com.tencent.ig,PUBG Mobile,10352,9797644,1873631,11671275,MOBILE,0
2577,1777593600000,2026-05-01T08:00:00,mock-device-uuid-12345,com.instagram.android,Instagram,10246,5886159,1041565,6927724,MOBILE,0
2578,1777597200000,2026-05-01T09:00:00,mock-device-uuid-12345,com.tencent.ig,PUBG Mobile,10352,20508338,3460868,23969206,MOBILE,0
2579,1777597200000,2026-05-01T09:00:00,mock-device-uuid-12345,com.spotify.music,Spotify,10299,1764589,124404,1888993,MOBILE,0
2580,1777597200000,2026-05-01T09:00:00,mock-device-uuid-12345,com.facebook.katana,Facebook,10245,14257723,3214487,17472210,MOBILE,0
2581,1777600800000,2026-05-01T10:00:00,mock-device-uuid-12345,com.google.android.youtube,YouTube,10101,26545312,3364210,29909522,MOBILE,0
2582,1777600800000,2026-05-01T10:00:00,mock-device-uuid-12345,com.instagram.android,Instagram,10246,5128642,989295,6117937,MOBILE,0
2583,1777600800000,2026-05-01T10:00:00,mock-device-uuid-12345,com.spotify.music,Spotify,10299,12045749,2903114,14948863,MOBILE,0
2584,1777600800000,2026-05-01T10:00:00,mock-device-uuid-12345,com.android.chrome,Chrome,10080,7093315,1254731,8348046,MOBILE,0
2585,1777600800000,2026-05-01T10:00:00,mock-device-uuid-12345,com.facebook.katana,Facebook,10245,6527582,568836,7096418,MOBILE,0
2586,1777604400000,2026-05-01T11:00:00,mock-device-uuid-12345,com.facebook.katana,Facebook,10245,3112184,707852,3820036,MOBILE,0
2587,1777604400000,2026-05-01T11:00:00,mock-device-uuid-12345,com.tencent.ig,PUBG Mobile,10352,9444521,1972924,11417445,MOBILE,0
2588,1777604400000,2026-05-01T11:00:00,mock-device-uuid-12345,com.zhiliaoapp.musically,TikTok,10310,39354165,9025459,48379624,MOBILE,0
2589,1777608000000,2026-05-01T12:00:00,mock-device-uuid-12345,com.tencent.ig,PUBG Mobile,10352,25669893,5320814,30990707,MOBILE,0
2590,1777608000000,2026-05-01T12:00:00,mock-device-uuid-12345,com.spotify.music,Spotify,10299,4188316,346826,4535142,MOBILE,0
2591,1777608000000,2026-05-01T12:00:00,mock-device-uuid-12345,com.instagram.android,Instagram,10246,9194028,2001974,11196002,MOBILE,0
2592,1777608000000,2026-05-01T12:00:00,mock-device-uuid-12345,com.facebook.katana,Facebook,10245,7313563,967059,8280622,MOBILE,0
2593,1777608000000,2026-05-01T12:00:00,mock-device-uuid-12345,com.google.android.youtube,YouTube,10101,5305100,392811,5697911,MOBILE,0
2594,1777611600000,2026-05-01T13:00:00,mock-device-uuid-12345,com.google.android.youtube,YouTube,10101,26157759,4830445,30988204,MOBILE,0
2595,1777611600000,2026-05-01T13:00:00,mock-device-uuid-12345,com.android.chrome,Chrome,10080,17068443,4071945,21140388,MOBILE,0
2596,1777615200000,2026-05-01T14:00:00,mock-device-uuid-12345,com.google.android.youtube,YouTube,10101,33535715,1991287,35527002,MOBILE,0
2597,1777615200000,2026-05-01T14:00:00,mock-device-uuid-12345,com.android.chrome,Chrome,10080,6356026,1084698,7440724,MOBILE,0
2598,1777615200000,2026-05-01T14:00:00,mock-device-uuid-12345,com.spotify.music,Spotify,10299,21384095,2403956,23788051,MOBILE,0
2599,1777615200000,2026-05-01T14:00:00,mock-device-uuid-12345,com.instagram.android,Instagram,10246,13507647,2953872,16461519,MOBILE,0
2600,1777618800000,2026-05-01T15:00:00,mock-device-uuid-12345,com.google.android.youtube,YouTube,10101,8556789,1561987,10118776,MOBILE,0
2601,1777618800000,2026-05-01T15:00:00,mock-device-uuid-12345,com.instagram.android,Instagram,10246,1509082,162632,1671714,MOBILE,0
2602,1777618800000,2026-05-01T15:00:00,mock-device-uuid-12345,com.tencent.ig,PUBG Mobile,10352,7030408,1143530,8173938,MOBILE,0
2603,1777618800000,2026-05-01T15:00:00,mock-device-uuid-12345,com.android.chrome,Chrome,10080,814425,110225,924650,MOBILE,0
2604,1777618800000,2026-05-01T15:00:00,mock-device-uuid-12345,com.zhiliaoapp.musically,TikTok,10310,2963550,738051,3701601,MOBILE,0
2605,1777622400000,2026-05-01T16:00:00,mock-device-uuid-12345,com.zhiliaoapp.musically,TikTok,10310,16037777,1409883,17447660,MOBILE,0
2606,1777622400000,2026-05-01T16:00:00,mock-device-uuid-12345,com.instagram.android,Instagram,10246,11572287,947414,12519701,MOBILE,0
2607,1777622400000,2026-05-01T16:00:00,mock-device-uuid-12345,com.tencent.ig,PUBG Mobile,10352,1750254,232127,1982381,MOBILE,0
2608,1777622400000,2026-05-01T16:00:00,mock-device-uuid-12345,com.spotify.music,Spotify,10299,4873660,606463,5480123,MOBILE,0
2609,1777622400000,2026-05-01T16:00:00,mock-device-uuid-12345,com.google.android.youtube,YouTube,10101,7170784,1528514,8699298,MOBILE,0
2610,1777626000000,2026-05-01T17:00:00,mock-device-uuid-12345,com.spotify.music,Spotify,10299,24936480,4482524,29419004,MOBILE,0
2611,1777626000000,2026-05-01T17:00:00,mock-device-uuid-12345,com.tencent.ig,PUBG Mobile,10352,4302404,1039253,5341657,MOBILE,0
2612,1777626000000,2026-05-01T17:00:00,mock-device-uuid-12345,com.android.chrome,Chrome,10080,5291440,398726,5690166,MOBILE,0
2613,1777626000000,2026-05-01T17:00:00,mock-device-uuid-12345,com.instagram.android,Instagram,10246,10942006,647106,11589112,MOBILE,0
2614,1777626000000,2026-05-01T17:00:00,mock-device-uuid-12345,com.zhiliaoapp.musically,TikTok,10310,21924680,3039654,24964334,MOBILE,0
2615,1777629600000,2026-05-01T18:00:00,mock-device-uuid-12345,com.google.android.youtube,YouTube,10101,27927559,4282583,32210142,MOBILE,0
2616,1777629600000,2026-05-01T18:00:00,mock-device-uuid-12345,com.android.chrome,Chrome,10080,13496257,2126329,15622586,MOBILE,0
2617,1777629600000,2026-05-01T18:00:00,mock-device-uuid-12345,com.facebook.katana,Facebook,10245,21369519,2192606,23562125,MOBILE,0
2618,1777629600000,2026-05-01T18:00:00,mock-device-uuid-12345,com.spotify.music,Spotify,10299,97364483,17697817,115062300,MOBILE,0
2619,1777633200000,2026-05-01T19:00:00,mock-device-uuid-12345,com.google.android.youtube,YouTube,10101,57102984,12067577,69170561,MOBILE,0
2620,1777633200000,2026-05-01T19:00:00,mock-device-uuid-12345,com.facebook.katana,Facebook,10245,60016462,5489412,65505874,MOBILE,0
2621,1777633200000,2026-05-01T19:00:00,mock-device-uuid-12345,com.zhiliaoapp.musically,TikTok,10310,69509149,6833519,76342668,MOBILE,0
2622,1777636800000,2026-05-01T20:00:00,mock-device-uuid-12345,com.facebook.katana,Facebook,10245,61528410,12803871,74332281,MOBILE,0
2623,1777636800000,2026-05-01T20:00:00,mock-device-uuid-12345,com.tencent.ig,PUBG Mobile,10352,16893650,1971307,18864957,MOBILE,0
2624,1777636800000,2026-05-01T20:00:00,mock-device-uuid-12345,com.instagram.android,Instagram,10246,103580471,8632666,112213137,MOBILE,0
2625,1777640400000,2026-05-01T21:00:00,mock-device-uuid-12345,com.google.android.youtube,YouTube,10101,93060316,11053044,104113360,MOBILE,0
2626,1777640400000,2026-05-01T21:00:00,mock-device-uuid-12345,com.android.chrome,Chrome,10080,14403451,1345459,15748910,MOBILE,0
2627,1777640400000,2026-05-01T21:00:00,mock-device-uuid-12345,com.instagram.android,Instagram,10246,10752771,2618340,13371111,MOBILE,0
2628,1777640400000,2026-05-01T21:00:00,mock-device-uuid-12345,com.tencent.ig,PUBG Mobile,10352,20425395,3297950,23723345,MOBILE,0
2629,1777644000000,2026-05-01T22:00:00,mock-device-uuid-12345,com.spotify.music,Spotify,10299,57062213,8707137,65769350,MOBILE,0
2630,1777644000000,2026-05-01T22:00:00,mock-device-uuid-12345,com.android.chrome,Chrome,10080,71116124,6053769,77169893,MOBILE,0
2631,1777644000000,2026-05-01T22:00:00,mock-device-uuid-12345,com.tencent.ig,PUBG Mobile,10352,48880297,4615968,53496265,MOBILE,0
2632,1777647600000,2026-05-01T23:00:00,mock-device-uuid-12345,com.android.chrome,Chrome,10080,40162288,6672417,46834705,MOBILE,0
2633,1777647600000,2026-05-01T23:00:00,mock-device-uuid-12345,com.spotify.music,Spotify,10299,9330500,1067468,10397968,MOBILE,0
2634,1777647600000,2026-05-01T23:00:00,mock-device-uuid-12345,com.zhiliaoapp.musically,TikTok,10310,24312493,3309588,27622081,MOBILE,0
2635,1777651200000,2026-05-02T00:00:00,mock-device-uuid-12345,com.tencent.ig,PUBG Mobile,10352,9800322,544097,10344419,MOBILE,0
2636,1777651200000,2026-05-02T00:00:00,mock-device-uuid-12345,com.android.chrome,Chrome,10080,1867631,281739,2149370,MOBILE,0
2637,1777651200000,2026-05-02T00:00:00,mock-device-uuid-12345,com.facebook.katana,Facebook,10245,2012975,236812,2249787,MOBILE,0
2638,1777651200000,2026-05-02T00:00:00,mock-device-uuid-12345,com.spotify.music,Spotify,10299,4442536,606721,5049257,MOBILE,0
2639,1777651200000,2026-05-02T00:00:00,mock-device-uuid-12345,com.instagram.android,Instagram,10246,9536445,1529682,11066127,MOBILE,0
2640,1777654800000,2026-05-02T01:00:00,mock-device-uuid-12345,com.google.android.youtube,YouTube,10101,14090585,1630739,15721324,MOBILE,0
2641,1777654800000,2026-05-02T01:00:00,mock-device-uuid-12345,com.android.chrome,Chrome,10080,7416378,1754286,9170664,MOBILE,0
2642,1777654800000,2026-05-02T01:00:00,mock-device-uuid-12345,com.zhiliaoapp.musically,TikTok,10310,1262678,85471,1348149,MOBILE,0
2643,1777654800000,2026-05-02T01:00:00,mock-device-uuid-12345,com.tencent.ig,PUBG Mobile,10352,3588726,760376,4349102,MOBILE,0
2644,1777654800000,2026-05-02T01:00:00,mock-device-uuid-12345,com.facebook.katana,Facebook,10245,4054755,469354,4524109,MOBILE,0
2645,1777658400000,2026-05-02T02:00:00,mock-device-uuid-12345,com.facebook.katana,Facebook,10245,20160174,1616720,21776894,MOBILE,0
2646,1777658400000,2026-05-02T02:00:00,mock-device-uuid-12345,com.spotify.music,Spotify,10299,8188708,771869,8960577,MOBILE,0
2647,1777658400000,2026-05-02T02:00:00,mock-device-uuid-12345,com.android.chrome,Chrome,10080,3726871,623679,4350550,MOBILE,0
2648,1777658400000,2026-05-02T02:00:00,mock-device-uuid-12345,com.zhiliaoapp.musically,TikTok,10310,6837779,1275865,8113644,MOBILE,0
2649,1777658400000,2026-05-02T02:00:00,mock-device-uuid-12345,com.tencent.ig,PUBG Mobile,10352,18007895,1585775,19593670,MOBILE,0
2650,1777662000000,2026-05-02T03:00:00,mock-device-uuid-12345,com.google.android.youtube,YouTube,10101,12277541,2303632,14581173,MOBILE,0
2651,1777662000000,2026-05-02T03:00:00,mock-device-uuid-12345,com.instagram.android,Instagram,10246,4003657,700323,4703980,MOBILE,0
2652,1777662000000,2026-05-02T03:00:00,mock-device-uuid-12345,com.spotify.music,Spotify,10299,15812567,1734372,17546939,MOBILE,0
2653,1777662000000,2026-05-02T03:00:00,mock-device-uuid-12345,com.zhiliaoapp.musically,TikTok,10310,14434357,1039665,15474022,MOBILE,0
2654,1777665600000,2026-05-02T04:00:00,mock-device-uuid-12345,com.zhiliaoapp.musically,TikTok,10310,28252537,2240338,30492875,MOBILE,0
2655,1777665600000,2026-05-02T04:00:00,mock-device-uuid-12345,com.spotify.music,Spotify,10299,9934754,2314023,12248777,MOBILE,0
2656,1777665600000,2026-05-02T04:00:00,mock-device-uuid-12345,com.google.android.youtube,YouTube,10101,2791272,616633,3407905,MOBILE,0
2657,1777665600000,2026-05-02T04:00:00,mock-device-uuid-12345,com.instagram.android,Instagram,10246,3150097,332373,3482470,MOBILE,0
2658,1777665600000,2026-05-02T04:00:00,mock-device-uuid-12345,com.android.chrome,Chrome,10080,1567603,220018,1787621,MOBILE,0
2659,1777669200000,2026-05-02T05:00:00,mock-device-uuid-12345,com.tencent.ig,PUBG Mobile,10352,15239661,1353130,16592791,MOBILE,0
2660,1777669200000,2026-05-02T05:00:00,mock-device-uuid-12345,com.android.chrome,Chrome,10080,15090424,3547050,18637474,MOBILE,0
2661,1777672800000,2026-05-02T06:00:00,mock-device-uuid-12345,com.facebook.katana,Facebook,10245,15594374,3589838,19184212,MOBILE,0
2662,1777672800000,2026-05-02T06:00:00,mock-device-uuid-12345,com.instagram.android,Instagram,10246,46475579,6608800,53084379,MOBILE,0
2663,1777676400000,2026-05-02T07:00:00,mock-device-uuid-12345,com.android.chrome,Chrome,10080,62347151,4092612,66439763,MOBILE,0
2664,1777676400000,2026-05-02T07:00:00,mock-device-uuid-12345,com.tencent.ig,PUBG Mobile,10352,33701638,2470672,36172310,MOBILE,0
2665,1777680000000,2026-05-02T08:00:00,mock-device-uuid-12345,com.tencent.ig,PUBG Mobile,10352,40906216,4739206,45645422,MOBILE,0
2666,1777680000000,2026-05-02T08:00:00,mock-device-uuid-12345,com.google.android.youtube,YouTube,10101,43462662,6828369,50291031,MOBILE,0
2667,1777680000000,2026-05-02T08:00:00,mock-device-uuid-12345,com.zhiliaoapp.musically,TikTok,10310,5323201,1287438,6610639,MOBILE,0
2668,1777680000000,2026-05-02T08:00:00,mock-device-uuid-12345,com.facebook.katana,Facebook,10245,3817586,860156,4677742,MOBILE,0
2669,1777680000000,2026-05-02T08:00:00,mock-device-uuid-12345,com.android.chrome,Chrome,10080,22117478,3125654,25243132,MOBILE,0
2670,1777683600000,2026-05-02T09:00:00,mock-device-uuid-12345,com.instagram.android,Instagram,10246,32150393,7407019,39557412,MOBILE,0
2671,1777683600000,2026-05-02T09:00:00,mock-device-uuid-12345,com.facebook.katana,Facebook,10245,5037585,284375,5321960,MOBILE,0
2672,1777683600000,2026-05-02T09:00:00,mock-device-uuid-12345,com.android.chrome,Chrome,10080,24238444,2392191,26630635,MOBILE,0
2673,1777683600000,2026-05-02T09:00:00,mock-device-uuid-12345,com.tencent.ig,PUBG Mobile,10352,3484161,304033,3788194,MOBILE,0
2674,1777683600000,2026-05-02T09:00:00,mock-device-uuid-12345,com.spotify.music,Spotify,10299,39248981,3157883,42406864,MOBILE,0
2675,1777687200000,2026-05-02T10:00:00,mock-device-uuid-12345,com.zhiliaoapp.musically,TikTok,10310,39913375,9051757,48965132,MOBILE,0
2676,1777687200000,2026-05-02T10:00:00,mock-device-uuid-12345,com.facebook.katana,Facebook,10245,16106692,3580085,19686777,MOBILE,0
2677,1777687200000,2026-05-02T10:00:00,mock-device-uuid-12345,com.google.android.youtube,YouTube,10101,11908341,1253701,13162042,MOBILE,0
2678,1777687200000,2026-05-02T10:00:00,mock-device-uuid-12345,com.spotify.music,Spotify,10299,17593335,1267551,18860886,MOBILE,0
2679,1777687200000,2026-05-02T10:00:00,mock-device-uuid-12345,com.tencent.ig,PUBG Mobile,10352,24720800,4815480,29536280,MOBILE,0
2680,1777690800000,2026-05-02T11:00:00,mock-device-uuid-12345,com.tencent.ig,PUBG Mobile,10352,9576411,904840,10481251,MOBILE,0
2681,1777690800000,2026-05-02T11:00:00,mock-device-uuid-12345,com.instagram.android,Instagram,10246,37961032,3601205,41562237,MOBILE,0
2682,1777690800000,2026-05-02T11:00:00,mock-device-uuid-12345,com.zhiliaoapp.musically,TikTok,10310,58474684,3680246,62154930,MOBILE,0
2683,1777694400000,2026-05-02T12:00:00,mock-device-uuid-12345,com.instagram.android,Instagram,10246,31242281,4018725,35261006,MOBILE,0
2684,1777694400000,2026-05-02T12:00:00,mock-device-uuid-12345,com.facebook.katana,Facebook,10245,8612041,706966,9319007,MOBILE,0
2685,1777694400000,2026-05-02T12:00:00,mock-device-uuid-12345,com.android.chrome,Chrome,10080,49488889,3915910,53404799,MOBILE,0
2686,1777698000000,2026-05-02T13:00:00,mock-device-uuid-12345,com.spotify.music,Spotify,10299,10478375,1982442,12460817,MOBILE,0
2687,1777698000000,2026-05-02T13:00:00,mock-device-uuid-12345,com.google.android.youtube,YouTube,10101,51117244,7373833,58491077,MOBILE,0
2688,1777701600000,2026-05-02T14:00:00,mock-device-uuid-12345,com.android.chrome,Chrome,10080,42407679,5646750,48054429,MOBILE,0
2689,1777701600000,2026-05-02T14:00:00,mock-device-uuid-12345,com.instagram.android,Instagram,10246,28702163,5834200,34536363,MOBILE,0
2690,1777701600000,2026-05-02T14:00:00,mock-device-uuid-12345,com.zhiliaoapp.musically,TikTok,10310,28280925,6204937,34485862,MOBILE,0
2691,1777705200000,2026-05-02T15:00:00,mock-device-uuid-12345,com.zhiliaoapp.musically,TikTok,10310,51276145,2719658,53995803,MOBILE,0
2692,1777705200000,2026-05-02T15:00:00,mock-device-uuid-12345,com.android.chrome,Chrome,10080,14187885,2879096,17066981,MOBILE,0
2693,1777705200000,2026-05-02T15:00:00,mock-device-uuid-12345,com.tencent.ig,PUBG Mobile,10352,9998893,543784,10542677,MOBILE,0
2694,1777705200000,2026-05-02T15:00:00,mock-device-uuid-12345,com.google.android.youtube,YouTube,10101,5863566,1323289,7186855,MOBILE,0
2695,1777705200000,2026-05-02T15:00:00,mock-device-uuid-12345,com.facebook.katana,Facebook,10245,3809013,485479,4294492,MOBILE,0
2696,1777708800000,2026-05-02T16:00:00,mock-device-uuid-12345,com.instagram.android,Instagram,10246,33562492,2160017,35722509,MOBILE,0
2697,1777708800000,2026-05-02T16:00:00,mock-device-uuid-12345,com.zhiliaoapp.musically,TikTok,10310,20710927,1165852,21876779,MOBILE,0
2698,1777708800000,2026-05-02T16:00:00,mock-device-uuid-12345,com.spotify.music,Spotify,10299,1546173,147110,1693283,MOBILE,0
2699,1777708800000,2026-05-02T16:00:00,mock-device-uuid-12345,com.android.chrome,Chrome,10080,12069291,916061,12985352,MOBILE,0
2700,1777712400000,2026-05-02T17:00:00,mock-device-uuid-12345,com.spotify.music,Spotify,10299,7002334,1042626,8044960,MOBILE,0
2701,1777712400000,2026-05-02T17:00:00,mock-device-uuid-12345,com.google.android.youtube,YouTube,10101,30700136,3479150,34179286,MOBILE,0
2702,1777712400000,2026-05-02T17:00:00,mock-device-uuid-12345,com.instagram.android,Instagram,10246,46705598,6029092,52734690,MOBILE,0
2703,1777716000000,2026-05-02T18:00:00,mock-device-uuid-12345,com.instagram.android,Instagram,10246,76936410,16599659,93536069,MOBILE,0
2704,1777716000000,2026-05-02T18:00:00,mock-device-uuid-12345,com.spotify.music,Spotify,10299,26337386,3755194,30092580,MOBILE,0
2705,1777716000000,2026-05-02T18:00:00,mock-device-uuid-12345,com.facebook.katana,Facebook,10245,93732401,9240082,102972483,MOBILE,0
2706,1777716000000,2026-05-02T18:00:00,mock-device-uuid-12345,com.android.chrome,Chrome,10080,58499653,7241258,65740911,MOBILE,0
2707,1777719600000,2026-05-02T19:00:00,mock-device-uuid-12345,com.zhiliaoapp.musically,TikTok,10310,52148836,8757711,60906547,MOBILE,0
2708,1777719600000,2026-05-02T19:00:00,mock-device-uuid-12345,com.facebook.katana,Facebook,10245,119306350,15320679,134627029,MOBILE,0
2709,1777719600000,2026-05-02T19:00:00,mock-device-uuid-12345,com.tencent.ig,PUBG Mobile,10352,43699435,8538838,52238273,MOBILE,0
2710,1777719600000,2026-05-02T19:00:00,mock-device-uuid-12345,com.google.android.youtube,YouTube,10101,53743529,5483031,59226560,MOBILE,0
2711,1777723200000,2026-05-02T20:00:00,mock-device-uuid-12345,com.spotify.music,Spotify,10299,17511121,3559001,21070122,MOBILE,0
2712,1777723200000,2026-05-02T20:00:00,mock-device-uuid-12345,com.tencent.ig,PUBG Mobile,10352,68226016,16690800,84916816,MOBILE,0
2713,1777723200000,2026-05-02T20:00:00,mock-device-uuid-12345,com.android.chrome,Chrome,10080,8062196,1489816,9552012,MOBILE,0
2714,1777723200000,2026-05-02T20:00:00,mock-device-uuid-12345,com.facebook.katana,Facebook,10245,52185929,7583659,59769588,MOBILE,0
2715,1777723200000,2026-05-02T20:00:00,mock-device-uuid-12345,com.google.android.youtube,YouTube,10101,24859715,3598267,28457982,MOBILE,0
2716,1777726800000,2026-05-02T21:00:00,mock-device-uuid-12345,com.tencent.ig,PUBG Mobile,10352,29082838,3626005,32708843,MOBILE,0
2717,1777726800000,2026-05-02T21:00:00,mock-device-uuid-12345,com.zhiliaoapp.musically,TikTok,10310,90698755,16677161,107375916,MOBILE,0
2718,1777726800000,2026-05-02T21:00:00,mock-device-uuid-12345,com.google.android.youtube,YouTube,10101,55767018,8916754,64683772,MOBILE,0
2719,1777726800000,2026-05-02T21:00:00,mock-device-uuid-12345,com.spotify.music,Spotify,10299,28494125,1811304,30305429,MOBILE,0
2720,1777730400000,2026-05-02T22:00:00,mock-device-uuid-12345,com.instagram.android,Instagram,10246,69940346,13064592,83004938,MOBILE,0
2721,1777730400000,2026-05-02T22:00:00,mock-device-uuid-12345,com.google.android.youtube,YouTube,10101,12678917,1118790,13797707,MOBILE,0
2722,1777730400000,2026-05-02T22:00:00,mock-device-uuid-12345,com.android.chrome,Chrome,10080,38151363,6822776,44974139,MOBILE,0
2723,1777730400000,2026-05-02T22:00:00,mock-device-uuid-12345,com.zhiliaoapp.musically,TikTok,10310,92154099,12803556,104957655,MOBILE,0
2724,1777734000000,2026-05-02T23:00:00,mock-device-uuid-12345,com.facebook.katana,Facebook,10245,43673298,4335995,48009293,MOBILE,0
2725,1777734000000,2026-05-02T23:00:00,mock-device-uuid-12345,com.spotify.music,Spotify,10299,58401615,13253318,71654933,MOBILE,0
2726,1777737600000,2026-05-03T00:00:00,mock-device-uuid-12345,com.facebook.katana,Facebook,10245,18758484,3822733,22581217,MOBILE,0
2727,1777737600000,2026-05-03T00:00:00,mock-device-uuid-12345,com.android.chrome,Chrome,10080,8107746,1571001,9678747,MOBILE,0
2728,1777741200000,2026-05-03T01:00:00,mock-device-uuid-12345,com.android.chrome,Chrome,10080,17500511,1282532,18783043,MOBILE,0
2729,1777741200000,2026-05-03T01:00:00,mock-device-uuid-12345,com.instagram.android,Instagram,10246,17768624,4169560,21938184,MOBILE,0
2730,1777741200000,2026-05-03T01:00:00,mock-device-uuid-12345,com.facebook.katana,Facebook,10245,2585057,168147,2753204,MOBILE,0
2731,1777741200000,2026-05-03T01:00:00,mock-device-uuid-12345,com.zhiliaoapp.musically,TikTok,10310,714078,161337,875415,MOBILE,0
2732,1777741200000,2026-05-03T01:00:00,mock-device-uuid-12345,com.spotify.music,Spotify,10299,5151345,957856,6109201,MOBILE,0
2733,1777744800000,2026-05-03T02:00:00,mock-device-uuid-12345,com.instagram.android,Instagram,10246,11034289,1244007,12278296,MOBILE,0
2734,1777744800000,2026-05-03T02:00:00,mock-device-uuid-12345,com.android.chrome,Chrome,10080,7218687,559113,7777800,MOBILE,0
2735,1777744800000,2026-05-03T02:00:00,mock-device-uuid-12345,com.zhiliaoapp.musically,TikTok,10310,4051704,790768,4842472,MOBILE,0
2736,1777744800000,2026-05-03T02:00:00,mock-device-uuid-12345,com.facebook.katana,Facebook,10245,14759991,1525601,16285592,MOBILE,0
2737,1777744800000,2026-05-03T02:00:00,mock-device-uuid-12345,com.spotify.music,Spotify,10299,15268875,3556968,18825843,MOBILE,0
2738,1777748400000,2026-05-03T03:00:00,mock-device-uuid-12345,com.zhiliaoapp.musically,TikTok,10310,32166488,1771255,33937743,MOBILE,0
2739,1777748400000,2026-05-03T03:00:00,mock-device-uuid-12345,com.instagram.android,Instagram,10246,11478539,757431,12235970,MOBILE,0
2740,1777748400000,2026-05-03T03:00:00,mock-device-uuid-12345,com.facebook.katana,Facebook,10245,4411318,346042,4757360,MOBILE,0
2741,1777748400000,2026-05-03T03:00:00,mock-device-uuid-12345,com.spotify.music,Spotify,10299,3898801,506311,4405112,MOBILE,0
2742,1777752000000,2026-05-03T04:00:00,mock-device-uuid-12345,com.facebook.katana,Facebook,10245,18828521,2762207,21590728,MOBILE,0
2743,1777752000000,2026-05-03T04:00:00,mock-device-uuid-12345,com.android.chrome,Chrome,10080,2728756,303331,3032087,MOBILE,0
2744,1777752000000,2026-05-03T04:00:00,mock-device-uuid-12345,com.google.android.youtube,YouTube,10101,4179052,532321,4711373,MOBILE,0
2745,1777752000000,2026-05-03T04:00:00,mock-device-uuid-12345,com.tencent.ig,PUBG Mobile,10352,8595155,535674,9130829,MOBILE,0
2746,1777755600000,2026-05-03T05:00:00,mock-device-uuid-12345,com.tencent.ig,PUBG Mobile,10352,2801792,542725,3344517,MOBILE,0
2747,1777755600000,2026-05-03T05:00:00,mock-device-uuid-12345,com.facebook.katana,Facebook,10245,30572008,3020403,33592411,MOBILE,0
2748,1777759200000,2026-05-03T06:00:00,mock-device-uuid-12345,com.android.chrome,Chrome,10080,39529195,9216425,48745620,MOBILE,0
2749,1777759200000,2026-05-03T06:00:00,mock-device-uuid-12345,com.instagram.android,Instagram,10246,39207784,4676016,43883800,MOBILE,0
2750,1777762800000,2026-05-03T07:00:00,mock-device-uuid-12345,com.facebook.katana,Facebook,10245,17721817,3496738,21218555,MOBILE,0
2751,1777762800000,2026-05-03T07:00:00,mock-device-uuid-12345,com.zhiliaoapp.musically,TikTok,10310,37679581,4799655,42479236,MOBILE,0
2752,1777762800000,2026-05-03T07:00:00,mock-device-uuid-12345,com.android.chrome,Chrome,10080,21638754,3972305,25611059,MOBILE,0
2753,1777762800000,2026-05-03T07:00:00,mock-device-uuid-12345,com.tencent.ig,PUBG Mobile,10352,2318790,458534,2777324,MOBILE,0
2754,1777762800000,2026-05-03T07:00:00,mock-device-uuid-12345,com.spotify.music,Spotify,10299,17235540,1829017,19064557,MOBILE,0
2755,1777766400000,2026-05-03T08:00:00,mock-device-uuid-12345,com.facebook.katana,Facebook,10245,42626381,2782935,45409316,MOBILE,0
2756,1777766400000,2026-05-03T08:00:00,mock-device-uuid-12345,com.android.chrome,Chrome,10080,17251285,2773236,20024521,MOBILE,0
2757,1777766400000,2026-05-03T08:00:00,mock-device-uuid-12345,com.tencent.ig,PUBG Mobile,10352,11508392,1667732,13176124,MOBILE,0
2758,1777766400000,2026-05-03T08:00:00,mock-device-uuid-12345,com.zhiliaoapp.musically,TikTok,10310,2164691,506126,2670817,MOBILE,0
2759,1777766400000,2026-05-03T08:00:00,mock-device-uuid-12345,com.google.android.youtube,YouTube,10101,3529284,293097,3822381,MOBILE,0
2760,1777770000000,2026-05-03T09:00:00,mock-device-uuid-12345,com.instagram.android,Instagram,10246,32327133,4010427,36337560,MOBILE,0
2761,1777770000000,2026-05-03T09:00:00,mock-device-uuid-12345,com.zhiliaoapp.musically,TikTok,10310,9559515,1839004,11398519,MOBILE,0
2762,1777770000000,2026-05-03T09:00:00,mock-device-uuid-12345,com.tencent.ig,PUBG Mobile,10352,15224985,1910833,17135818,MOBILE,0
2763,1777770000000,2026-05-03T09:00:00,mock-device-uuid-12345,com.spotify.music,Spotify,10299,17041227,1480858,18522085,MOBILE,0
2764,1777773600000,2026-05-03T10:00:00,mock-device-uuid-12345,com.spotify.music,Spotify,10299,32946654,2607319,35553973,MOBILE,0
2765,1777773600000,2026-05-03T10:00:00,mock-device-uuid-12345,com.android.chrome,Chrome,10080,7306502,1779231,9085733,MOBILE,0
2766,1777773600000,2026-05-03T10:00:00,mock-device-uuid-12345,com.tencent.ig,PUBG Mobile,10352,14755063,2013181,16768244,MOBILE,0
2767,1777773600000,2026-05-03T10:00:00,mock-device-uuid-12345,com.zhiliaoapp.musically,TikTok,10310,18591529,1522940,20114469,MOBILE,0
2768,1777773600000,2026-05-03T10:00:00,mock-device-uuid-12345,com.facebook.katana,Facebook,10245,9110449,1700117,10810566,MOBILE,0
2769,1777777200000,2026-05-03T11:00:00,mock-device-uuid-12345,com.instagram.android,Instagram,10246,13824103,2933984,16758087,MOBILE,0
2770,1777777200000,2026-05-03T11:00:00,mock-device-uuid-12345,com.spotify.music,Spotify,10299,80049589,11936784,91986373,MOBILE,0
2771,1777780800000,2026-05-03T12:00:00,mock-device-uuid-12345,com.spotify.music,Spotify,10299,23987398,5323732,29311130,MOBILE,0
2772,1777780800000,2026-05-03T12:00:00,mock-device-uuid-12345,com.facebook.katana,Facebook,10245,31539414,5224881,36764295,MOBILE,0
2773,1777780800000,2026-05-03T12:00:00,mock-device-uuid-12345,com.android.chrome,Chrome,10080,23997003,3078973,27075976,MOBILE,0
2774,1777784400000,2026-05-03T13:00:00,mock-device-uuid-12345,com.facebook.katana,Facebook,10245,46444047,6898057,53342104,MOBILE,0
2775,1777784400000,2026-05-03T13:00:00,mock-device-uuid-12345,com.spotify.music,Spotify,10299,9867892,1698671,11566563,MOBILE,0
2776,1777784400000,2026-05-03T13:00:00,mock-device-uuid-12345,com.android.chrome,Chrome,10080,28819576,1609561,30429137,MOBILE,0
2777,1777784400000,2026-05-03T13:00:00,mock-device-uuid-12345,com.instagram.android,Instagram,10246,14346801,2525899,16872700,MOBILE,0
2778,1777784400000,2026-05-03T13:00:00,mock-device-uuid-12345,com.google.android.youtube,YouTube,10101,25854447,5168431,31022878,MOBILE,0
2779,1777788000000,2026-05-03T14:00:00,mock-device-uuid-12345,com.google.android.youtube,YouTube,10101,39434228,3649708,43083936,MOBILE,0
2780,1777788000000,2026-05-03T14:00:00,mock-device-uuid-12345,com.instagram.android,Instagram,10246,32946685,2232321,35179006,MOBILE,0
2781,1777788000000,2026-05-03T14:00:00,mock-device-uuid-12345,com.android.chrome,Chrome,10080,9430828,1100538,10531366,MOBILE,0
2782,1777788000000,2026-05-03T14:00:00,mock-device-uuid-12345,com.spotify.music,Spotify,10299,7893623,766616,8660239,MOBILE,0
2783,1777791600000,2026-05-03T15:00:00,mock-device-uuid-12345,com.instagram.android,Instagram,10246,41117289,9672159,50789448,MOBILE,0
2784,1777791600000,2026-05-03T15:00:00,mock-device-uuid-12345,com.zhiliaoapp.musically,TikTok,10310,25604453,4480872,30085325,MOBILE,0
2785,1777791600000,2026-05-03T15:00:00,mock-device-uuid-12345,com.tencent.ig,PUBG Mobile,10352,15663119,834028,16497147,MOBILE,0
2786,1777795200000,2026-05-03T16:00:00,mock-device-uuid-12345,com.android.chrome,Chrome,10080,28986105,4469026,33455131,MOBILE,0
2787,1777795200000,2026-05-03T16:00:00,mock-device-uuid-12345,com.instagram.android,Instagram,10246,8218060,1361815,9579875,MOBILE,0
2788,1777795200000,2026-05-03T16:00:00,mock-device-uuid-12345,com.zhiliaoapp.musically,TikTok,10310,18356865,2128135,20485000,MOBILE,0
2789,1777798800000,2026-05-03T17:00:00,mock-device-uuid-12345,com.spotify.music,Spotify,10299,58007839,4215377,62223216,MOBILE,0
2790,1777798800000,2026-05-03T17:00:00,mock-device-uuid-12345,com.zhiliaoapp.musically,TikTok,10310,2899148,355664,3254812,MOBILE,0
2791,1777798800000,2026-05-03T17:00:00,mock-device-uuid-12345,com.instagram.android,Instagram,10246,10731105,1605557,12336662,MOBILE,0
2792,1777798800000,2026-05-03T17:00:00,mock-device-uuid-12345,com.google.android.youtube,YouTube,10101,8246117,1395889,9642006,MOBILE,0
2793,1777798800000,2026-05-03T17:00:00,mock-device-uuid-12345,com.tencent.ig,PUBG Mobile,10352,29003702,4557120,33560822,MOBILE,0
2794,1777802400000,2026-05-03T18:00:00,mock-device-uuid-12345,com.google.android.youtube,YouTube,10101,93880732,17505664,111386396,MOBILE,0
2795,1777802400000,2026-05-03T18:00:00,mock-device-uuid-12345,com.zhiliaoapp.musically,TikTok,10310,70286074,9796041,80082115,MOBILE,0
2796,1777802400000,2026-05-03T18:00:00,mock-device-uuid-12345,com.android.chrome,Chrome,10080,28134899,3932816,32067715,MOBILE,0
2797,1777802400000,2026-05-03T18:00:00,mock-device-uuid-12345,com.tencent.ig,PUBG Mobile,10352,49114994,5153890,54268884,MOBILE,0
2798,1777806000000,2026-05-03T19:00:00,mock-device-uuid-12345,com.spotify.music,Spotify,10299,106607681,11537195,118144876,MOBILE,0
2799,1777806000000,2026-05-03T19:00:00,mock-device-uuid-12345,com.android.chrome,Chrome,10080,87475303,7350034,94825337,MOBILE,0
2800,1777806000000,2026-05-03T19:00:00,mock-device-uuid-12345,com.instagram.android,Instagram,10246,53619607,11185721,64805328,MOBILE,0
2801,1777809600000,2026-05-03T20:00:00,mock-device-uuid-12345,com.zhiliaoapp.musically,TikTok,10310,33111527,7674442,40785969,MOBILE,0
2802,1777809600000,2026-05-03T20:00:00,mock-device-uuid-12345,com.google.android.youtube,YouTube,10101,88148711,8418839,96567550,MOBILE,0
2803,1777809600000,2026-05-03T20:00:00,mock-device-uuid-12345,com.spotify.music,Spotify,10299,76699694,8669361,85369055,MOBILE,0
2804,1777813200000,2026-05-03T21:00:00,mock-device-uuid-12345,com.zhiliaoapp.musically,TikTok,10310,104154109,5857998,110012107,MOBILE,0
2805,1777813200000,2026-05-03T21:00:00,mock-device-uuid-12345,com.spotify.music,Spotify,10299,22508823,1688048,24196871,MOBILE,0
2806,1777813200000,2026-05-03T21:00:00,mock-device-uuid-12345,com.tencent.ig,PUBG Mobile,10352,55671505,11132418,66803923,MOBILE,0
2807,1777813200000,2026-05-03T21:00:00,mock-device-uuid-12345,com.instagram.android,Instagram,10246,8149983,703303,8853286,MOBILE,0
2808,1777813200000,2026-05-03T21:00:00,mock-device-uuid-12345,com.facebook.katana,Facebook,10245,32840014,3992901,36832915,MOBILE,0
2809,1777816800000,2026-05-03T22:00:00,mock-device-uuid-12345,com.google.android.youtube,YouTube,10101,12156411,2917489,15073900,MOBILE,0
2810,1777816800000,2026-05-03T22:00:00,mock-device-uuid-12345,com.instagram.android,Instagram,10246,44873640,6138348,51011988,MOBILE,0
2811,1777816800000,2026-05-03T22:00:00,mock-device-uuid-12345,com.facebook.katana,Facebook,10245,22283879,4175274,26459153,MOBILE,0
2812,1777816800000,2026-05-03T22:00:00,mock-device-uuid-12345,com.spotify.music,Spotify,10299,39905213,7331428,47236641,MOBILE,0
2813,1777816800000,2026-05-03T22:00:00,mock-device-uuid-12345,com.android.chrome,Chrome,10080,25836332,3451232,29287564,MOBILE,0
2814,1777820400000,2026-05-03T23:00:00,mock-device-uuid-12345,com.google.android.youtube,YouTube,10101,61138819,3998500,65137319,MOBILE,0
2815,1777820400000,2026-05-03T23:00:00,mock-device-uuid-12345,com.zhiliaoapp.musically,TikTok,10310,22499277,3878156,26377433,MOBILE,0
2816,1777820400000,2026-05-03T23:00:00,mock-device-uuid-12345,com.spotify.music,Spotify,10299,20496384,2756134,23252518,MOBILE,0
2817,1777824000000,2026-05-04T00:00:00,mock-device-uuid-12345,com.zhiliaoapp.musically,TikTok,10310,12480954,2144751,14625705,MOBILE,0
2818,1777824000000,2026-05-04T00:00:00,mock-device-uuid-12345,com.android.chrome,Chrome,10080,3066571,641206,3707777,MOBILE,0
2819,1777824000000,2026-05-04T00:00:00,mock-device-uuid-12345,com.tencent.ig,PUBG Mobile,10352,1180245,248828,1429073,MOBILE,0
2820,1777824000000,2026-05-04T00:00:00,mock-device-uuid-12345,com.instagram.android,Instagram,10246,121278,6720,127998,MOBILE,0
2821,1777824000000,2026-05-04T00:00:00,mock-device-uuid-12345,com.google.android.youtube,YouTube,10101,1433531,354384,1787915,MOBILE,0
2822,1777827600000,2026-05-04T01:00:00,mock-device-uuid-12345,com.android.chrome,Chrome,10080,0,0,0,MOBILE,0
2823,1777827600000,2026-05-04T01:00:00,mock-device-uuid-12345,com.google.android.youtube,YouTube,10101,0,0,0,MOBILE,0
2824,1777831200000,2026-05-04T02:00:00,mock-device-uuid-12345,com.instagram.android,Instagram,10246,6495697,1445973,7941670,MOBILE,0
2825,1777831200000,2026-05-04T02:00:00,mock-device-uuid-12345,com.spotify.music,Spotify,10299,7196626,1171883,8368509,MOBILE,0
2826,1777834800000,2026-05-04T03:00:00,mock-device-uuid-12345,com.spotify.music,Spotify,10299,4430106,451231,4881337,MOBILE,0
2827,1777834800000,2026-05-04T03:00:00,mock-device-uuid-12345,com.instagram.android,Instagram,10246,1467128,100831,1567959,MOBILE,0
2828,1777834800000,2026-05-04T03:00:00,mock-device-uuid-12345,com.tencent.ig,PUBG Mobile,10352,1631926,192251,1824177,MOBILE,0
2829,1777838400000,2026-05-04T04:00:00,mock-device-uuid-12345,com.zhiliaoapp.musically,TikTok,10310,3206573,328645,3535218,MOBILE,0
2830,1777838400000,2026-05-04T04:00:00,mock-device-uuid-12345,com.google.android.youtube,YouTube,10101,376325,46412,422737,MOBILE,0
2831,1777838400000,2026-05-04T04:00:00,mock-device-uuid-12345,com.tencent.ig,PUBG Mobile,10352,230284,28085,258369,MOBILE,0
2832,1777838400000,2026-05-04T04:00:00,mock-device-uuid-12345,com.spotify.music,Spotify,10299,1358296,306573,1664869,MOBILE,0
2833,1777838400000,2026-05-04T04:00:00,mock-device-uuid-12345,com.facebook.katana,Facebook,10245,1061740,80531,1142271,MOBILE,0
2834,1777842000000,2026-05-04T05:00:00,mock-device-uuid-12345,com.spotify.music,Spotify,10299,1161029,126121,1287150,MOBILE,0
2835,1777842000000,2026-05-04T05:00:00,mock-device-uuid-12345,com.google.android.youtube,YouTube,10101,2028702,293145,2321847,MOBILE,0
2836,1777842000000,2026-05-04T05:00:00,mock-device-uuid-12345,com.zhiliaoapp.musically,TikTok,10310,906573,223887,1130460,MOBILE,0
2837,1777845600000,2026-05-04T06:00:00,mock-device-uuid-12345,com.zhiliaoapp.musically,TikTok,10310,13978568,1345468,15324036,MOBILE,0
2838,1777845600000,2026-05-04T06:00:00,mock-device-uuid-12345,com.tencent.ig,PUBG Mobile,10352,33457545,6618673,40076218,MOBILE,0
2839,1777849200000,2026-05-04T07:00:00,mock-device-uuid-12345,com.tencent.ig,PUBG Mobile,10352,9157342,1806016,10963358,MOBILE,0
2840,1777849200000,2026-05-04T07:00:00,mock-device-uuid-12345,com.spotify.music,Spotify,10299,9497560,895935,10393495,MOBILE,0
2841,1777849200000,2026-05-04T07:00:00,mock-device-uuid-12345,com.zhiliaoapp.musically,TikTok,10310,1676665,416049,2092714,MOBILE,0
2842,1777849200000,2026-05-04T07:00:00,mock-device-uuid-12345,com.google.android.youtube,YouTube,10101,6017680,1219223,7236903,MOBILE,0
2843,1777852800000,2026-05-04T08:00:00,mock-device-uuid-12345,com.instagram.android,Instagram,10246,10888900,2427147,13316047,MOBILE,0
2844,1777852800000,2026-05-04T08:00:00,mock-device-uuid-12345,com.android.chrome,Chrome,10080,4796072,375778,5171850,MOBILE,0
2845,1777852800000,2026-05-04T08:00:00,mock-device-uuid-12345,com.zhiliaoapp.musically,TikTok,10310,10466240,2596825,13063065,MOBILE,0
2846,1777852800000,2026-05-04T08:00:00,mock-device-uuid-12345,com.tencent.ig,PUBG Mobile,10352,5102457,569920,5672377,MOBILE,0
2847,1777852800000,2026-05-04T08:00:00,mock-device-uuid-12345,com.spotify.music,Spotify,10299,7413728,932156,8345884,MOBILE,0
2848,1777856400000,2026-05-04T09:00:00,mock-device-uuid-12345,com.android.chrome,Chrome,10080,21879722,3441774,25321496,MOBILE,0
2849,1777856400000,2026-05-04T09:00:00,mock-device-uuid-12345,com.facebook.katana,Facebook,10245,27556151,4898309,32454460,MOBILE,0
2850,1777856400000,2026-05-04T09:00:00,mock-device-uuid-12345,com.zhiliaoapp.musically,TikTok,10310,15154900,3553640,18708540,MOBILE,0
2851,1777860000000,2026-05-04T10:00:00,mock-device-uuid-12345,com.instagram.android,Instagram,10246,14803142,1427040,16230182,MOBILE,0
2852,1777860000000,2026-05-04T10:00:00,mock-device-uuid-12345,com.zhiliaoapp.musically,TikTok,10310,1556432,95692,1652124,MOBILE,0
2853,1777860000000,2026-05-04T10:00:00,mock-device-uuid-12345,com.tencent.ig,PUBG Mobile,10352,803253,193240,996493,MOBILE,0
2854,1777860000000,2026-05-04T10:00:00,mock-device-uuid-12345,com.facebook.katana,Facebook,10245,6800765,1571257,8372022,MOBILE,0
2855,1777860000000,2026-05-04T10:00:00,mock-device-uuid-12345,com.google.android.youtube,YouTube,10101,4624271,736771,5361042,MOBILE,0
2856,1777863600000,2026-05-04T11:00:00,mock-device-uuid-12345,com.instagram.android,Instagram,10246,29150700,6471951,35622651,MOBILE,0
2857,1777863600000,2026-05-04T11:00:00,mock-device-uuid-12345,com.android.chrome,Chrome,10080,6289284,719837,7009121,MOBILE,0
2858,1777863600000,2026-05-04T11:00:00,mock-device-uuid-12345,com.google.android.youtube,YouTube,10101,2629650,516314,3145964,MOBILE,0
2859,1777863600000,2026-05-04T11:00:00,mock-device-uuid-12345,com.tencent.ig,PUBG Mobile,10352,13960446,3403288,17363734,MOBILE,0
2860,1777867200000,2026-05-04T12:00:00,mock-device-uuid-12345,com.zhiliaoapp.musically,TikTok,10310,10992831,965818,11958649,MOBILE,0
2861,1777867200000,2026-05-04T12:00:00,mock-device-uuid-12345,com.android.chrome,Chrome,10080,6016875,335925,6352800,MOBILE,0
2862,1777867200000,2026-05-04T12:00:00,mock-device-uuid-12345,com.spotify.music,Spotify,10299,2567364,298076,2865440,MOBILE,0
2863,1777867200000,2026-05-04T12:00:00,mock-device-uuid-12345,com.google.android.youtube,YouTube,10101,3494696,633068,4127764,MOBILE,0
2864,1777870800000,2026-05-04T13:00:00,mock-device-uuid-12345,com.zhiliaoapp.musically,TikTok,10310,26933552,6244761,33178313,MOBILE,0
2865,1777870800000,2026-05-04T13:00:00,mock-device-uuid-12345,com.tencent.ig,PUBG Mobile,10352,3461152,592779,4053931,MOBILE,0
2866,1777870800000,2026-05-04T13:00:00,mock-device-uuid-12345,com.instagram.android,Instagram,10246,1771190,199475,1970665,MOBILE,0
2867,1777870800000,2026-05-04T13:00:00,mock-device-uuid-12345,com.android.chrome,Chrome,10080,1013490,238897,1252387,MOBILE,0
2868,1777870800000,2026-05-04T13:00:00,mock-device-uuid-12345,com.spotify.music,Spotify,10299,6721085,1206590,7927675,MOBILE,0
2869,1777874400000,2026-05-04T14:00:00,mock-device-uuid-12345,com.zhiliaoapp.musically,TikTok,10310,27984676,5272339,33257015,MOBILE,0
2870,1777874400000,2026-05-04T14:00:00,mock-device-uuid-12345,com.tencent.ig,PUBG Mobile,10352,13758133,964265,14722398,MOBILE,0
2871,1777874400000,2026-05-04T14:00:00,mock-device-uuid-12345,com.facebook.katana,Facebook,10245,3574504,321092,3895596,MOBILE,0
2872,1777874400000,2026-05-04T14:00:00,mock-device-uuid-12345,com.google.android.youtube,YouTube,10101,6991971,1452037,8444008,MOBILE,0
2873,1777878000000,2026-05-04T15:00:00,mock-device-uuid-12345,com.zhiliaoapp.musically,TikTok,10310,19919157,1848057,21767214,MOBILE,0
2874,1777878000000,2026-05-04T15:00:00,mock-device-uuid-12345,com.tencent.ig,PUBG Mobile,10352,5480638,1299114,6779752,MOBILE,0
2875,1777878000000,2026-05-04T15:00:00,mock-device-uuid-12345,com.google.android.youtube,YouTube,10101,33719321,2821811,36541132,MOBILE,0
2876,1777878000000,2026-05-04T15:00:00,mock-device-uuid-12345,com.facebook.katana,Facebook,10245,9783169,2050753,11833922,MOBILE,0
2877,1777878000000,2026-05-04T15:00:00,mock-device-uuid-12345,com.instagram.android,Instagram,10246,5275210,1267319,6542529,MOBILE,0
2878,1777881600000,2026-05-04T16:00:00,mock-device-uuid-12345,com.tencent.ig,PUBG Mobile,10352,16699239,3538360,20237599,MOBILE,0
2879,1777881600000,2026-05-04T16:00:00,mock-device-uuid-12345,com.spotify.music,Spotify,10299,8280222,1254416,9534638,MOBILE,0
2880,1777881600000,2026-05-04T16:00:00,mock-device-uuid-12345,com.google.android.youtube,YouTube,10101,2411407,289864,2701271,MOBILE,0
2881,1777881600000,2026-05-04T16:00:00,mock-device-uuid-12345,com.zhiliaoapp.musically,TikTok,10310,2611931,316800,2928731,MOBILE,0
2882,1777881600000,2026-05-04T16:00:00,mock-device-uuid-12345,com.instagram.android,Instagram,10246,3359635,308065,3667700,MOBILE,0
2883,1777885200000,2026-05-04T17:00:00,mock-device-uuid-12345,com.google.android.youtube,YouTube,10101,32023023,6173294,38196317,MOBILE,0
2884,1777885200000,2026-05-04T17:00:00,mock-device-uuid-12345,com.tencent.ig,PUBG Mobile,10352,12669153,1942537,14611690,MOBILE,0
2885,1777885200000,2026-05-04T17:00:00,mock-device-uuid-12345,com.zhiliaoapp.musically,TikTok,10310,27627105,3940652,31567757,MOBILE,0
2886,1777888800000,2026-05-04T18:00:00,mock-device-uuid-12345,com.instagram.android,Instagram,10246,95872266,11081704,106953970,MOBILE,0
2887,1777888800000,2026-05-04T18:00:00,mock-device-uuid-12345,com.google.android.youtube,YouTube,10101,70847588,17519943,88367531,MOBILE,0
2888,1777892400000,2026-05-04T19:00:00,mock-device-uuid-12345,com.facebook.katana,Facebook,10245,38852490,9168088,48020578,MOBILE,0
2889,1777892400000,2026-05-04T19:00:00,mock-device-uuid-12345,com.instagram.android,Instagram,10246,157783087,10750451,168533538,MOBILE,0
2890,1777896000000,2026-05-04T20:00:00,mock-device-uuid-12345,com.google.android.youtube,YouTube,10101,74954864,14464152,89419016,MOBILE,0
2891,1777896000000,2026-05-04T20:00:00,mock-device-uuid-12345,com.zhiliaoapp.musically,TikTok,10310,30046766,3355332,33402098,MOBILE,0
2892,1777896000000,2026-05-04T20:00:00,mock-device-uuid-12345,com.android.chrome,Chrome,10080,41517213,10018574,51535787,MOBILE,0
2893,1777899600000,2026-05-04T21:00:00,mock-device-uuid-12345,com.zhiliaoapp.musically,TikTok,10310,30268356,4963707,35232063,MOBILE,0
2894,1777899600000,2026-05-04T21:00:00,mock-device-uuid-12345,com.google.android.youtube,YouTube,10101,24931759,4784359,29716118,MOBILE,0
2895,1777899600000,2026-05-04T21:00:00,mock-device-uuid-12345,com.android.chrome,Chrome,10080,68870284,7684453,76554737,MOBILE,0
2896,1777903200000,2026-05-04T22:00:00,mock-device-uuid-12345,com.instagram.android,Instagram,10246,17480711,1033922,18514633,MOBILE,0
2897,1777903200000,2026-05-04T22:00:00,mock-device-uuid-12345,com.google.android.youtube,YouTube,10101,55728057,4587699,60315756,MOBILE,0
2898,1777903200000,2026-05-04T22:00:00,mock-device-uuid-12345,com.android.chrome,Chrome,10080,27144257,5951111,33095368,MOBILE,0
2899,1777903200000,2026-05-04T22:00:00,mock-device-uuid-12345,com.zhiliaoapp.musically,TikTok,10310,31385141,4754742,36139883,MOBILE,0
2900,1777906800000,2026-05-04T23:00:00,mock-device-uuid-12345,com.google.android.youtube,YouTube,10101,22522030,1661511,24183541,MOBILE,0
2901,1777906800000,2026-05-04T23:00:00,mock-device-uuid-12345,com.zhiliaoapp.musically,TikTok,10310,25601540,3765173,29366713,MOBILE,0
2902,1777906800000,2026-05-04T23:00:00,mock-device-uuid-12345,com.facebook.katana,Facebook,10245,18742170,2950977,21693147,MOBILE,0
2903,1777910400000,2026-05-05T00:00:00,mock-device-uuid-12345,com.zhiliaoapp.musically,TikTok,10310,1395384,319168,1714552,MOBILE,0
2904,1777910400000,2026-05-05T00:00:00,mock-device-uuid-12345,com.instagram.android,Instagram,10246,242585,18873,261458,MOBILE,0
2905,1777910400000,2026-05-05T00:00:00,mock-device-uuid-12345,com.google.android.youtube,YouTube,10101,358144,42227,400371,MOBILE,0
2906,1777910400000,2026-05-05T00:00:00,mock-device-uuid-12345,com.tencent.ig,PUBG Mobile,10352,112214,23695,135909,MOBILE,0
2907,1777910400000,2026-05-05T00:00:00,mock-device-uuid-12345,com.facebook.katana,Facebook,10245,1460990,103057,1564047,MOBILE,0
2908,1777914000000,2026-05-05T01:00:00,mock-device-uuid-12345,com.tencent.ig,PUBG Mobile,10352,0,0,0,MOBILE,0
2909,1777914000000,2026-05-05T01:00:00,mock-device-uuid-12345,com.android.chrome,Chrome,10080,0,0,0,MOBILE,0
2910,1777914000000,2026-05-05T01:00:00,mock-device-uuid-12345,com.instagram.android,Instagram,10246,0,0,0,MOBILE,0
2911,1777917600000,2026-05-05T02:00:00,mock-device-uuid-12345,com.zhiliaoapp.musically,TikTok,10310,0,0,0,MOBILE,0
2912,1777917600000,2026-05-05T02:00:00,mock-device-uuid-12345,com.spotify.music,Spotify,10299,0,0,0,MOBILE,0
2913,1777917600000,2026-05-05T02:00:00,mock-device-uuid-12345,com.google.android.youtube,YouTube,10101,0,0,0,MOBILE,0
2914,1777917600000,2026-05-05T02:00:00,mock-device-uuid-12345,com.tencent.ig,PUBG Mobile,10352,0,0,0,MOBILE,0
2915,1777921200000,2026-05-05T03:00:00,mock-device-uuid-12345,com.android.chrome,Chrome,10080,1578967,106287,1685254,MOBILE,0
2916,1777921200000,2026-05-05T03:00:00,mock-device-uuid-12345,com.google.android.youtube,YouTube,10101,573828,122097,695925,MOBILE,0
2917,1777921200000,2026-05-05T03:00:00,mock-device-uuid-12345,com.spotify.music,Spotify,10299,4212007,587775,4799782,MOBILE,0
2918,1777924800000,2026-05-05T04:00:00,mock-device-uuid-12345,com.android.chrome,Chrome,10080,0,0,0,MOBILE,0
2919,1777924800000,2026-05-05T04:00:00,mock-device-uuid-12345,com.zhiliaoapp.musically,TikTok,10310,0,0,0,MOBILE,0
2920,1777924800000,2026-05-05T04:00:00,mock-device-uuid-12345,com.instagram.android,Instagram,10246,0,0,0,MOBILE,0
2921,1777924800000,2026-05-05T04:00:00,mock-device-uuid-12345,com.tencent.ig,PUBG Mobile,10352,0,0,0,MOBILE,0
2922,1777928400000,2026-05-05T05:00:00,mock-device-uuid-12345,com.zhiliaoapp.musically,TikTok,10310,4371684,1010183,5381867,MOBILE,0
2923,1777928400000,2026-05-05T05:00:00,mock-device-uuid-12345,com.android.chrome,Chrome,10080,6509733,407776,6917509,MOBILE,0
2924,1777932000000,2026-05-05T06:00:00,mock-device-uuid-12345,com.instagram.android,Instagram,10246,11355796,1144405,12500201,MOBILE,0
2925,1777932000000,2026-05-05T06:00:00,mock-device-uuid-12345,com.spotify.music,Spotify,10299,9759038,1261444,11020482,MOBILE,0
2926,1777932000000,2026-05-05T06:00:00,mock-device-uuid-12345,com.google.android.youtube,YouTube,10101,33941943,3570262,37512205,MOBILE,0
2927,1777935600000,2026-05-05T07:00:00,mock-device-uuid-12345,com.instagram.android,Instagram,10246,14118310,3236474,17354784,MOBILE,0
2928,1777935600000,2026-05-05T07:00:00,mock-device-uuid-12345,com.google.android.youtube,YouTube,10101,4745011,255587,5000598,MOBILE,0
2929,1777935600000,2026-05-05T07:00:00,mock-device-uuid-12345,com.android.chrome,Chrome,10080,35608797,2780142,38388939,MOBILE,0
2930,1777939200000,2026-05-05T08:00:00,mock-device-uuid-12345,com.instagram.android,Instagram,10246,48427345,4552329,52979674,MOBILE,0
2931,1777939200000,2026-05-05T08:00:00,mock-device-uuid-12345,com.facebook.katana,Facebook,10245,23411176,1854939,25266115,MOBILE,0
2932,1777942800000,2026-05-05T09:00:00,mock-device-uuid-12345,com.android.chrome,Chrome,10080,23080812,1815497,24896309,MOBILE,0
2933,1777942800000,2026-05-05T09:00:00,mock-device-uuid-12345,com.facebook.katana,Facebook,10245,5210412,1131773,6342185,MOBILE,0
2934,1777942800000,2026-05-05T09:00:00,mock-device-uuid-12345,com.spotify.music,Spotify,10299,8273571,774145,9047716,MOBILE,0
2935,1777942800000,2026-05-05T09:00:00,mock-device-uuid-12345,com.zhiliaoapp.musically,TikTok,10310,1500288,183751,1684039,MOBILE,0
2936,1777942800000,2026-05-05T09:00:00,mock-device-uuid-12345,com.tencent.ig,PUBG Mobile,10352,5920431,392154,6312585,MOBILE,0
2937,1777946400000,2026-05-05T10:00:00,mock-device-uuid-12345,com.google.android.youtube,YouTube,10101,21418837,1900477,23319314,MOBILE,0
2938,1777946400000,2026-05-05T10:00:00,mock-device-uuid-12345,com.zhiliaoapp.musically,TikTok,10310,26863060,4153424,31016484,MOBILE,0
2939,1777946400000,2026-05-05T10:00:00,mock-device-uuid-12345,com.facebook.katana,Facebook,10245,5014489,364158,5378647,MOBILE,0
2940,1777946400000,2026-05-05T10:00:00,mock-device-uuid-12345,com.tencent.ig,PUBG Mobile,10352,1976320,410922,2387242,MOBILE,0
2941,1777946400000,2026-05-05T10:00:00,mock-device-uuid-12345,com.instagram.android,Instagram,10246,5595255,1032389,6627644,MOBILE,0
2942,1777950000000,2026-05-05T11:00:00,mock-device-uuid-12345,com.tencent.ig,PUBG Mobile,10352,21815566,4308100,26123666,MOBILE,0
2943,1777950000000,2026-05-05T11:00:00,mock-device-uuid-12345,com.google.android.youtube,YouTube,10101,7162242,440784,7603026,MOBILE,0
2944,1777950000000,2026-05-05T11:00:00,mock-device-uuid-12345,com.spotify.music,Spotify,10299,1452339,171400,1623739,MOBILE,0
2945,1777950000000,2026-05-05T11:00:00,mock-device-uuid-12345,com.android.chrome,Chrome,10080,3624053,340402,3964455,MOBILE,0
2946,1777953600000,2026-05-05T12:00:00,mock-device-uuid-12345,com.tencent.ig,PUBG Mobile,10352,3760472,415626,4176098,MOBILE,0
2947,1777953600000,2026-05-05T12:00:00,mock-device-uuid-12345,com.instagram.android,Instagram,10246,4082709,539472,4622181,MOBILE,0
2948,1777953600000,2026-05-05T12:00:00,mock-device-uuid-12345,com.zhiliaoapp.musically,TikTok,10310,10050571,675720,10726291,MOBILE,0
2949,1777953600000,2026-05-05T12:00:00,mock-device-uuid-12345,com.spotify.music,Spotify,10299,16866578,2640493,19507071,MOBILE,0
2950,1777953600000,2026-05-05T12:00:00,mock-device-uuid-12345,com.facebook.katana,Facebook,10245,16395228,3584050,19979278,MOBILE,0
2951,1777957200000,2026-05-05T13:00:00,mock-device-uuid-12345,com.zhiliaoapp.musically,TikTok,10310,27985598,1683651,29669249,MOBILE,0
2952,1777957200000,2026-05-05T13:00:00,mock-device-uuid-12345,com.tencent.ig,PUBG Mobile,10352,10051647,2317831,12369478,MOBILE,0
2953,1777957200000,2026-05-05T13:00:00,mock-device-uuid-12345,com.google.android.youtube,YouTube,10101,1013262,250117,1263379,MOBILE,0
2954,1777957200000,2026-05-05T13:00:00,mock-device-uuid-12345,com.spotify.music,Spotify,10299,14499864,1213563,15713427,MOBILE,0
2955,1777960800000,2026-05-05T14:00:00,mock-device-uuid-12345,com.tencent.ig,PUBG Mobile,10352,11826339,1503182,13329521,MOBILE,0
2956,1777960800000,2026-05-05T14:00:00,mock-device-uuid-12345,com.facebook.katana,Facebook,10245,5944516,1370715,7315231,MOBILE,0
2957,1777960800000,2026-05-05T14:00:00,mock-device-uuid-12345,com.zhiliaoapp.musically,TikTok,10310,9311772,1640786,10952558,MOBILE,0
2958,1777960800000,2026-05-05T14:00:00,mock-device-uuid-12345,com.android.chrome,Chrome,10080,8431458,657757,9089215,MOBILE,0
2959,1777960800000,2026-05-05T14:00:00,mock-device-uuid-12345,com.instagram.android,Instagram,10246,3310924,792158,4103082,MOBILE,0
2960,1777964400000,2026-05-05T15:00:00,mock-device-uuid-12345,com.spotify.music,Spotify,10299,10159893,543349,10703242,MOBILE,0
2961,1777964400000,2026-05-05T15:00:00,mock-device-uuid-12345,com.instagram.android,Instagram,10246,20294362,4934578,25228940,MOBILE,0
2962,1777968000000,2026-05-05T16:00:00,mock-device-uuid-12345,com.facebook.katana,Facebook,10245,26240746,4878152,31118898,MOBILE,0
2963,1777968000000,2026-05-05T16:00:00,mock-device-uuid-12345,com.tencent.ig,PUBG Mobile,10352,20521664,2123978,22645642,MOBILE,0
2964,1777968000000,2026-05-05T16:00:00,mock-device-uuid-12345,com.android.chrome,Chrome,10080,4195074,464104,4659178,MOBILE,0
2965,1777968000000,2026-05-05T16:00:00,mock-device-uuid-12345,com.google.android.youtube,YouTube,10101,4919112,637081,5556193,MOBILE,0
2966,1777971600000,2026-05-05T17:00:00,mock-device-uuid-12345,com.facebook.katana,Facebook,10245,6736143,1023595,7759738,MOBILE,0
2967,1777971600000,2026-05-05T17:00:00,mock-device-uuid-12345,com.zhiliaoapp.musically,TikTok,10310,3859544,667512,4527056,MOBILE,0
2968,1777975200000,2026-05-05T18:00:00,mock-device-uuid-12345,com.instagram.android,Instagram,10246,93149944,9298901,102448845,MOBILE,0
2969,1777975200000,2026-05-05T18:00:00,mock-device-uuid-12345,com.facebook.katana,Facebook,10245,25464004,4751502,30215506,MOBILE,0
2970,1777975200000,2026-05-05T18:00:00,mock-device-uuid-12345,com.spotify.music,Spotify,10299,32801790,7590002,40391792,MOBILE,0
2971,1777978800000,2026-05-05T19:00:00,mock-device-uuid-12345,com.spotify.music,Spotify,10299,112979999,8771586,121751585,MOBILE,0
2972,1777978800000,2026-05-05T19:00:00,mock-device-uuid-12345,com.instagram.android,Instagram,10246,22914349,5002697,27917046,MOBILE,0
2973,1777978800000,2026-05-05T19:00:00,mock-device-uuid-12345,com.android.chrome,Chrome,10080,11126369,2109278,13235647,MOBILE,0
2974,1777978800000,2026-05-05T19:00:00,mock-device-uuid-12345,com.tencent.ig,PUBG Mobile,10352,1375616,260109,1635725,MOBILE,0
2975,1777978800000,2026-05-05T19:00:00,mock-device-uuid-12345,com.google.android.youtube,YouTube,10101,9677200,841300,10518500,MOBILE,0
2976,1777982400000,2026-05-05T20:00:00,mock-device-uuid-12345,com.google.android.youtube,YouTube,10101,142813956,20006412,162820368,MOBILE,0
2977,1777982400000,2026-05-05T20:00:00,mock-device-uuid-12345,com.instagram.android,Instagram,10246,17626672,2419879,20046551,MOBILE,0
2978,1777982400000,2026-05-05T20:00:00,mock-device-uuid-12345,com.spotify.music,Spotify,10299,51649950,4531300,56181250,MOBILE,0
2979,1777986000000,2026-05-05T21:00:00,mock-device-uuid-12345,com.google.android.youtube,YouTube,10101,32311139,6804894,39116033,MOBILE,0
2980,1777986000000,2026-05-05T21:00:00,mock-device-uuid-12345,com.spotify.music,Spotify,10299,57321714,7825444,65147158,MOBILE,0
2981,1777986000000,2026-05-05T21:00:00,mock-device-uuid-12345,com.facebook.katana,Facebook,10245,54843714,6313203,61156917,MOBILE,0
2982,1777986000000,2026-05-05T21:00:00,mock-device-uuid-12345,com.tencent.ig,PUBG Mobile,10352,27316816,3720603,31037419,MOBILE,0
2983,1777989600000,2026-05-05T22:00:00,mock-device-uuid-12345,com.instagram.android,Instagram,10246,84933357,15127306,100060663,MOBILE,0
2984,1777989600000,2026-05-05T22:00:00,mock-device-uuid-12345,com.android.chrome,Chrome,10080,26273831,4930264,31204095,MOBILE,0
2985,1777989600000,2026-05-05T22:00:00,mock-device-uuid-12345,com.spotify.music,Spotify,10299,9182867,983045,10165912,MOBILE,0
2986,1777989600000,2026-05-05T22:00:00,mock-device-uuid-12345,com.tencent.ig,PUBG Mobile,10352,54666853,2991615,57658468,MOBILE,0
2987,1777993200000,2026-05-05T23:00:00,mock-device-uuid-12345,com.google.android.youtube,YouTube,10101,43517035,4767223,48284258,MOBILE,0
2988,1777993200000,2026-05-05T23:00:00,mock-device-uuid-12345,com.tencent.ig,PUBG Mobile,10352,55764345,8416730,64181075,MOBILE,0
2989,1777996800000,2026-05-06T00:00:00,mock-device-uuid-12345,com.zhiliaoapp.musically,TikTok,10310,7540083,401353,7941436,MOBILE,0
2990,1777996800000,2026-05-06T00:00:00,mock-device-uuid-12345,com.instagram.android,Instagram,10246,7007239,435192,7442431,MOBILE,0
2991,1778000400000,2026-05-06T01:00:00,mock-device-uuid-12345,com.android.chrome,Chrome,10080,4242888,767282,5010170,MOBILE,0
2992,1778000400000,2026-05-06T01:00:00,mock-device-uuid-12345,com.facebook.katana,Facebook,10245,2196931,303368,2500299,MOBILE,0
2993,1778000400000,2026-05-06T01:00:00,mock-device-uuid-12345,com.tencent.ig,PUBG Mobile,10352,3063303,660535,3723838,MOBILE,0
2994,1778000400000,2026-05-06T01:00:00,mock-device-uuid-12345,com.google.android.youtube,YouTube,10101,1840884,248886,2089770,MOBILE,0
2995,1778000400000,2026-05-06T01:00:00,mock-device-uuid-12345,com.instagram.android,Instagram,10246,793643,176466,970109,MOBILE,0
2996,1778004000000,2026-05-06T02:00:00,mock-device-uuid-12345,com.zhiliaoapp.musically,TikTok,10310,0,0,0,MOBILE,0
2997,1778004000000,2026-05-06T02:00:00,mock-device-uuid-12345,com.android.chrome,Chrome,10080,0,0,0,MOBILE,0
2998,1778007600000,2026-05-06T03:00:00,mock-device-uuid-12345,com.zhiliaoapp.musically,TikTok,10310,2290010,122258,2412268,MOBILE,0
2999,1778007600000,2026-05-06T03:00:00,mock-device-uuid-12345,com.android.chrome,Chrome,10080,1087163,119105,1206268,MOBILE,0
3000,1778007600000,2026-05-06T03:00:00,mock-device-uuid-12345,com.instagram.android,Instagram,10246,130188,23962,154150,MOBILE,0
3001,1778007600000,2026-05-06T03:00:00,mock-device-uuid-12345,com.tencent.ig,PUBG Mobile,10352,2159592,251277,2410869,MOBILE,0
3002,1778011200000,2026-05-06T04:00:00,mock-device-uuid-12345,com.spotify.music,Spotify,10299,788369,139852,928221,MOBILE,0
3003,1778011200000,2026-05-06T04:00:00,mock-device-uuid-12345,com.tencent.ig,PUBG Mobile,10352,246462,35866,282328,MOBILE,0
3004,1778011200000,2026-05-06T04:00:00,mock-device-uuid-12345,com.instagram.android,Instagram,10246,355175,75191,430366,MOBILE,0
3005,1778014800000,2026-05-06T05:00:00,mock-device-uuid-12345,com.tencent.ig,PUBG Mobile,10352,8225770,894672,9120442,MOBILE,0
3006,1778014800000,2026-05-06T05:00:00,mock-device-uuid-12345,com.zhiliaoapp.musically,TikTok,10310,8888758,1109695,9998453,MOBILE,0
3007,1778018400000,2026-05-06T06:00:00,mock-device-uuid-12345,com.tencent.ig,PUBG Mobile,10352,13324733,2285036,15609769,MOBILE,0
3008,1778018400000,2026-05-06T06:00:00,mock-device-uuid-12345,com.zhiliaoapp.musically,TikTok,10310,5442385,637179,6079564,MOBILE,0
3009,1778018400000,2026-05-06T06:00:00,mock-device-uuid-12345,com.instagram.android,Instagram,10246,5795068,812269,6607337,MOBILE,0
3010,1778018400000,2026-05-06T06:00:00,mock-device-uuid-12345,com.google.android.youtube,YouTube,10101,18096465,3938931,22035396,MOBILE,0
3011,1778022000000,2026-05-06T07:00:00,mock-device-uuid-12345,com.spotify.music,Spotify,10299,20080045,4522114,24602159,MOBILE,0
3012,1778022000000,2026-05-06T07:00:00,mock-device-uuid-12345,com.facebook.katana,Facebook,10245,23544663,5254426,28799089,MOBILE,0
3013,1778025600000,2026-05-06T08:00:00,mock-device-uuid-12345,com.zhiliaoapp.musically,TikTok,10310,8956235,903517,9859752,MOBILE,0
3014,1778025600000,2026-05-06T08:00:00,mock-device-uuid-12345,com.facebook.katana,Facebook,10245,5080056,1095644,6175700,MOBILE,0
3015,1778029200000,2026-05-06T09:00:00,mock-device-uuid-12345,com.google.android.youtube,YouTube,10101,29084906,6531960,35616866,MOBILE,0
3016,1778029200000,2026-05-06T09:00:00,mock-device-uuid-12345,com.tencent.ig,PUBG Mobile,10352,16453094,2487945,18941039,MOBILE,0
3017,1778029200000,2026-05-06T09:00:00,mock-device-uuid-12345,com.instagram.android,Instagram,10246,4376004,421949,4797953,MOBILE,0
3018,1778029200000,2026-05-06T09:00:00,mock-device-uuid-12345,com.zhiliaoapp.musically,TikTok,10310,6887429,1400977,8288406,MOBILE,0
3019,1778032800000,2026-05-06T10:00:00,mock-device-uuid-12345,com.google.android.youtube,YouTube,10101,10340565,2541744,12882309,MOBILE,0
3020,1778032800000,2026-05-06T10:00:00,mock-device-uuid-12345,com.zhiliaoapp.musically,TikTok,10310,10665022,2422991,13088013,MOBILE,0
3021,1778032800000,2026-05-06T10:00:00,mock-device-uuid-12345,com.android.chrome,Chrome,10080,3027376,263741,3291117,MOBILE,0
3022,1778032800000,2026-05-06T10:00:00,mock-device-uuid-12345,com.tencent.ig,PUBG Mobile,10352,5970809,1066621,7037430,MOBILE,0
3023,1778036400000,2026-05-06T11:00:00,mock-device-uuid-12345,com.instagram.android,Instagram,10246,10752594,2031521,12784115,MOBILE,0
3024,1778036400000,2026-05-06T11:00:00,mock-device-uuid-12345,com.tencent.ig,PUBG Mobile,10352,3341041,694135,4035176,MOBILE,0
3025,1778036400000,2026-05-06T11:00:00,mock-device-uuid-12345,com.spotify.music,Spotify,10299,12667376,2644498,15311874,MOBILE,0
3026,1778036400000,2026-05-06T11:00:00,mock-device-uuid-12345,com.facebook.katana,Facebook,10245,2099774,178979,2278753,MOBILE,0
3027,1778036400000,2026-05-06T11:00:00,mock-device-uuid-12345,com.zhiliaoapp.musically,TikTok,10310,8837400,1891464,10728864,MOBILE,0
3028,1778040000000,2026-05-06T12:00:00,mock-device-uuid-12345,com.android.chrome,Chrome,10080,18774778,3505027,22279805,MOBILE,0
3029,1778040000000,2026-05-06T12:00:00,mock-device-uuid-12345,com.zhiliaoapp.musically,TikTok,10310,16344808,3467579,19812387,MOBILE,0
3030,1778040000000,2026-05-06T12:00:00,mock-device-uuid-12345,com.spotify.music,Spotify,10299,6522766,1009445,7532211,MOBILE,0
3031,1778040000000,2026-05-06T12:00:00,mock-device-uuid-12345,com.tencent.ig,PUBG Mobile,10352,6770304,947089,7717393,MOBILE,0
3032,1778043600000,2026-05-06T13:00:00,mock-device-uuid-12345,com.instagram.android,Instagram,10246,13210975,1644320,14855295,MOBILE,0
3033,1778043600000,2026-05-06T13:00:00,mock-device-uuid-12345,com.spotify.music,Spotify,10299,6635287,1076985,7712272,MOBILE,0
3034,1778043600000,2026-05-06T13:00:00,mock-device-uuid-12345,com.facebook.katana,Facebook,10245,1036926,211906,1248832,MOBILE,0
3035,1778043600000,2026-05-06T13:00:00,mock-device-uuid-12345,com.android.chrome,Chrome,10080,953419,236693,1190112,MOBILE,0
3036,1778043600000,2026-05-06T13:00:00,mock-device-uuid-12345,com.zhiliaoapp.musically,TikTok,10310,944196,114268,1058464,MOBILE,0
3037,1778047200000,2026-05-06T14:00:00,mock-device-uuid-12345,com.spotify.music,Spotify,10299,19067964,2753895,21821859,MOBILE,0
3038,1778047200000,2026-05-06T14:00:00,mock-device-uuid-12345,com.google.android.youtube,YouTube,10101,17809865,2310686,20120551,MOBILE,0
3039,1778050800000,2026-05-06T15:00:00,mock-device-uuid-12345,com.zhiliaoapp.musically,TikTok,10310,9876818,1803492,11680310,MOBILE,0
3040,1778050800000,2026-05-06T15:00:00,mock-device-uuid-12345,com.instagram.android,Instagram,10246,15818892,1285531,17104423,MOBILE,0
3041,1778050800000,2026-05-06T15:00:00,mock-device-uuid-12345,com.facebook.katana,Facebook,10245,730159,78790,808949,MOBILE,0
3042,1778050800000,2026-05-06T15:00:00,mock-device-uuid-12345,com.tencent.ig,PUBG Mobile,10352,2426377,307691,2734068,MOBILE,0
3043,1778050800000,2026-05-06T15:00:00,mock-device-uuid-12345,com.android.chrome,Chrome,10080,6799751,585005,7384756,MOBILE,0
3044,1778054400000,2026-05-06T16:00:00,mock-device-uuid-12345,com.android.chrome,Chrome,10080,1701116,204514,1905630,MOBILE,0
3045,1778054400000,2026-05-06T16:00:00,mock-device-uuid-12345,com.google.android.youtube,YouTube,10101,13854827,1782501,15637328,MOBILE,0
3046,1778054400000,2026-05-06T16:00:00,mock-device-uuid-12345,com.facebook.katana,Facebook,10245,11286640,1042443,12329083,MOBILE,0
3047,1778058000000,2026-05-06T17:00:00,mock-device-uuid-12345,com.spotify.music,Spotify,10299,19486502,1869903,21356405,MOBILE,0
3048,1778058000000,2026-05-06T17:00:00,mock-device-uuid-12345,com.zhiliaoapp.musically,TikTok,10310,5312462,903608,6216070,MOBILE,0
3049,1778058000000,2026-05-06T17:00:00,mock-device-uuid-12345,com.tencent.ig,PUBG Mobile,10352,14048027,1514034,15562061,MOBILE,0
3050,1778061600000,2026-05-06T18:00:00,mock-device-uuid-12345,com.tencent.ig,PUBG Mobile,10352,51841282,11792242,63633524,MOBILE,0
3051,1778061600000,2026-05-06T18:00:00,mock-device-uuid-12345,com.zhiliaoapp.musically,TikTok,10310,27569142,5522208,33091350,MOBILE,0
3052,1778061600000,2026-05-06T18:00:00,mock-device-uuid-12345,com.google.android.youtube,YouTube,10101,73436013,10615369,84051382,MOBILE,0
3053,1778061600000,2026-05-06T18:00:00,mock-device-uuid-12345,com.facebook.katana,Facebook,10245,51334588,8259563,59594151,MOBILE,0
3054,1778061600000,2026-05-06T18:00:00,mock-device-uuid-12345,com.android.chrome,Chrome,10080,29014837,6014642,35029479,MOBILE,0
3055,1778065200000,2026-05-06T19:00:00,mock-device-uuid-12345,com.zhiliaoapp.musically,TikTok,10310,11946417,681237,12627654,MOBILE,0
3056,1778065200000,2026-05-06T19:00:00,mock-device-uuid-12345,com.instagram.android,Instagram,10246,148680550,27307548,175988098,MOBILE,0
3057,1778068800000,2026-05-06T20:00:00,mock-device-uuid-12345,com.google.android.youtube,YouTube,10101,81157447,9758923,90916370,MOBILE,0
3058,1778068800000,2026-05-06T20:00:00,mock-device-uuid-12345,com.instagram.android,Instagram,10246,4505399,897793,5403192,MOBILE,0
3059,1778068800000,2026-05-06T20:00:00,mock-device-uuid-12345,com.facebook.katana,Facebook,10245,25207064,2753194,27960258,MOBILE,0
3060,1778068800000,2026-05-06T20:00:00,mock-device-uuid-12345,com.zhiliaoapp.musically,TikTok,10310,17962866,2641377,20604243,MOBILE,0
3061,1778068800000,2026-05-06T20:00:00,mock-device-uuid-12345,com.android.chrome,Chrome,10080,16914604,3312204,20226808,MOBILE,0
3062,1778072400000,2026-05-06T21:00:00,mock-device-uuid-12345,com.google.android.youtube,YouTube,10101,27774083,1854353,29628436,MOBILE,0
3063,1778072400000,2026-05-06T21:00:00,mock-device-uuid-12345,com.tencent.ig,PUBG Mobile,10352,41469383,3705905,45175288,MOBILE,0
3064,1778072400000,2026-05-06T21:00:00,mock-device-uuid-12345,com.facebook.katana,Facebook,10245,9557934,1201898,10759832,MOBILE,0
3065,1778072400000,2026-05-06T21:00:00,mock-device-uuid-12345,com.android.chrome,Chrome,10080,49068628,10323164,59391792,MOBILE,0
3066,1778072400000,2026-05-06T21:00:00,mock-device-uuid-12345,com.instagram.android,Instagram,10246,21357430,4274491,25631921,MOBILE,0
3067,1778076000000,2026-05-06T22:00:00,mock-device-uuid-12345,com.google.android.youtube,YouTube,10101,104511484,11081665,115593149,MOBILE,0
3068,1778076000000,2026-05-06T22:00:00,mock-device-uuid-12345,com.facebook.katana,Facebook,10245,30079123,2942042,33021165,MOBILE,0
3069,1778076000000,2026-05-06T22:00:00,mock-device-uuid-12345,com.zhiliaoapp.musically,TikTok,10310,42073154,5848284,47921438,MOBILE,0
3070,1778079600000,2026-05-06T23:00:00,mock-device-uuid-12345,com.zhiliaoapp.musically,TikTok,10310,33833531,3035029,36868560,MOBILE,0
3071,1778079600000,2026-05-06T23:00:00,mock-device-uuid-12345,com.instagram.android,Instagram,10246,40696165,6935580,47631745,MOBILE,0
3072,1778079600000,2026-05-06T23:00:00,mock-device-uuid-12345,com.tencent.ig,PUBG Mobile,10352,8894625,2073261,10967886,MOBILE,0
3073,1778079600000,2026-05-06T23:00:00,mock-device-uuid-12345,com.google.android.youtube,YouTube,10101,2109020,375421,2484441,MOBILE,0
3074,1778079600000,2026-05-06T23:00:00,mock-device-uuid-12345,com.spotify.music,Spotify,10299,9191413,1783286,10974699,MOBILE,0
3075,1778083200000,2026-05-07T00:00:00,mock-device-uuid-12345,com.spotify.music,Spotify,10299,186873,13301,200174,MOBILE,0
3076,1778083200000,2026-05-07T00:00:00,mock-device-uuid-12345,com.android.chrome,Chrome,10080,20144,1719,21863,MOBILE,0
3077,1778083200000,2026-05-07T00:00:00,mock-device-uuid-12345,com.zhiliaoapp.musically,TikTok,10310,31717,7777,39494,MOBILE,0
3078,1778083200000,2026-05-07T00:00:00,mock-device-uuid-12345,com.google.android.youtube,YouTube,10101,21248,2415,23663,MOBILE,0
3079,1778083200000,2026-05-07T00:00:00,mock-device-uuid-12345,com.facebook.katana,Facebook,10245,9016,1590,10606,MOBILE,0
3080,1778086800000,2026-05-07T01:00:00,mock-device-uuid-12345,com.zhiliaoapp.musically,TikTok,10310,9422389,851282,10273671,MOBILE,0
3081,1778086800000,2026-05-07T01:00:00,mock-device-uuid-12345,com.spotify.music,Spotify,10299,1904964,472117,2377081,MOBILE,0
3082,1778086800000,2026-05-07T01:00:00,mock-device-uuid-12345,com.android.chrome,Chrome,10080,2851997,359989,3211986,MOBILE,0
3083,1778086800000,2026-05-07T01:00:00,mock-device-uuid-12345,com.facebook.katana,Facebook,10245,6591150,1329281,7920431,MOBILE,0
3084,1778090400000,2026-05-07T02:00:00,mock-device-uuid-12345,com.instagram.android,Instagram,10246,93165,18808,111973,MOBILE,0
3085,1778090400000,2026-05-07T02:00:00,mock-device-uuid-12345,com.android.chrome,Chrome,10080,431002,88373,519375,MOBILE,0
3086,1778090400000,2026-05-07T02:00:00,mock-device-uuid-12345,com.google.android.youtube,YouTube,10101,420913,98969,519882,MOBILE,0
3087,1778094000000,2026-05-07T03:00:00,mock-device-uuid-12345,com.google.android.youtube,YouTube,10101,9775770,1587864,11363634,MOBILE,0
3088,1778094000000,2026-05-07T03:00:00,mock-device-uuid-12345,com.android.chrome,Chrome,10080,5280852,761801,6042653,MOBILE,0
3089,1778094000000,2026-05-07T03:00:00,mock-device-uuid-12345,com.tencent.ig,PUBG Mobile,10352,5527494,918700,6446194,MOBILE,0
3090,1778097600000,2026-05-07T04:00:00,mock-device-uuid-12345,com.tencent.ig,PUBG Mobile,10352,0,0,0,MOBILE,0
3091,1778097600000,2026-05-07T04:00:00,mock-device-uuid-12345,com.google.android.youtube,YouTube,10101,0,0,0,MOBILE,0
3092,1778097600000,2026-05-07T04:00:00,mock-device-uuid-12345,com.facebook.katana,Facebook,10245,0,0,0,MOBILE,0
3093,1778097600000,2026-05-07T04:00:00,mock-device-uuid-12345,com.spotify.music,Spotify,10299,0,0,0,MOBILE,0
3094,1778097600000,2026-05-07T04:00:00,mock-device-uuid-12345,com.instagram.android,Instagram,10246,0,0,0,MOBILE,0
3095,1778101200000,2026-05-07T05:00:00,mock-device-uuid-12345,com.android.chrome,Chrome,10080,7214454,416848,7631302,MOBILE,0
3096,1778101200000,2026-05-07T05:00:00,mock-device-uuid-12345,com.google.android.youtube,YouTube,10101,3755342,571526,4326868,MOBILE,0
3097,1778104800000,2026-05-07T06:00:00,mock-device-uuid-12345,com.google.android.youtube,YouTube,10101,13423086,3235999,16659085,MOBILE,0
3098,1778104800000,2026-05-07T06:00:00,mock-device-uuid-12345,com.instagram.android,Instagram,10246,3229547,499229,3728776,MOBILE,0
3099,1778104800000,2026-05-07T06:00:00,mock-device-uuid-12345,com.android.chrome,Chrome,10080,3240461,309707,3550168,MOBILE,0
3100,1778104800000,2026-05-07T06:00:00,mock-device-uuid-12345,com.spotify.music,Spotify,10299,1107983,136440,1244423,MOBILE,0
3101,1778104800000,2026-05-07T06:00:00,mock-device-uuid-12345,com.tencent.ig,PUBG Mobile,10352,2308856,180610,2489466,MOBILE,0
3102,1778108400000,2026-05-07T07:00:00,mock-device-uuid-12345,com.zhiliaoapp.musically,TikTok,10310,32815944,6824439,39640383,MOBILE,0
3103,1778108400000,2026-05-07T07:00:00,mock-device-uuid-12345,com.spotify.music,Spotify,10299,9708874,1723514,11432388,MOBILE,0
3104,1778108400000,2026-05-07T07:00:00,mock-device-uuid-12345,com.android.chrome,Chrome,10080,3185533,604287,3789820,MOBILE,0
3105,1778108400000,2026-05-07T07:00:00,mock-device-uuid-12345,com.google.android.youtube,YouTube,10101,2583703,315772,2899475,MOBILE,0
3106,1778112000000,2026-05-07T08:00:00,mock-device-uuid-12345,com.instagram.android,Instagram,10246,13450562,1829581,15280143,MOBILE,0
3107,1778112000000,2026-05-07T08:00:00,mock-device-uuid-12345,com.zhiliaoapp.musically,TikTok,10310,9867633,1201040,11068673,MOBILE,0
3108,1778112000000,2026-05-07T08:00:00,mock-device-uuid-12345,com.tencent.ig,PUBG Mobile,10352,45815214,5412557,51227771,MOBILE,0
3109,1778115600000,2026-05-07T09:00:00,mock-device-uuid-12345,com.facebook.katana,Facebook,10245,7847539,1798172,9645711,MOBILE,0
3110,1778115600000,2026-05-07T09:00:00,mock-device-uuid-12345,com.tencent.ig,PUBG Mobile,10352,2684286,649640,3333926,MOBILE,0
3111,1778115600000,2026-05-07T09:00:00,mock-device-uuid-12345,com.spotify.music,Spotify,10299,7716016,558876,8274892,MOBILE,0
3112,1778119200000,2026-05-07T10:00:00,mock-device-uuid-12345,com.instagram.android,Instagram,10246,3718255,780261,4498516,MOBILE,0
3113,1778119200000,2026-05-07T10:00:00,mock-device-uuid-12345,com.facebook.katana,Facebook,10245,2498354,344218,2842572,MOBILE,0
3114,1778119200000,2026-05-07T10:00:00,mock-device-uuid-12345,com.zhiliaoapp.musically,TikTok,10310,6989023,1020683,8009706,MOBILE,0
3115,1778119200000,2026-05-07T10:00:00,mock-device-uuid-12345,com.google.android.youtube,YouTube,10101,1847745,299551,2147296,MOBILE,0
3116,1778119200000,2026-05-07T10:00:00,mock-device-uuid-12345,com.tencent.ig,PUBG Mobile,10352,4668810,994778,5663588,MOBILE,0
3117,1778122800000,2026-05-07T11:00:00,mock-device-uuid-12345,com.facebook.katana,Facebook,10245,40904271,9410950,50315221,MOBILE,0
3118,1778122800000,2026-05-07T11:00:00,mock-device-uuid-12345,com.google.android.youtube,YouTube,10101,5870429,817405,6687834,MOBILE,0
3119,1778122800000,2026-05-07T11:00:00,mock-device-uuid-12345,com.android.chrome,Chrome,10080,802713,137514,940227,MOBILE,0
3120,1778122800000,2026-05-07T11:00:00,mock-device-uuid-12345,com.instagram.android,Instagram,10246,12315708,2081217,14396925,MOBILE,0
3121,1778126400000,2026-05-07T12:00:00,mock-device-uuid-12345,com.google.android.youtube,YouTube,10101,21645118,2184550,23829668,MOBILE,0
3122,1778126400000,2026-05-07T12:00:00,mock-device-uuid-12345,com.spotify.music,Spotify,10299,24861766,3408892,28270658,MOBILE,0
3123,1778126400000,2026-05-07T12:00:00,mock-device-uuid-12345,com.instagram.android,Instagram,10246,10549895,1379454,11929349,MOBILE,0
3124,1778126400000,2026-05-07T12:00:00,mock-device-uuid-12345,com.tencent.ig,PUBG Mobile,10352,8311266,1041027,9352293,MOBILE,0
3125,1778130000000,2026-05-07T13:00:00,mock-device-uuid-12345,com.instagram.android,Instagram,10246,21305638,3040631,24346269,MOBILE,0
3126,1778130000000,2026-05-07T13:00:00,mock-device-uuid-12345,com.spotify.music,Spotify,10299,11836769,1127187,12963956,MOBILE,0
3127,1778130000000,2026-05-07T13:00:00,mock-device-uuid-12345,com.facebook.katana,Facebook,10245,2551074,239342,2790416,MOBILE,0
3128,1778130000000,2026-05-07T13:00:00,mock-device-uuid-12345,com.zhiliaoapp.musically,TikTok,10310,6836951,642172,7479123,MOBILE,0
3129,1778133600000,2026-05-07T14:00:00,mock-device-uuid-12345,com.zhiliaoapp.musically,TikTok,10310,3392984,359354,3752338,MOBILE,0
3130,1778133600000,2026-05-07T14:00:00,mock-device-uuid-12345,com.google.android.youtube,YouTube,10101,63975249,6205723,70180972,MOBILE,0
3131,1778137200000,2026-05-07T15:00:00,mock-device-uuid-12345,com.google.android.youtube,YouTube,10101,25237384,3281621,28519005,MOBILE,0
3132,1778137200000,2026-05-07T15:00:00,mock-device-uuid-12345,com.facebook.katana,Facebook,10245,5642265,985519,6627784,MOBILE,0
3133,1778137200000,2026-05-07T15:00:00,mock-device-uuid-12345,com.android.chrome,Chrome,10080,4869362,1143916,6013278,MOBILE,0
3134,1778140800000,2026-05-07T16:00:00,mock-device-uuid-12345,com.instagram.android,Instagram,10246,12971762,2802987,15774749,MOBILE,0
3135,1778140800000,2026-05-07T16:00:00,mock-device-uuid-12345,com.android.chrome,Chrome,10080,3644105,517447,4161552,MOBILE,0
3136,1778140800000,2026-05-07T16:00:00,mock-device-uuid-12345,com.zhiliaoapp.musically,TikTok,10310,40570089,4146708,44716797,MOBILE,0
3137,1778144400000,2026-05-07T17:00:00,mock-device-uuid-12345,com.tencent.ig,PUBG Mobile,10352,4520084,906481,5426565,MOBILE,0
3138,1778144400000,2026-05-07T17:00:00,mock-device-uuid-12345,com.zhiliaoapp.musically,TikTok,10310,16624656,2190414,18815070,MOBILE,0
3139,1778144400000,2026-05-07T17:00:00,mock-device-uuid-12345,com.google.android.youtube,YouTube,10101,4711324,1109638,5820962,MOBILE,0
3140,1778144400000,2026-05-07T17:00:00,mock-device-uuid-12345,com.android.chrome,Chrome,10080,23997556,4011137,28008693,MOBILE,0
3141,1778148000000,2026-05-07T18:00:00,mock-device-uuid-12345,com.android.chrome,Chrome,10080,127950087,24637751,152587838,MOBILE,0
3142,1778148000000,2026-05-07T18:00:00,mock-device-uuid-12345,com.facebook.katana,Facebook,10245,6034505,1225192,7259697,MOBILE,0
3143,1778148000000,2026-05-07T18:00:00,mock-device-uuid-12345,com.tencent.ig,PUBG Mobile,10352,22046274,1759613,23805887,MOBILE,0
3144,1778148000000,2026-05-07T18:00:00,mock-device-uuid-12345,com.spotify.music,Spotify,10299,39937840,3760670,43698510,MOBILE,0
3145,1778151600000,2026-05-07T19:00:00,mock-device-uuid-12345,com.facebook.katana,Facebook,10245,47156891,6145984,53302875,MOBILE,0
3146,1778151600000,2026-05-07T19:00:00,mock-device-uuid-12345,com.spotify.music,Spotify,10299,123367938,8463248,131831186,MOBILE,0
3147,1778155200000,2026-05-07T20:00:00,mock-device-uuid-12345,com.google.android.youtube,YouTube,10101,82198157,20502450,102700607,MOBILE,0
3148,1778155200000,2026-05-07T20:00:00,mock-device-uuid-12345,com.spotify.music,Spotify,10299,33753105,7931299,41684404,MOBILE,0
3149,1778155200000,2026-05-07T20:00:00,mock-device-uuid-12345,com.instagram.android,Instagram,10246,10351767,2382184,12733951,MOBILE,0
3150,1778155200000,2026-05-07T20:00:00,mock-device-uuid-12345,com.tencent.ig,PUBG Mobile,10352,13766765,3098951,16865716,MOBILE,0
3151,1778155200000,2026-05-07T20:00:00,mock-device-uuid-12345,com.android.chrome,Chrome,10080,15249075,3778678,19027753,MOBILE,0
3152,1778158800000,2026-05-07T21:00:00,mock-device-uuid-12345,com.facebook.katana,Facebook,10245,18520479,4154820,22675299,MOBILE,0
3153,1778158800000,2026-05-07T21:00:00,mock-device-uuid-12345,com.spotify.music,Spotify,10299,28891959,2889598,31781557,MOBILE,0
3154,1778158800000,2026-05-07T21:00:00,mock-device-uuid-12345,com.zhiliaoapp.musically,TikTok,10310,28572427,4061081,32633508,MOBILE,0
3155,1778158800000,2026-05-07T21:00:00,mock-device-uuid-12345,com.google.android.youtube,YouTube,10101,66369817,8085743,74455560,MOBILE,0
3156,1778162400000,2026-05-07T22:00:00,mock-device-uuid-12345,com.android.chrome,Chrome,10080,122469015,25568460,148037475,MOBILE,0
3157,1778162400000,2026-05-07T22:00:00,mock-device-uuid-12345,com.google.android.youtube,YouTube,10101,28370181,3533228,31903409,MOBILE,0
3158,1778162400000,2026-05-07T22:00:00,mock-device-uuid-12345,com.instagram.android,Instagram,10246,19379883,1692918,21072801,MOBILE,0
3159,1778162400000,2026-05-07T22:00:00,mock-device-uuid-12345,com.zhiliaoapp.musically,TikTok,10310,51983435,11432773,63416208,MOBILE,0
3160,1778166000000,2026-05-07T23:00:00,mock-device-uuid-12345,com.spotify.music,Spotify,10299,30292462,5364210,35656672,MOBILE,0
3161,1778166000000,2026-05-07T23:00:00,mock-device-uuid-12345,com.instagram.android,Instagram,10246,25397917,3362458,28760375,MOBILE,0
3162,1778166000000,2026-05-07T23:00:00,mock-device-uuid-12345,com.google.android.youtube,YouTube,10101,2968983,691983,3660966,MOBILE,0
3163,1778166000000,2026-05-07T23:00:00,mock-device-uuid-12345,com.tencent.ig,PUBG Mobile,10352,20923570,2225557,23149127,MOBILE,0
3164,1778166000000,2026-05-07T23:00:00,mock-device-uuid-12345,com.zhiliaoapp.musically,TikTok,10310,21236738,5299383,26536121,MOBILE,0
3165,1778169600000,2026-05-08T00:00:00,mock-device-uuid-12345,com.tencent.ig,PUBG Mobile,10352,281764,51806,333570,MOBILE,0
3166,1778169600000,2026-05-08T00:00:00,mock-device-uuid-12345,com.facebook.katana,Facebook,10245,305067,72737,377804,MOBILE,0
3167,1778169600000,2026-05-08T00:00:00,mock-device-uuid-12345,com.instagram.android,Instagram,10246,2266021,489511,2755532,MOBILE,0
3168,1778173200000,2026-05-08T01:00:00,mock-device-uuid-12345,com.google.android.youtube,YouTube,10101,806438,75245,881683,MOBILE,0
3169,1778173200000,2026-05-08T01:00:00,mock-device-uuid-12345,com.instagram.android,Instagram,10246,5214086,1010640,6224726,MOBILE,0
3170,1778176800000,2026-05-08T02:00:00,mock-device-uuid-12345,com.instagram.android,Instagram,10246,2327206,328838,2656044,MOBILE,0
3171,1778176800000,2026-05-08T02:00:00,mock-device-uuid-12345,com.facebook.katana,Facebook,10245,3719773,760371,4480144,MOBILE,0
3172,1778180400000,2026-05-08T03:00:00,mock-device-uuid-12345,com.spotify.music,Spotify,10299,0,0,0,MOBILE,0
3173,1778180400000,2026-05-08T03:00:00,mock-device-uuid-12345,com.zhiliaoapp.musically,TikTok,10310,0,0,0,MOBILE,0
3174,1778180400000,2026-05-08T03:00:00,mock-device-uuid-12345,com.android.chrome,Chrome,10080,0,0,0,MOBILE,0
3175,1778184000000,2026-05-08T04:00:00,mock-device-uuid-12345,com.spotify.music,Spotify,10299,8648587,1364319,10012906,MOBILE,0
3176,1778184000000,2026-05-08T04:00:00,mock-device-uuid-12345,com.android.chrome,Chrome,10080,2837961,194033,3031994,MOBILE,0
3177,1778184000000,2026-05-08T04:00:00,mock-device-uuid-12345,com.facebook.katana,Facebook,10245,2325128,560949,2886077,MOBILE,0
3178,1778184000000,2026-05-08T04:00:00,mock-device-uuid-12345,com.tencent.ig,PUBG Mobile,10352,1527121,252456,1779577,MOBILE,0
3179,1778184000000,2026-05-08T04:00:00,mock-device-uuid-12345,com.google.android.youtube,YouTube,10101,1835690,424618,2260308,MOBILE,0
3180,1778187600000,2026-05-08T05:00:00,mock-device-uuid-12345,com.zhiliaoapp.musically,TikTok,10310,636008,46928,682936,MOBILE,0
3181,1778187600000,2026-05-08T05:00:00,mock-device-uuid-12345,com.tencent.ig,PUBG Mobile,10352,5185593,869193,6054786,MOBILE,0
3182,1778187600000,2026-05-08T05:00:00,mock-device-uuid-12345,com.instagram.android,Instagram,10246,2146379,448257,2594636,MOBILE,0
3183,1778187600000,2026-05-08T05:00:00,mock-device-uuid-12345,com.facebook.katana,Facebook,10245,1245048,120898,1365946,MOBILE,0
3184,1778191200000,2026-05-08T06:00:00,mock-device-uuid-12345,com.android.chrome,Chrome,10080,21836685,5383331,27220016,MOBILE,0
3185,1778191200000,2026-05-08T06:00:00,mock-device-uuid-12345,com.spotify.music,Spotify,10299,7544028,1762790,9306818,MOBILE,0
3186,1778191200000,2026-05-08T06:00:00,mock-device-uuid-12345,com.facebook.katana,Facebook,10245,6759697,621508,7381205,MOBILE,0
3187,1778191200000,2026-05-08T06:00:00,mock-device-uuid-12345,com.instagram.android,Instagram,10246,18106618,3634797,21741415,MOBILE,0
3188,1778194800000,2026-05-08T07:00:00,mock-device-uuid-12345,com.facebook.katana,Facebook,10245,19738724,3829331,23568055,MOBILE,0
3189,1778194800000,2026-05-08T07:00:00,mock-device-uuid-12345,com.zhiliaoapp.musically,TikTok,10310,4997353,896108,5893461,MOBILE,0
3190,1778194800000,2026-05-08T07:00:00,mock-device-uuid-12345,com.spotify.music,Spotify,10299,19537379,1922367,21459746,MOBILE,0
3191,1778198400000,2026-05-08T08:00:00,mock-device-uuid-12345,com.instagram.android,Instagram,10246,5383940,1133773,6517713,MOBILE,0
3192,1778198400000,2026-05-08T08:00:00,mock-device-uuid-12345,com.tencent.ig,PUBG Mobile,10352,27779146,3125738,30904884,MOBILE,0
3193,1778198400000,2026-05-08T08:00:00,mock-device-uuid-12345,com.google.android.youtube,YouTube,10101,10383075,988265,11371340,MOBILE,0
3194,1778198400000,2026-05-08T08:00:00,mock-device-uuid-12345,com.android.chrome,Chrome,10080,2060435,498949,2559384,MOBILE,0
3195,1778198400000,2026-05-08T08:00:00,mock-device-uuid-12345,com.spotify.music,Spotify,10299,5215866,317736,5533602,MOBILE,0
3196,1778202000000,2026-05-08T09:00:00,mock-device-uuid-12345,com.tencent.ig,PUBG Mobile,10352,4286982,393958,4680940,MOBILE,0
3197,1778202000000,2026-05-08T09:00:00,mock-device-uuid-12345,com.android.chrome,Chrome,10080,38651691,6519292,45170983,MOBILE,0
3198,1778205600000,2026-05-08T10:00:00,mock-device-uuid-12345,com.android.chrome,Chrome,10080,16240933,1322028,17562961,MOBILE,0
3199,1778205600000,2026-05-08T10:00:00,mock-device-uuid-12345,com.google.android.youtube,YouTube,10101,2728449,280775,3009224,MOBILE,0
3200,1778205600000,2026-05-08T10:00:00,mock-device-uuid-12345,com.tencent.ig,PUBG Mobile,10352,3472430,557967,4030397,MOBILE,0
3201,1778205600000,2026-05-08T10:00:00,mock-device-uuid-12345,com.instagram.android,Instagram,10246,1860636,445580,2306216,MOBILE,0
3202,1778205600000,2026-05-08T10:00:00,mock-device-uuid-12345,com.spotify.music,Spotify,10299,8489272,727258,9216530,MOBILE,0
3203,1778209200000,2026-05-08T11:00:00,mock-device-uuid-12345,com.zhiliaoapp.musically,TikTok,10310,9704460,1610174,11314634,MOBILE,0
3204,1778209200000,2026-05-08T11:00:00,mock-device-uuid-12345,com.spotify.music,Spotify,10299,24533460,2917136,27450596,MOBILE,0
3205,1778209200000,2026-05-08T11:00:00,mock-device-uuid-12345,com.facebook.katana,Facebook,10245,5833930,1431258,7265188,MOBILE,0
3206,1778209200000,2026-05-08T11:00:00,mock-device-uuid-12345,com.google.android.youtube,YouTube,10101,4830234,814459,5644693,MOBILE,0
3207,1778209200000,2026-05-08T11:00:00,mock-device-uuid-12345,com.tencent.ig,PUBG Mobile,10352,4929754,572304,5502058,MOBILE,0
3208,1778212800000,2026-05-08T12:00:00,mock-device-uuid-12345,com.zhiliaoapp.musically,TikTok,10310,5412388,832901,6245289,MOBILE,0
3209,1778212800000,2026-05-08T12:00:00,mock-device-uuid-12345,com.android.chrome,Chrome,10080,27017712,3064704,30082416,MOBILE,0
3210,1778216400000,2026-05-08T13:00:00,mock-device-uuid-12345,com.spotify.music,Spotify,10299,6899782,957567,7857349,MOBILE,0
3211,1778216400000,2026-05-08T13:00:00,mock-device-uuid-12345,com.instagram.android,Instagram,10246,37126254,8245889,45372143,MOBILE,0
3212,1778220000000,2026-05-08T14:00:00,mock-device-uuid-12345,com.facebook.katana,Facebook,10245,31719024,4299322,36018346,MOBILE,0
3213,1778220000000,2026-05-08T14:00:00,mock-device-uuid-12345,com.zhiliaoapp.musically,TikTok,10310,5240429,1200322,6440751,MOBILE,0
3214,1778220000000,2026-05-08T14:00:00,mock-device-uuid-12345,com.google.android.youtube,YouTube,10101,27740805,2448378,30189183,MOBILE,0
3215,1778223600000,2026-05-08T15:00:00,mock-device-uuid-12345,com.facebook.katana,Facebook,10245,30831066,4812450,35643516,MOBILE,0
3216,1778223600000,2026-05-08T15:00:00,mock-device-uuid-12345,com.instagram.android,Instagram,10246,4466741,274663,4741404,MOBILE,0
3217,1778223600000,2026-05-08T15:00:00,mock-device-uuid-12345,com.zhiliaoapp.musically,TikTok,10310,32137636,2324064,34461700,MOBILE,0
3218,1778227200000,2026-05-08T16:00:00,mock-device-uuid-12345,com.spotify.music,Spotify,10299,20913118,2400104,23313222,MOBILE,0
3219,1778227200000,2026-05-08T16:00:00,mock-device-uuid-12345,com.google.android.youtube,YouTube,10101,11710279,1070813,12781092,MOBILE,0
3220,1778227200000,2026-05-08T16:00:00,mock-device-uuid-12345,com.android.chrome,Chrome,10080,9137743,519923,9657666,MOBILE,0
3221,1778227200000,2026-05-08T16:00:00,mock-device-uuid-12345,com.tencent.ig,PUBG Mobile,10352,1056859,235066,1291925,MOBILE,0
3222,1778227200000,2026-05-08T16:00:00,mock-device-uuid-12345,com.zhiliaoapp.musically,TikTok,10310,19546373,1978096,21524469,MOBILE,0
3223,1778230800000,2026-05-08T17:00:00,mock-device-uuid-12345,com.instagram.android,Instagram,10246,2966792,274819,3241611,MOBILE,0
3224,1778230800000,2026-05-08T17:00:00,mock-device-uuid-12345,com.facebook.katana,Facebook,10245,21188472,1548257,22736729,MOBILE,0
3225,1778230800000,2026-05-08T17:00:00,mock-device-uuid-12345,com.google.android.youtube,YouTube,10101,6055924,643546,6699470,MOBILE,0
3226,1778230800000,2026-05-08T17:00:00,mock-device-uuid-12345,com.zhiliaoapp.musically,TikTok,10310,5483715,1190641,6674356,MOBILE,0
3227,1778230800000,2026-05-08T17:00:00,mock-device-uuid-12345,com.tencent.ig,PUBG Mobile,10352,12471737,1573463,14045200,MOBILE,0
3228,1778234400000,2026-05-08T18:00:00,mock-device-uuid-12345,com.android.chrome,Chrome,10080,78153210,7983711,86136921,MOBILE,0
3229,1778234400000,2026-05-08T18:00:00,mock-device-uuid-12345,com.spotify.music,Spotify,10299,21547152,1966376,23513528,MOBILE,0
3230,1778234400000,2026-05-08T18:00:00,mock-device-uuid-12345,com.google.android.youtube,YouTube,10101,9135008,2246351,11381359,MOBILE,0
3231,1778234400000,2026-05-08T18:00:00,mock-device-uuid-12345,com.facebook.katana,Facebook,10245,7909952,1748821,9658773,MOBILE,0
3232,1778234400000,2026-05-08T18:00:00,mock-device-uuid-12345,com.tencent.ig,PUBG Mobile,10352,31676300,6319319,37995619,MOBILE,0
3233,1778238000000,2026-05-08T19:00:00,mock-device-uuid-12345,com.facebook.katana,Facebook,10245,83706731,11605077,95311808,MOBILE,0
3234,1778238000000,2026-05-08T19:00:00,mock-device-uuid-12345,com.tencent.ig,PUBG Mobile,10352,18696224,1618053,20314277,MOBILE,0
3235,1778238000000,2026-05-08T19:00:00,mock-device-uuid-12345,com.zhiliaoapp.musically,TikTok,10310,5826027,906644,6732671,MOBILE,0
3236,1778238000000,2026-05-08T19:00:00,mock-device-uuid-12345,com.android.chrome,Chrome,10080,12577084,940745,13517829,MOBILE,0
3237,1778238000000,2026-05-08T19:00:00,mock-device-uuid-12345,com.google.android.youtube,YouTube,10101,38620405,3332899,41953304,MOBILE,0
3238,1778241600000,2026-05-08T20:00:00,mock-device-uuid-12345,com.zhiliaoapp.musically,TikTok,10310,50632405,9618457,60250862,MOBILE,0
3239,1778241600000,2026-05-08T20:00:00,mock-device-uuid-12345,com.google.android.youtube,YouTube,10101,39179281,2461413,41640694,MOBILE,0
3240,1778241600000,2026-05-08T20:00:00,mock-device-uuid-12345,com.tencent.ig,PUBG Mobile,10352,44251013,3058595,47309608,MOBILE,0
3241,1778241600000,2026-05-08T20:00:00,mock-device-uuid-12345,com.instagram.android,Instagram,10246,4712994,865488,5578482,MOBILE,0
3242,1778241600000,2026-05-08T20:00:00,mock-device-uuid-12345,com.spotify.music,Spotify,10299,20459928,2698737,23158665,MOBILE,0
3243,1778245200000,2026-05-08T21:00:00,mock-device-uuid-12345,com.tencent.ig,PUBG Mobile,10352,32409857,7306439,39716296,MOBILE,0
3244,1778245200000,2026-05-08T21:00:00,mock-device-uuid-12345,com.google.android.youtube,YouTube,10101,107015544,26209589,133225133,MOBILE,0
3245,1778248800000,2026-05-08T22:00:00,mock-device-uuid-12345,com.spotify.music,Spotify,10299,37798569,4453491,42252060,MOBILE,0
3246,1778248800000,2026-05-08T22:00:00,mock-device-uuid-12345,com.instagram.android,Instagram,10246,25637818,3388706,29026524,MOBILE,0
3247,1778248800000,2026-05-08T22:00:00,mock-device-uuid-12345,com.facebook.katana,Facebook,10245,6068650,1487641,7556291,MOBILE,0
3248,1778248800000,2026-05-08T22:00:00,mock-device-uuid-12345,com.tencent.ig,PUBG Mobile,10352,80796290,4588942,85385232,MOBILE,0
3249,1778252400000,2026-05-08T23:00:00,mock-device-uuid-12345,com.google.android.youtube,YouTube,10101,27738630,2285136,30023766,MOBILE,0
3250,1778252400000,2026-05-08T23:00:00,mock-device-uuid-12345,com.zhiliaoapp.musically,TikTok,10310,18807543,3928736,22736279,MOBILE,0
3251,1778256000000,2026-05-09T00:00:00,mock-device-uuid-12345,com.tencent.ig,PUBG Mobile,10352,5085296,696920,5782216,MOBILE,0
3252,1778256000000,2026-05-09T00:00:00,mock-device-uuid-12345,com.android.chrome,Chrome,10080,43583931,4472463,48056394,MOBILE,0
3253,1778259600000,2026-05-09T01:00:00,mock-device-uuid-12345,com.tencent.ig,PUBG Mobile,10352,13370401,2761378,16131779,MOBILE,0
3254,1778259600000,2026-05-09T01:00:00,mock-device-uuid-12345,com.google.android.youtube,YouTube,10101,7304572,877343,8181915,MOBILE,0
3255,1778259600000,2026-05-09T01:00:00,mock-device-uuid-12345,com.instagram.android,Instagram,10246,11877248,1213020,13090268,MOBILE,0
3256,1778263200000,2026-05-09T02:00:00,mock-device-uuid-12345,com.spotify.music,Spotify,10299,4414562,698090,5112652,MOBILE,0
3257,1778263200000,2026-05-09T02:00:00,mock-device-uuid-12345,com.facebook.katana,Facebook,10245,4043034,576003,4619037,MOBILE,0
3258,1778263200000,2026-05-09T02:00:00,mock-device-uuid-12345,com.instagram.android,Instagram,10246,18439537,982681,19422218,MOBILE,0
3259,1778263200000,2026-05-09T02:00:00,mock-device-uuid-12345,com.zhiliaoapp.musically,TikTok,10310,5388880,649525,6038405,MOBILE,0
3260,1778263200000,2026-05-09T02:00:00,mock-device-uuid-12345,com.tencent.ig,PUBG Mobile,10352,16868121,3749184,20617305,MOBILE,0
3261,1778266800000,2026-05-09T03:00:00,mock-device-uuid-12345,com.android.chrome,Chrome,10080,27372796,2521389,29894185,MOBILE,0
3262,1778266800000,2026-05-09T03:00:00,mock-device-uuid-12345,com.zhiliaoapp.musically,TikTok,10310,1903339,354636,2257975,MOBILE,0
3263,1778266800000,2026-05-09T03:00:00,mock-device-uuid-12345,com.google.android.youtube,YouTube,10101,21379340,1363550,22742890,MOBILE,0
3264,1778270400000,2026-05-09T04:00:00,mock-device-uuid-12345,com.google.android.youtube,YouTube,10101,29256485,4086649,33343134,MOBILE,0
3265,1778270400000,2026-05-09T04:00:00,mock-device-uuid-12345,com.spotify.music,Spotify,10299,4990597,1007386,5997983,MOBILE,0
3266,1778270400000,2026-05-09T04:00:00,mock-device-uuid-12345,com.tencent.ig,PUBG Mobile,10352,10311346,2532751,12844097,MOBILE,0
3267,1778274000000,2026-05-09T05:00:00,mock-device-uuid-12345,com.tencent.ig,PUBG Mobile,10352,13874032,738136,14612168,MOBILE,0
3268,1778274000000,2026-05-09T05:00:00,mock-device-uuid-12345,com.spotify.music,Spotify,10299,5087046,537546,5624592,MOBILE,0
3269,1778274000000,2026-05-09T05:00:00,mock-device-uuid-12345,com.instagram.android,Instagram,10246,726943,130920,857863,MOBILE,0
3270,1778274000000,2026-05-09T05:00:00,mock-device-uuid-12345,com.google.android.youtube,YouTube,10101,989771,121286,1111057,MOBILE,0
3271,1778274000000,2026-05-09T05:00:00,mock-device-uuid-12345,com.facebook.katana,Facebook,10245,3023652,466650,3490302,MOBILE,0
3272,1778277600000,2026-05-09T06:00:00,mock-device-uuid-12345,com.zhiliaoapp.musically,TikTok,10310,16935611,3557880,20493491,MOBILE,0
3273,1778277600000,2026-05-09T06:00:00,mock-device-uuid-12345,com.google.android.youtube,YouTube,10101,53065217,8232212,61297429,MOBILE,0
3274,1778281200000,2026-05-09T07:00:00,mock-device-uuid-12345,com.zhiliaoapp.musically,TikTok,10310,33954243,7564497,41518740,MOBILE,0
3275,1778281200000,2026-05-09T07:00:00,mock-device-uuid-12345,com.android.chrome,Chrome,10080,19368000,4209177,23577177,MOBILE,0
3276,1778281200000,2026-05-09T07:00:00,mock-device-uuid-12345,com.google.android.youtube,YouTube,10101,11068984,2497902,13566886,MOBILE,0
3277,1778281200000,2026-05-09T07:00:00,mock-device-uuid-12345,com.tencent.ig,PUBG Mobile,10352,7292885,1379842,8672727,MOBILE,0
3278,1778281200000,2026-05-09T07:00:00,mock-device-uuid-12345,com.instagram.android,Instagram,10246,3884341,347446,4231787,MOBILE,0
3279,1778284800000,2026-05-09T08:00:00,mock-device-uuid-12345,com.tencent.ig,PUBG Mobile,10352,32546213,5159982,37706195,MOBILE,0
3280,1778284800000,2026-05-09T08:00:00,mock-device-uuid-12345,com.zhiliaoapp.musically,TikTok,10310,10012022,1386436,11398458,MOBILE,0
3281,1778284800000,2026-05-09T08:00:00,mock-device-uuid-12345,com.spotify.music,Spotify,10299,19110387,3905547,23015934,MOBILE,0
3282,1778284800000,2026-05-09T08:00:00,mock-device-uuid-12345,com.facebook.katana,Facebook,10245,20593885,4866847,25460732,MOBILE,0
3283,1778288400000,2026-05-09T09:00:00,mock-device-uuid-12345,com.google.android.youtube,YouTube,10101,24479785,5299536,29779321,MOBILE,0
3284,1778288400000,2026-05-09T09:00:00,mock-device-uuid-12345,com.instagram.android,Instagram,10246,28818460,4595128,33413588,MOBILE,0
3285,1778288400000,2026-05-09T09:00:00,mock-device-uuid-12345,com.android.chrome,Chrome,10080,30624335,1712642,32336977,MOBILE,0
3286,1778292000000,2026-05-09T10:00:00,mock-device-uuid-12345,com.instagram.android,Instagram,10246,46958133,6064678,53022811,MOBILE,0
3287,1778292000000,2026-05-09T10:00:00,mock-device-uuid-12345,com.spotify.music,Spotify,10299,6701361,654023,7355384,MOBILE,0
3288,1778292000000,2026-05-09T10:00:00,mock-device-uuid-12345,com.android.chrome,Chrome,10080,1716372,282725,1999097,MOBILE,0
3289,1778292000000,2026-05-09T10:00:00,mock-device-uuid-12345,com.tencent.ig,PUBG Mobile,10352,22161161,5259706,27420867,MOBILE,0
3290,1778295600000,2026-05-09T11:00:00,mock-device-uuid-12345,com.zhiliaoapp.musically,TikTok,10310,33801468,4191278,37992746,MOBILE,0
3291,1778295600000,2026-05-09T11:00:00,mock-device-uuid-12345,com.spotify.music,Spotify,10299,44639754,3459259,48099013,MOBILE,0
3292,1778299200000,2026-05-09T12:00:00,mock-device-uuid-12345,com.zhiliaoapp.musically,TikTok,10310,16132248,2335994,18468242,MOBILE,0
3293,1778299200000,2026-05-09T12:00:00,mock-device-uuid-12345,com.android.chrome,Chrome,10080,12520890,2051530,14572420,MOBILE,0
3294,1778299200000,2026-05-09T12:00:00,mock-device-uuid-12345,com.facebook.katana,Facebook,10245,7059659,467398,7527057,MOBILE,0
3295,1778299200000,2026-05-09T12:00:00,mock-device-uuid-12345,com.google.android.youtube,YouTube,10101,34079047,3707685,37786732,MOBILE,0
3296,1778299200000,2026-05-09T12:00:00,mock-device-uuid-12345,com.spotify.music,Spotify,10299,17621623,4373905,21995528,MOBILE,0
3297,1778302800000,2026-05-09T13:00:00,mock-device-uuid-12345,com.android.chrome,Chrome,10080,64651834,3867796,68519630,MOBILE,0
3298,1778302800000,2026-05-09T13:00:00,mock-device-uuid-12345,com.google.android.youtube,YouTube,10101,8566387,850956,9417343,MOBILE,0
3299,1778302800000,2026-05-09T13:00:00,mock-device-uuid-12345,com.spotify.music,Spotify,10299,39656365,6910695,46567060,MOBILE,0
3300,1778306400000,2026-05-09T14:00:00,mock-device-uuid-12345,com.facebook.katana,Facebook,10245,4905453,1059116,5964569,MOBILE,0
3301,1778306400000,2026-05-09T14:00:00,mock-device-uuid-12345,com.tencent.ig,PUBG Mobile,10352,55703929,4178508,59882437,MOBILE,0
3302,1778310000000,2026-05-09T15:00:00,mock-device-uuid-12345,com.android.chrome,Chrome,10080,9426449,1140445,10566894,MOBILE,0
3303,1778310000000,2026-05-09T15:00:00,mock-device-uuid-12345,com.spotify.music,Spotify,10299,20646266,1162376,21808642,MOBILE,0
3304,1778310000000,2026-05-09T15:00:00,mock-device-uuid-12345,com.tencent.ig,PUBG Mobile,10352,11436683,1013045,12449728,MOBILE,0
3305,1778310000000,2026-05-09T15:00:00,mock-device-uuid-12345,com.zhiliaoapp.musically,TikTok,10310,25878902,1832755,27711657,MOBILE,0
3306,1778313600000,2026-05-09T16:00:00,mock-device-uuid-12345,com.android.chrome,Chrome,10080,28726299,2124300,30850599,MOBILE,0
3307,1778313600000,2026-05-09T16:00:00,mock-device-uuid-12345,com.google.android.youtube,YouTube,10101,39604711,4173940,43778651,MOBILE,0
3308,1778317200000,2026-05-09T17:00:00,mock-device-uuid-12345,com.tencent.ig,PUBG Mobile,10352,4559811,997536,5557347,MOBILE,0
3309,1778317200000,2026-05-09T17:00:00,mock-device-uuid-12345,com.instagram.android,Instagram,10246,34486949,6880556,41367505,MOBILE,0
3310,1778317200000,2026-05-09T17:00:00,mock-device-uuid-12345,com.zhiliaoapp.musically,TikTok,10310,20910112,1515363,22425475,MOBILE,0
3311,1778317200000,2026-05-09T17:00:00,mock-device-uuid-12345,com.spotify.music,Spotify,10299,23756880,4229479,27986359,MOBILE,0
3312,1778320800000,2026-05-09T18:00:00,mock-device-uuid-12345,com.spotify.music,Spotify,10299,107509084,21750286,129259370,MOBILE,0
3313,1778320800000,2026-05-09T18:00:00,mock-device-uuid-12345,com.google.android.youtube,YouTube,10101,19410035,1869915,21279950,MOBILE,0
3314,1778320800000,2026-05-09T18:00:00,mock-device-uuid-12345,com.tencent.ig,PUBG Mobile,10352,57922528,13012921,70935449,MOBILE,0
3315,1778324400000,2026-05-09T19:00:00,mock-device-uuid-12345,com.tencent.ig,PUBG Mobile,10352,27914725,3685868,31600593,MOBILE,0
3316,1778324400000,2026-05-09T19:00:00,mock-device-uuid-12345,com.facebook.katana,Facebook,10245,157642010,37463931,195105941,MOBILE,0
3317,1778328000000,2026-05-09T20:00:00,mock-device-uuid-12345,com.instagram.android,Instagram,10246,99352240,11084986,110437226,MOBILE,0
3318,1778328000000,2026-05-09T20:00:00,mock-device-uuid-12345,com.tencent.ig,PUBG Mobile,10352,143352353,16754353,160106706,MOBILE,0
3319,1778331600000,2026-05-09T21:00:00,mock-device-uuid-12345,com.android.chrome,Chrome,10080,115549551,8001763,123551314,MOBILE,0
3320,1778331600000,2026-05-09T21:00:00,mock-device-uuid-12345,com.spotify.music,Spotify,10299,67283494,9686162,76969656,MOBILE,0
3321,1778335200000,2026-05-09T22:00:00,mock-device-uuid-12345,com.facebook.katana,Facebook,10245,24160123,5891628,30051751,MOBILE,0
3322,1778335200000,2026-05-09T22:00:00,mock-device-uuid-12345,com.tencent.ig,PUBG Mobile,10352,91266398,15959087,107225485,MOBILE,0
3323,1778335200000,2026-05-09T22:00:00,mock-device-uuid-12345,com.zhiliaoapp.musically,TikTok,10310,73938824,15925108,89863932,MOBILE,0
3324,1778338800000,2026-05-09T23:00:00,mock-device-uuid-12345,com.facebook.katana,Facebook,10245,26185468,2911680,29097148,MOBILE,0
3325,1778338800000,2026-05-09T23:00:00,mock-device-uuid-12345,com.zhiliaoapp.musically,TikTok,10310,34338859,4703671,39042530,MOBILE,0
3326,1778338800000,2026-05-09T23:00:00,mock-device-uuid-12345,com.google.android.youtube,YouTube,10101,33133361,6910241,40043602,MOBILE,0
3327,1778338800000,2026-05-09T23:00:00,mock-device-uuid-12345,com.tencent.ig,PUBG Mobile,10352,2834820,157961,2992781,MOBILE,0
3328,1778338800000,2026-05-09T23:00:00,mock-device-uuid-12345,com.spotify.music,Spotify,10299,30050258,1776690,31826948,MOBILE,0
3329,1778342400000,2026-05-10T00:00:00,mock-device-uuid-12345,com.facebook.katana,Facebook,10245,2698262,413224,3111486,MOBILE,0
3330,1778342400000,2026-05-10T00:00:00,mock-device-uuid-12345,com.android.chrome,Chrome,10080,16520525,1365822,17886347,MOBILE,0
3331,1778342400000,2026-05-10T00:00:00,mock-device-uuid-12345,com.zhiliaoapp.musically,TikTok,10310,2961303,421890,3383193,MOBILE,0
3332,1778342400000,2026-05-10T00:00:00,mock-device-uuid-12345,com.spotify.music,Spotify,10299,22345769,1409237,23755006,MOBILE,0
3333,1778346000000,2026-05-10T01:00:00,mock-device-uuid-12345,com.android.chrome,Chrome,10080,12377959,2945906,15323865,MOBILE,0
3334,1778346000000,2026-05-10T01:00:00,mock-device-uuid-12345,com.tencent.ig,PUBG Mobile,10352,1467324,272972,1740296,MOBILE,0
3335,1778346000000,2026-05-10T01:00:00,mock-device-uuid-12345,com.zhiliaoapp.musically,TikTok,10310,10807665,901308,11708973,MOBILE,0
3336,1778349600000,2026-05-10T02:00:00,mock-device-uuid-12345,com.instagram.android,Instagram,10246,17453002,2272189,19725191,MOBILE,0
3337,1778349600000,2026-05-10T02:00:00,mock-device-uuid-12345,com.spotify.music,Spotify,10299,11876271,2586204,14462475,MOBILE,0
3338,1778353200000,2026-05-10T03:00:00,mock-device-uuid-12345,com.zhiliaoapp.musically,TikTok,10310,14546524,1374829,15921353,MOBILE,0
3339,1778353200000,2026-05-10T03:00:00,mock-device-uuid-12345,com.spotify.music,Spotify,10299,3248359,357688,3606047,MOBILE,0
3340,1778353200000,2026-05-10T03:00:00,mock-device-uuid-12345,com.google.android.youtube,YouTube,10101,6293826,917107,7210933,MOBILE,0
3341,1778353200000,2026-05-10T03:00:00,mock-device-uuid-12345,com.android.chrome,Chrome,10080,11729095,2467615,14196710,MOBILE,0
3342,1778356800000,2026-05-10T04:00:00,mock-device-uuid-12345,com.instagram.android,Instagram,10246,16685371,3958604,20643975,MOBILE,0
3343,1778356800000,2026-05-10T04:00:00,mock-device-uuid-12345,com.zhiliaoapp.musically,TikTok,10310,24919591,2787321,27706912,MOBILE,0
3344,1778360400000,2026-05-10T05:00:00,mock-device-uuid-12345,com.google.android.youtube,YouTube,10101,15869420,2327952,18197372,MOBILE,0
3345,1778360400000,2026-05-10T05:00:00,mock-device-uuid-12345,com.instagram.android,Instagram,10246,11065122,1125860,12190982,MOBILE,0
3346,1778360400000,2026-05-10T05:00:00,mock-device-uuid-12345,com.spotify.music,Spotify,10299,3306726,442124,3748850,MOBILE,0
3347,1778360400000,2026-05-10T05:00:00,mock-device-uuid-12345,com.zhiliaoapp.musically,TikTok,10310,266747,33502,300249,MOBILE,0
3348,1778360400000,2026-05-10T05:00:00,mock-device-uuid-12345,com.android.chrome,Chrome,10080,2277736,431136,2708872,MOBILE,0
3349,1778364000000,2026-05-10T06:00:00,mock-device-uuid-12345,com.google.android.youtube,YouTube,10101,32062348,4858565,36920913,MOBILE,0
3350,1778364000000,2026-05-10T06:00:00,mock-device-uuid-12345,com.android.chrome,Chrome,10080,13250674,2200389,15451063,MOBILE,0
3351,1778364000000,2026-05-10T06:00:00,mock-device-uuid-12345,com.facebook.katana,Facebook,10245,10580055,2524746,13104801,MOBILE,0
3352,1778364000000,2026-05-10T06:00:00,mock-device-uuid-12345,com.instagram.android,Instagram,10246,5392825,539994,5932819,MOBILE,0
3353,1778367600000,2026-05-10T07:00:00,mock-device-uuid-12345,com.spotify.music,Spotify,10299,19526878,1675732,21202610,MOBILE,0
3354,1778367600000,2026-05-10T07:00:00,mock-device-uuid-12345,com.google.android.youtube,YouTube,10101,85282234,8150831,93433065,MOBILE,0
3355,1778371200000,2026-05-10T08:00:00,mock-device-uuid-12345,com.google.android.youtube,YouTube,10101,36528639,2715204,39243843,MOBILE,0
3356,1778371200000,2026-05-10T08:00:00,mock-device-uuid-12345,com.zhiliaoapp.musically,TikTok,10310,12624636,2315730,14940366,MOBILE,0
3357,1778371200000,2026-05-10T08:00:00,mock-device-uuid-12345,com.instagram.android,Instagram,10246,8412314,1086350,9498664,MOBILE,0
3358,1778371200000,2026-05-10T08:00:00,mock-device-uuid-12345,com.spotify.music,Spotify,10299,2617010,268981,2885991,MOBILE,0
3359,1778371200000,2026-05-10T08:00:00,mock-device-uuid-12345,com.android.chrome,Chrome,10080,1904295,174908,2079203,MOBILE,0
3360,1778374800000,2026-05-10T09:00:00,mock-device-uuid-12345,com.facebook.katana,Facebook,10245,23220958,4706461,27927419,MOBILE,0
3361,1778374800000,2026-05-10T09:00:00,mock-device-uuid-12345,com.android.chrome,Chrome,10080,1796715,444715,2241430,MOBILE,0
3362,1778374800000,2026-05-10T09:00:00,mock-device-uuid-12345,com.instagram.android,Instagram,10246,18442392,2281491,20723883,MOBILE,0
3363,1778374800000,2026-05-10T09:00:00,mock-device-uuid-12345,com.zhiliaoapp.musically,TikTok,10310,9954347,2130536,12084883,MOBILE,0
3364,1778374800000,2026-05-10T09:00:00,mock-device-uuid-12345,com.tencent.ig,PUBG Mobile,10352,4462630,1063013,5525643,MOBILE,0
3365,1778378400000,2026-05-10T10:00:00,mock-device-uuid-12345,com.facebook.katana,Facebook,10245,40092663,6049258,46141921,MOBILE,0
3366,1778378400000,2026-05-10T10:00:00,mock-device-uuid-12345,com.google.android.youtube,YouTube,10101,31045260,4309304,35354564,MOBILE,0
3367,1778378400000,2026-05-10T10:00:00,mock-device-uuid-12345,com.tencent.ig,PUBG Mobile,10352,15296951,2855361,18152312,MOBILE,0
3368,1778382000000,2026-05-10T11:00:00,mock-device-uuid-12345,com.facebook.katana,Facebook,10245,22338904,4640033,26978937,MOBILE,0
3369,1778382000000,2026-05-10T11:00:00,mock-device-uuid-12345,com.android.chrome,Chrome,10080,82947715,6748189,89695904,MOBILE,0
3370,1778385600000,2026-05-10T12:00:00,mock-device-uuid-12345,com.tencent.ig,PUBG Mobile,10352,31176599,5911100,37087699,MOBILE,0
3371,1778385600000,2026-05-10T12:00:00,mock-device-uuid-12345,com.google.android.youtube,YouTube,10101,44006370,6320154,50326524,MOBILE,0
3372,1778389200000,2026-05-10T13:00:00,mock-device-uuid-12345,com.zhiliaoapp.musically,TikTok,10310,39601964,9168993,48770957,MOBILE,0
3373,1778389200000,2026-05-10T13:00:00,mock-device-uuid-12345,com.facebook.katana,Facebook,10245,17042217,3706333,20748550,MOBILE,0
3374,1778389200000,2026-05-10T13:00:00,mock-device-uuid-12345,com.android.chrome,Chrome,10080,6050574,1345025,7395599,MOBILE,0
3375,1778389200000,2026-05-10T13:00:00,mock-device-uuid-12345,com.instagram.android,Instagram,10246,1923940,421631,2345571,MOBILE,0
3376,1778389200000,2026-05-10T13:00:00,mock-device-uuid-12345,com.tencent.ig,PUBG Mobile,10352,7654795,688227,8343022,MOBILE,0
3377,1778392800000,2026-05-10T14:00:00,mock-device-uuid-12345,com.google.android.youtube,YouTube,10101,20651562,4439131,25090693,MOBILE,0
3378,1778392800000,2026-05-10T14:00:00,mock-device-uuid-12345,com.facebook.katana,Facebook,10245,59355732,6835471,66191203,MOBILE,0
3379,1778396400000,2026-05-10T15:00:00,mock-device-uuid-12345,com.instagram.android,Instagram,10246,36497118,8261573,44758691,MOBILE,0
3380,1778396400000,2026-05-10T15:00:00,mock-device-uuid-12345,com.tencent.ig,PUBG Mobile,10352,6861018,1527513,8388531,MOBILE,0
3381,1778396400000,2026-05-10T15:00:00,mock-device-uuid-12345,com.spotify.music,Spotify,10299,3331294,677822,4009116,MOBILE,0
3382,1778396400000,2026-05-10T15:00:00,mock-device-uuid-12345,com.android.chrome,Chrome,10080,5446458,1343162,6789620,MOBILE,0
3383,1778396400000,2026-05-10T15:00:00,mock-device-uuid-12345,com.zhiliaoapp.musically,TikTok,10310,7533531,1283189,8816720,MOBILE,0
3384,1778400000000,2026-05-10T16:00:00,mock-device-uuid-12345,com.instagram.android,Instagram,10246,37384866,3209806,40594672,MOBILE,0
3385,1778400000000,2026-05-10T16:00:00,mock-device-uuid-12345,com.zhiliaoapp.musically,TikTok,10310,54782149,3929197,58711346,MOBILE,0
3386,1778403600000,2026-05-10T17:00:00,mock-device-uuid-12345,com.google.android.youtube,YouTube,10101,28759332,1515830,30275162,MOBILE,0
3387,1778403600000,2026-05-10T17:00:00,mock-device-uuid-12345,com.android.chrome,Chrome,10080,19354416,2493948,21848364,MOBILE,0
3388,1778403600000,2026-05-10T17:00:00,mock-device-uuid-12345,com.facebook.katana,Facebook,10245,10260828,1583795,11844623,MOBILE,0
3389,1778403600000,2026-05-10T17:00:00,mock-device-uuid-12345,com.tencent.ig,PUBG Mobile,10352,36360172,4309810,40669982,MOBILE,0
3390,1778407200000,2026-05-10T18:00:00,mock-device-uuid-12345,com.android.chrome,Chrome,10080,95232339,15224313,110456652,MOBILE,0
3391,1778407200000,2026-05-10T18:00:00,mock-device-uuid-12345,com.spotify.music,Spotify,10299,56829515,8872818,65702333,MOBILE,0
3392,1778410800000,2026-05-10T19:00:00,mock-device-uuid-12345,com.android.chrome,Chrome,10080,33794269,4214206,38008475,MOBILE,0
3393,1778410800000,2026-05-10T19:00:00,mock-device-uuid-12345,com.instagram.android,Instagram,10246,96899664,16050202,112949866,MOBILE,0
3394,1778410800000,2026-05-10T19:00:00,mock-device-uuid-12345,com.zhiliaoapp.musically,TikTok,10310,19571945,1912893,21484838,MOBILE,0
3395,1778410800000,2026-05-10T19:00:00,mock-device-uuid-12345,com.facebook.katana,Facebook,10245,1559658,96635,1656293,MOBILE,0
3396,1778410800000,2026-05-10T19:00:00,mock-device-uuid-12345,com.tencent.ig,PUBG Mobile,10352,29698838,1737892,31436730,MOBILE,0
3397,1778414400000,2026-05-10T20:00:00,mock-device-uuid-12345,com.zhiliaoapp.musically,TikTok,10310,154347464,20506284,174853748,MOBILE,0
3398,1778414400000,2026-05-10T20:00:00,mock-device-uuid-12345,com.android.chrome,Chrome,10080,40248642,2871222,43119864,MOBILE,0
3399,1778414400000,2026-05-10T20:00:00,mock-device-uuid-12345,com.facebook.katana,Facebook,10245,19617982,2861745,22479727,MOBILE,0
3400,1778414400000,2026-05-10T20:00:00,mock-device-uuid-12345,com.google.android.youtube,YouTube,10101,6644780,771613,7416393,MOBILE,0
3401,1778414400000,2026-05-10T20:00:00,mock-device-uuid-12345,com.instagram.android,Instagram,10246,19349329,1584652,20933981,MOBILE,0
3402,1778418000000,2026-05-10T21:00:00,mock-device-uuid-12345,com.google.android.youtube,YouTube,10101,112027320,6146056,118173376,MOBILE,0
3403,1778418000000,2026-05-10T21:00:00,mock-device-uuid-12345,com.zhiliaoapp.musically,TikTok,10310,26343388,4522140,30865528,MOBILE,0
3404,1778418000000,2026-05-10T21:00:00,mock-device-uuid-12345,com.spotify.music,Spotify,10299,21005987,2176134,23182121,MOBILE,0
3405,1778418000000,2026-05-10T21:00:00,mock-device-uuid-12345,com.tencent.ig,PUBG Mobile,10352,19244061,4036381,23280442,MOBILE,0
3406,1778418000000,2026-05-10T21:00:00,mock-device-uuid-12345,com.facebook.katana,Facebook,10245,65413849,7557886,72971735,MOBILE,0
3407,1778421600000,2026-05-10T22:00:00,mock-device-uuid-12345,com.spotify.music,Spotify,10299,119321844,11260243,130582087,MOBILE,0
3408,1778421600000,2026-05-10T22:00:00,mock-device-uuid-12345,com.android.chrome,Chrome,10080,40628508,8984548,49613056,MOBILE,0
3409,1778421600000,2026-05-10T22:00:00,mock-device-uuid-12345,com.facebook.katana,Facebook,10245,31726210,4883468,36609678,MOBILE,0
3410,1778421600000,2026-05-10T22:00:00,mock-device-uuid-12345,com.zhiliaoapp.musically,TikTok,10310,42361938,9233987,51595925,MOBILE,0
3411,1778425200000,2026-05-10T23:00:00,mock-device-uuid-12345,com.tencent.ig,PUBG Mobile,10352,34278636,2516668,36795304,MOBILE,0
3412,1778425200000,2026-05-10T23:00:00,mock-device-uuid-12345,com.google.android.youtube,YouTube,10101,66263266,3605315,69868581,MOBILE,0
3413,1778425200000,2026-05-10T23:00:00,mock-device-uuid-12345,com.spotify.music,Spotify,10299,12339599,2973243,15312842,MOBILE,0
3414,1778425200000,2026-05-10T23:00:00,mock-device-uuid-12345,com.facebook.katana,Facebook,10245,12434161,2509124,14943285,MOBILE,0
3415,1778428800000,2026-05-11T00:00:00,mock-device-uuid-12345,com.google.android.youtube,YouTube,10101,6904925,1024347,7929272,MOBILE,0
3416,1778428800000,2026-05-11T00:00:00,mock-device-uuid-12345,com.instagram.android,Instagram,10246,6361322,507430,6868752,MOBILE,0
3417,1778428800000,2026-05-11T00:00:00,mock-device-uuid-12345,com.zhiliaoapp.musically,TikTok,10310,1736774,243312,1980086,MOBILE,0
3418,1778428800000,2026-05-11T00:00:00,mock-device-uuid-12345,com.spotify.music,Spotify,10299,2997705,423113,3420818,MOBILE,0
3419,1778432400000,2026-05-11T01:00:00,mock-device-uuid-12345,com.spotify.music,Spotify,10299,3878914,670448,4549362,MOBILE,0
3420,1778432400000,2026-05-11T01:00:00,mock-device-uuid-12345,com.tencent.ig,PUBG Mobile,10352,10599403,1811846,12411249,MOBILE,0
3421,1778436000000,2026-05-11T02:00:00,mock-device-uuid-12345,com.spotify.music,Spotify,10299,4979814,625435,5605249,MOBILE,0
3422,1778436000000,2026-05-11T02:00:00,mock-device-uuid-12345,com.tencent.ig,PUBG Mobile,10352,2513592,338924,2852516,MOBILE,0
3423,1778436000000,2026-05-11T02:00:00,mock-device-uuid-12345,com.facebook.katana,Facebook,10245,2306212,538936,2845148,MOBILE,0
3424,1778439600000,2026-05-11T03:00:00,mock-device-uuid-12345,com.zhiliaoapp.musically,TikTok,10310,2188183,373563,2561746,MOBILE,0
3425,1778439600000,2026-05-11T03:00:00,mock-device-uuid-12345,com.spotify.music,Spotify,10299,910768,113441,1024209,MOBILE,0
3426,1778439600000,2026-05-11T03:00:00,mock-device-uuid-12345,com.instagram.android,Instagram,10246,79644,18776,98420,MOBILE,0
3427,1778439600000,2026-05-11T03:00:00,mock-device-uuid-12345,com.tencent.ig,PUBG Mobile,10352,921835,103678,1025513,MOBILE,0
3428,1778443200000,2026-05-11T04:00:00,mock-device-uuid-12345,com.google.android.youtube,YouTube,10101,0,0,0,MOBILE,0
3429,1778443200000,2026-05-11T04:00:00,mock-device-uuid-12345,com.instagram.android,Instagram,10246,0,0,0,MOBILE,0
3430,1778443200000,2026-05-11T04:00:00,mock-device-uuid-12345,com.tencent.ig,PUBG Mobile,10352,0,0,0,MOBILE,0
3431,1778443200000,2026-05-11T04:00:00,mock-device-uuid-12345,com.spotify.music,Spotify,10299,0,0,0,MOBILE,0
3432,1778446800000,2026-05-11T05:00:00,mock-device-uuid-12345,com.tencent.ig,PUBG Mobile,10352,1813833,450601,2264434,MOBILE,0
3433,1778446800000,2026-05-11T05:00:00,mock-device-uuid-12345,com.spotify.music,Spotify,10299,3223498,556511,3780009,MOBILE,0
3434,1778446800000,2026-05-11T05:00:00,mock-device-uuid-12345,com.instagram.android,Instagram,10246,5130594,1167865,6298459,MOBILE,0
3435,1778446800000,2026-05-11T05:00:00,mock-device-uuid-12345,com.google.android.youtube,YouTube,10101,2857482,411757,3269239,MOBILE,0
3436,1778450400000,2026-05-11T06:00:00,mock-device-uuid-12345,com.android.chrome,Chrome,10080,14874592,1490484,16365076,MOBILE,0
3437,1778450400000,2026-05-11T06:00:00,mock-device-uuid-12345,com.zhiliaoapp.musically,TikTok,10310,29289135,4735514,34024649,MOBILE,0
3438,1778450400000,2026-05-11T06:00:00,mock-device-uuid-12345,com.facebook.katana,Facebook,10245,3009038,435907,3444945,MOBILE,0
3439,1778450400000,2026-05-11T06:00:00,mock-device-uuid-12345,com.tencent.ig,PUBG Mobile,10352,4175007,736941,4911948,MOBILE,0
3440,1778450400000,2026-05-11T06:00:00,mock-device-uuid-12345,com.google.android.youtube,YouTube,10101,6703818,1518650,8222468,MOBILE,0
3441,1778454000000,2026-05-11T07:00:00,mock-device-uuid-12345,com.google.android.youtube,YouTube,10101,12584700,2738785,15323485,MOBILE,0
3442,1778454000000,2026-05-11T07:00:00,mock-device-uuid-12345,com.tencent.ig,PUBG Mobile,10352,11178051,1304804,12482855,MOBILE,0
3443,1778454000000,2026-05-11T07:00:00,mock-device-uuid-12345,com.android.chrome,Chrome,10080,18614696,1646077,20260773,MOBILE,0
3444,1778454000000,2026-05-11T07:00:00,mock-device-uuid-12345,com.spotify.music,Spotify,10299,8907690,1816124,10723814,MOBILE,0
3445,1778457600000,2026-05-11T08:00:00,mock-device-uuid-12345,com.instagram.android,Instagram,10246,37912919,4312250,42225169,MOBILE,0
3446,1778457600000,2026-05-11T08:00:00,mock-device-uuid-12345,com.zhiliaoapp.musically,TikTok,10310,8625764,1643317,10269081,MOBILE,0
3447,1778457600000,2026-05-11T08:00:00,mock-device-uuid-12345,com.google.android.youtube,YouTube,10101,3958964,393929,4352893,MOBILE,0
3448,1778457600000,2026-05-11T08:00:00,mock-device-uuid-12345,com.facebook.katana,Facebook,10245,17450004,2121077,19571081,MOBILE,0
3449,1778461200000,2026-05-11T09:00:00,mock-device-uuid-12345,com.instagram.android,Instagram,10246,16008947,1624477,17633424,MOBILE,0
3450,1778461200000,2026-05-11T09:00:00,mock-device-uuid-12345,com.tencent.ig,PUBG Mobile,10352,4586932,1047754,5634686,MOBILE,0
3451,1778461200000,2026-05-11T09:00:00,mock-device-uuid-12345,com.spotify.music,Spotify,10299,3725389,727074,4452463,MOBILE,0
3452,1778464800000,2026-05-11T10:00:00,mock-device-uuid-12345,com.android.chrome,Chrome,10080,3060198,733949,3794147,MOBILE,0
3453,1778464800000,2026-05-11T10:00:00,mock-device-uuid-12345,com.instagram.android,Instagram,10246,16661066,1403024,18064090,MOBILE,0
3454,1778464800000,2026-05-11T10:00:00,mock-device-uuid-12345,com.google.android.youtube,YouTube,10101,6764318,866103,7630421,MOBILE,0
3455,1778464800000,2026-05-11T10:00:00,mock-device-uuid-12345,com.tencent.ig,PUBG Mobile,10352,3524185,206398,3730583,MOBILE,0
3456,1778464800000,2026-05-11T10:00:00,mock-device-uuid-12345,com.facebook.katana,Facebook,10245,3280691,374498,3655189,MOBILE,0
3457,1778468400000,2026-05-11T11:00:00,mock-device-uuid-12345,com.instagram.android,Instagram,10246,19936490,4218516,24155006,MOBILE,0
3458,1778468400000,2026-05-11T11:00:00,mock-device-uuid-12345,com.google.android.youtube,YouTube,10101,34671497,5475742,40147239,MOBILE,0
3459,1778472000000,2026-05-11T12:00:00,mock-device-uuid-12345,com.facebook.katana,Facebook,10245,12821371,1170189,13991560,MOBILE,0
3460,1778472000000,2026-05-11T12:00:00,mock-device-uuid-12345,com.google.android.youtube,YouTube,10101,8030760,784254,8815014,MOBILE,0
3461,1778472000000,2026-05-11T12:00:00,mock-device-uuid-12345,com.android.chrome,Chrome,10080,16953782,2700679,19654461,MOBILE,0
3462,1778475600000,2026-05-11T13:00:00,mock-device-uuid-12345,com.facebook.katana,Facebook,10245,20037007,2687470,22724477,MOBILE,0
3463,1778475600000,2026-05-11T13:00:00,mock-device-uuid-12345,com.google.android.youtube,YouTube,10101,18610906,2416009,21026915,MOBILE,0
3464,1778475600000,2026-05-11T13:00:00,mock-device-uuid-12345,com.spotify.music,Spotify,10299,9362961,1872657,11235618,MOBILE,0
3465,1778479200000,2026-05-11T14:00:00,mock-device-uuid-12345,com.spotify.music,Spotify,10299,10957926,745806,11703732,MOBILE,0
3466,1778479200000,2026-05-11T14:00:00,mock-device-uuid-12345,com.android.chrome,Chrome,10080,11151909,735828,11887737,MOBILE,0
3467,1778479200000,2026-05-11T14:00:00,mock-device-uuid-12345,com.zhiliaoapp.musically,TikTok,10310,5084103,1056617,6140720,MOBILE,0
3468,1778479200000,2026-05-11T14:00:00,mock-device-uuid-12345,com.instagram.android,Instagram,10246,2623454,467229,3090683,MOBILE,0
3469,1778479200000,2026-05-11T14:00:00,mock-device-uuid-12345,com.google.android.youtube,YouTube,10101,1533847,85435,1619282,MOBILE,0
3470,1778482800000,2026-05-11T15:00:00,mock-device-uuid-12345,com.tencent.ig,PUBG Mobile,10352,23869525,5921544,29791069,MOBILE,0
3471,1778482800000,2026-05-11T15:00:00,mock-device-uuid-12345,com.android.chrome,Chrome,10080,16007018,1180252,17187270,MOBILE,0
3472,1778482800000,2026-05-11T15:00:00,mock-device-uuid-12345,com.instagram.android,Instagram,10246,18659167,2689698,21348865,MOBILE,0
3473,1778486400000,2026-05-11T16:00:00,mock-device-uuid-12345,com.spotify.music,Spotify,10299,1769760,414650,2184410,MOBILE,0
3474,1778486400000,2026-05-11T16:00:00,mock-device-uuid-12345,com.zhiliaoapp.musically,TikTok,10310,31745931,3937512,35683443,MOBILE,0
3475,1778490000000,2026-05-11T17:00:00,mock-device-uuid-12345,com.zhiliaoapp.musically,TikTok,10310,7257862,1355196,8613058,MOBILE,0
3476,1778490000000,2026-05-11T17:00:00,mock-device-uuid-12345,com.google.android.youtube,YouTube,10101,5060415,1083459,6143874,MOBILE,0
3477,1778490000000,2026-05-11T17:00:00,mock-device-uuid-12345,com.spotify.music,Spotify,10299,9769371,1903439,11672810,MOBILE,0
3478,1778490000000,2026-05-11T17:00:00,mock-device-uuid-12345,com.tencent.ig,PUBG Mobile,10352,4524978,818074,5343052,MOBILE,0
3479,1778493600000,2026-05-11T18:00:00,mock-device-uuid-12345,com.zhiliaoapp.musically,TikTok,10310,72025485,5720898,77746383,MOBILE,0
3480,1778493600000,2026-05-11T18:00:00,mock-device-uuid-12345,com.android.chrome,Chrome,10080,22802490,3221296,26023786,MOBILE,0
3481,1778493600000,2026-05-11T18:00:00,mock-device-uuid-12345,com.google.android.youtube,YouTube,10101,19007681,3580578,22588259,MOBILE,0
3482,1778493600000,2026-05-11T18:00:00,mock-device-uuid-12345,com.facebook.katana,Facebook,10245,3738330,796671,4535001,MOBILE,0
3483,1778493600000,2026-05-11T18:00:00,mock-device-uuid-12345,com.tencent.ig,PUBG Mobile,10352,25530942,2680153,28211095,MOBILE,0
3484,1778497200000,2026-05-11T19:00:00,mock-device-uuid-12345,com.tencent.ig,PUBG Mobile,10352,31236531,6293086,37529617,MOBILE,0
3485,1778497200000,2026-05-11T19:00:00,mock-device-uuid-12345,com.google.android.youtube,YouTube,10101,122159516,12920002,135079518,MOBILE,0
3486,1778500800000,2026-05-11T20:00:00,mock-device-uuid-12345,com.android.chrome,Chrome,10080,80859847,5116755,85976602,MOBILE,0
3487,1778500800000,2026-05-11T20:00:00,mock-device-uuid-12345,com.tencent.ig,PUBG Mobile,10352,17813694,2506135,20319829,MOBILE,0
3488,1778500800000,2026-05-11T20:00:00,mock-device-uuid-12345,com.spotify.music,Spotify,10299,41912985,5164856,47077841,MOBILE,0
3489,1778500800000,2026-05-11T20:00:00,mock-device-uuid-12345,com.facebook.katana,Facebook,10245,32570766,4994899,37565665,MOBILE,0
3490,1778500800000,2026-05-11T20:00:00,mock-device-uuid-12345,com.instagram.android,Instagram,10246,48388695,8508805,56897500,MOBILE,0
3491,1778504400000,2026-05-11T21:00:00,mock-device-uuid-12345,com.tencent.ig,PUBG Mobile,10352,82698478,16231081,98929559,MOBILE,0
3492,1778504400000,2026-05-11T21:00:00,mock-device-uuid-12345,com.spotify.music,Spotify,10299,39025691,9492749,48518440,MOBILE,0
3493,1778504400000,2026-05-11T21:00:00,mock-device-uuid-12345,com.instagram.android,Instagram,10246,25150655,4321745,29472400,MOBILE,0
3494,1778504400000,2026-05-11T21:00:00,mock-device-uuid-12345,com.facebook.katana,Facebook,10245,17817857,4037358,21855215,MOBILE,0
3495,1778508000000,2026-05-11T22:00:00,mock-device-uuid-12345,com.android.chrome,Chrome,10080,64777757,14969701,79747458,MOBILE,0
3496,1778508000000,2026-05-11T22:00:00,mock-device-uuid-12345,com.google.android.youtube,YouTube,10101,14287495,3064017,17351512,MOBILE,0
3497,1778508000000,2026-05-11T22:00:00,mock-device-uuid-12345,com.zhiliaoapp.musically,TikTok,10310,10711581,822615,11534196,MOBILE,0
3498,1778508000000,2026-05-11T22:00:00,mock-device-uuid-12345,com.spotify.music,Spotify,10299,50437570,9829795,60267365,MOBILE,0
3499,1778511600000,2026-05-11T23:00:00,mock-device-uuid-12345,com.google.android.youtube,YouTube,10101,19935387,2294122,22229509,MOBILE,0
3500,1778511600000,2026-05-11T23:00:00,mock-device-uuid-12345,com.spotify.music,Spotify,10299,55435542,5405865,60841407,MOBILE,0
3501,1778515200000,2026-05-12T00:00:00,mock-device-uuid-12345,com.android.chrome,Chrome,10080,3834430,542076,4376506,MOBILE,0
3502,1778515200000,2026-05-12T00:00:00,mock-device-uuid-12345,com.google.android.youtube,YouTube,10101,5381301,444313,5825614,MOBILE,0
3503,1778518800000,2026-05-12T01:00:00,mock-device-uuid-12345,com.google.android.youtube,YouTube,10101,5737284,687614,6424898,MOBILE,0
3504,1778518800000,2026-05-12T01:00:00,mock-device-uuid-12345,com.instagram.android,Instagram,10246,1353267,107017,1460284,MOBILE,0
3505,1778518800000,2026-05-12T01:00:00,mock-device-uuid-12345,com.zhiliaoapp.musically,TikTok,10310,2234817,476039,2710856,MOBILE,0
3506,1778518800000,2026-05-12T01:00:00,mock-device-uuid-12345,com.facebook.katana,Facebook,10245,3352857,507889,3860746,MOBILE,0
3507,1778518800000,2026-05-12T01:00:00,mock-device-uuid-12345,com.tencent.ig,PUBG Mobile,10352,2388477,480777,2869254,MOBILE,0
3508,1778522400000,2026-05-12T02:00:00,mock-device-uuid-12345,com.android.chrome,Chrome,10080,1283010,318555,1601565,MOBILE,0
3509,1778522400000,2026-05-12T02:00:00,mock-device-uuid-12345,com.zhiliaoapp.musically,TikTok,10310,291864,46105,337969,MOBILE,0
3510,1778522400000,2026-05-12T02:00:00,mock-device-uuid-12345,com.tencent.ig,PUBG Mobile,10352,1145110,272663,1417773,MOBILE,0
3511,1778522400000,2026-05-12T02:00:00,mock-device-uuid-12345,com.instagram.android,Instagram,10246,1259534,115383,1374917,MOBILE,0
3512,1778522400000,2026-05-12T02:00:00,mock-device-uuid-12345,com.spotify.music,Spotify,10299,1369083,288083,1657166,MOBILE,0
3513,1778526000000,2026-05-12T03:00:00,mock-device-uuid-12345,com.tencent.ig,PUBG Mobile,10352,2704262,206010,2910272,MOBILE,0
3514,1778526000000,2026-05-12T03:00:00,mock-device-uuid-12345,com.google.android.youtube,YouTube,10101,3961028,860794,4821822,MOBILE,0
3515,1778529600000,2026-05-12T04:00:00,mock-device-uuid-12345,com.android.chrome,Chrome,10080,633999,114616,748615,MOBILE,0
3516,1778529600000,2026-05-12T04:00:00,mock-device-uuid-12345,com.facebook.katana,Facebook,10245,420101,72155,492256,MOBILE,0
3517,1778529600000,2026-05-12T04:00:00,mock-device-uuid-12345,com.tencent.ig,PUBG Mobile,10352,192559,32372,224931,MOBILE,0
3518,1778533200000,2026-05-12T05:00:00,mock-device-uuid-12345,com.facebook.katana,Facebook,10245,0,0,0,MOBILE,0
3519,1778533200000,2026-05-12T05:00:00,mock-device-uuid-12345,com.android.chrome,Chrome,10080,0,0,0,MOBILE,0
3520,1778533200000,2026-05-12T05:00:00,mock-device-uuid-12345,com.instagram.android,Instagram,10246,0,0,0,MOBILE,0
3521,1778536800000,2026-05-12T06:00:00,mock-device-uuid-12345,com.zhiliaoapp.musically,TikTok,10310,9214175,1048526,10262701,MOBILE,0
3522,1778536800000,2026-05-12T06:00:00,mock-device-uuid-12345,com.tencent.ig,PUBG Mobile,10352,22028253,4135107,26163360,MOBILE,0
3523,1778540400000,2026-05-12T07:00:00,mock-device-uuid-12345,com.spotify.music,Spotify,10299,10672456,801515,11473971,MOBILE,0
3524,1778540400000,2026-05-12T07:00:00,mock-device-uuid-12345,com.tencent.ig,PUBG Mobile,10352,4247478,761449,5008927,MOBILE,0
3525,1778540400000,2026-05-12T07:00:00,mock-device-uuid-12345,com.google.android.youtube,YouTube,10101,50278621,3648470,53927091,MOBILE,0
3526,1778544000000,2026-05-12T08:00:00,mock-device-uuid-12345,com.android.chrome,Chrome,10080,28836724,3622767,32459491,MOBILE,0
3527,1778544000000,2026-05-12T08:00:00,mock-device-uuid-12345,com.instagram.android,Instagram,10246,37476458,3698307,41174765,MOBILE,0
3528,1778547600000,2026-05-12T09:00:00,mock-device-uuid-12345,com.google.android.youtube,YouTube,10101,12572972,2551697,15124669,MOBILE,0
3529,1778547600000,2026-05-12T09:00:00,mock-device-uuid-12345,com.spotify.music,Spotify,10299,4337626,408333,4745959,MOBILE,0
3530,1778547600000,2026-05-12T09:00:00,mock-device-uuid-12345,com.android.chrome,Chrome,10080,2061193,216995,2278188,MOBILE,0
3531,1778547600000,2026-05-12T09:00:00,mock-device-uuid-12345,com.tencent.ig,PUBG Mobile,10352,1403324,114065,1517389,MOBILE,0
3532,1778547600000,2026-05-12T09:00:00,mock-device-uuid-12345,com.facebook.katana,Facebook,10245,1207525,71052,1278577,MOBILE,0
3533,1778551200000,2026-05-12T10:00:00,mock-device-uuid-12345,com.zhiliaoapp.musically,TikTok,10310,9058034,814314,9872348,MOBILE,0
3534,1778551200000,2026-05-12T10:00:00,mock-device-uuid-12345,com.instagram.android,Instagram,10246,12386933,3042345,15429278,MOBILE,0
3535,1778551200000,2026-05-12T10:00:00,mock-device-uuid-12345,com.spotify.music,Spotify,10299,4261406,492994,4754400,MOBILE,0
3536,1778551200000,2026-05-12T10:00:00,mock-device-uuid-12345,com.android.chrome,Chrome,10080,437063,32091,469154,MOBILE,0
3537,1778551200000,2026-05-12T10:00:00,mock-device-uuid-12345,com.google.android.youtube,YouTube,10101,3557519,423208,3980727,MOBILE,0
3538,1778554800000,2026-05-12T11:00:00,mock-device-uuid-12345,com.spotify.music,Spotify,10299,17295784,1608428,18904212,MOBILE,0
3539,1778554800000,2026-05-12T11:00:00,mock-device-uuid-12345,com.google.android.youtube,YouTube,10101,17165599,1195056,18360655,MOBILE,0
3540,1778554800000,2026-05-12T11:00:00,mock-device-uuid-12345,com.zhiliaoapp.musically,TikTok,10310,2640192,173774,2813966,MOBILE,0
3541,1778554800000,2026-05-12T11:00:00,mock-device-uuid-12345,com.tencent.ig,PUBG Mobile,10352,31543481,3384632,34928113,MOBILE,0
3542,1778558400000,2026-05-12T12:00:00,mock-device-uuid-12345,com.facebook.katana,Facebook,10245,19235361,1199323,20434684,MOBILE,0
3543,1778558400000,2026-05-12T12:00:00,mock-device-uuid-12345,com.instagram.android,Instagram,10246,4900020,602835,5502855,MOBILE,0
3544,1778558400000,2026-05-12T12:00:00,mock-device-uuid-12345,com.google.android.youtube,YouTube,10101,21573829,4269112,25842941,MOBILE,0
3545,1778558400000,2026-05-12T12:00:00,mock-device-uuid-12345,com.zhiliaoapp.musically,TikTok,10310,1749699,412054,2161753,MOBILE,0
3546,1778558400000,2026-05-12T12:00:00,mock-device-uuid-12345,com.tencent.ig,PUBG Mobile,10352,9845242,1302564,11147806,MOBILE,0
3547,1778562000000,2026-05-12T13:00:00,mock-device-uuid-12345,com.tencent.ig,PUBG Mobile,10352,40426724,5301925,45728649,MOBILE,0
3548,1778562000000,2026-05-12T13:00:00,mock-device-uuid-12345,com.google.android.youtube,YouTube,10101,1913608,225441,2139049,MOBILE,0
3549,1778562000000,2026-05-12T13:00:00,mock-device-uuid-12345,com.android.chrome,Chrome,10080,32584883,6251231,38836114,MOBILE,0
3550,1778565600000,2026-05-12T14:00:00,mock-device-uuid-12345,com.tencent.ig,PUBG Mobile,10352,26730888,6022792,32753680,MOBILE,0
3551,1778565600000,2026-05-12T14:00:00,mock-device-uuid-12345,com.facebook.katana,Facebook,10245,13597015,1062892,14659907,MOBILE,0
3552,1778565600000,2026-05-12T14:00:00,mock-device-uuid-12345,com.zhiliaoapp.musically,TikTok,10310,3339684,668809,4008493,MOBILE,0
3553,1778565600000,2026-05-12T14:00:00,mock-device-uuid-12345,com.instagram.android,Instagram,10246,3294914,763004,4057918,MOBILE,0
3554,1778565600000,2026-05-12T14:00:00,mock-device-uuid-12345,com.spotify.music,Spotify,10299,3524985,511455,4036440,MOBILE,0
3555,1778569200000,2026-05-12T15:00:00,mock-device-uuid-12345,com.facebook.katana,Facebook,10245,10862968,2492532,13355500,MOBILE,0
3556,1778569200000,2026-05-12T15:00:00,mock-device-uuid-12345,com.android.chrome,Chrome,10080,713592,90737,804329,MOBILE,0
3557,1778569200000,2026-05-12T15:00:00,mock-device-uuid-12345,com.spotify.music,Spotify,10299,5597429,1203146,6800575,MOBILE,0
3558,1778572800000,2026-05-12T16:00:00,mock-device-uuid-12345,com.android.chrome,Chrome,10080,21018934,4622641,25641575,MOBILE,0
3559,1778572800000,2026-05-12T16:00:00,mock-device-uuid-12345,com.tencent.ig,PUBG Mobile,10352,1952421,379693,2332114,MOBILE,0
3560,1778572800000,2026-05-12T16:00:00,mock-device-uuid-12345,com.facebook.katana,Facebook,10245,6013774,845617,6859391,MOBILE,0
3561,1778572800000,2026-05-12T16:00:00,mock-device-uuid-12345,com.spotify.music,Spotify,10299,9102575,1429411,10531986,MOBILE,0
3562,1778576400000,2026-05-12T17:00:00,mock-device-uuid-12345,com.google.android.youtube,YouTube,10101,2594906,321337,2916243,MOBILE,0
3563,1778576400000,2026-05-12T17:00:00,mock-device-uuid-12345,com.facebook.katana,Facebook,10245,28604755,5646092,34250847,MOBILE,0
3564,1778580000000,2026-05-12T18:00:00,mock-device-uuid-12345,com.facebook.katana,Facebook,10245,24101468,2173222,26274690,MOBILE,0
3565,1778580000000,2026-05-12T18:00:00,mock-device-uuid-12345,com.spotify.music,Spotify,10299,92374309,13051483,105425792,MOBILE,0
3566,1778580000000,2026-05-12T18:00:00,mock-device-uuid-12345,com.android.chrome,Chrome,10080,29295900,3669356,32965256,MOBILE,0
3567,1778580000000,2026-05-12T18:00:00,mock-device-uuid-12345,com.instagram.android,Instagram,10246,8637867,542261,9180128,MOBILE,0
3568,1778580000000,2026-05-12T18:00:00,mock-device-uuid-12345,com.tencent.ig,PUBG Mobile,10352,11754442,2701394,14455836,MOBILE,0
3569,1778583600000,2026-05-12T19:00:00,mock-device-uuid-12345,com.android.chrome,Chrome,10080,76172177,16684926,92857103,MOBILE,0
3570,1778583600000,2026-05-12T19:00:00,mock-device-uuid-12345,com.instagram.android,Instagram,10246,44665110,5559651,50224761,MOBILE,0
3571,1778587200000,2026-05-12T20:00:00,mock-device-uuid-12345,com.spotify.music,Spotify,10299,35307716,2531870,37839586,MOBILE,0
3572,1778587200000,2026-05-12T20:00:00,mock-device-uuid-12345,com.zhiliaoapp.musically,TikTok,10310,142791234,16607793,159399027,MOBILE,0
3573,1778590800000,2026-05-12T21:00:00,mock-device-uuid-12345,com.instagram.android,Instagram,10246,12071605,2615409,14687014,MOBILE,0
3574,1778590800000,2026-05-12T21:00:00,mock-device-uuid-12345,com.zhiliaoapp.musically,TikTok,10310,33933032,3231285,37164317,MOBILE,0
3575,1778590800000,2026-05-12T21:00:00,mock-device-uuid-12345,com.tencent.ig,PUBG Mobile,10352,38630468,4602188,43232656,MOBILE,0
3576,1778590800000,2026-05-12T21:00:00,mock-device-uuid-12345,com.spotify.music,Spotify,10299,63287051,13284441,76571492,MOBILE,0
3577,1778590800000,2026-05-12T21:00:00,mock-device-uuid-12345,com.android.chrome,Chrome,10080,33603571,2316214,35919785,MOBILE,0
3578,1778594400000,2026-05-12T22:00:00,mock-device-uuid-12345,com.instagram.android,Instagram,10246,63176678,13053911,76230589,MOBILE,0
3579,1778594400000,2026-05-12T22:00:00,mock-device-uuid-12345,com.spotify.music,Spotify,10299,4001024,533750,4534774,MOBILE,0
3580,1778594400000,2026-05-12T22:00:00,mock-device-uuid-12345,com.zhiliaoapp.musically,TikTok,10310,28255242,3459302,31714544,MOBILE,0
3581,1778598000000,2026-05-12T23:00:00,mock-device-uuid-12345,com.spotify.music,Spotify,10299,17412779,1437781,18850560,MOBILE,0
3582,1778598000000,2026-05-12T23:00:00,mock-device-uuid-12345,com.google.android.youtube,YouTube,10101,19269822,4218488,23488310,MOBILE,0
3583,1778598000000,2026-05-12T23:00:00,mock-device-uuid-12345,com.instagram.android,Instagram,10246,17567303,2314009,19881312,MOBILE,0
3584,1778598000000,2026-05-12T23:00:00,mock-device-uuid-12345,com.zhiliaoapp.musically,TikTok,10310,9287050,2252801,11539851,MOBILE,0
3585,1778598000000,2026-05-12T23:00:00,mock-device-uuid-12345,com.android.chrome,Chrome,10080,4654058,311001,4965059,MOBILE,0
3586,1778601600000,2026-05-13T00:00:00,mock-device-uuid-12345,com.tencent.ig,PUBG Mobile,10352,0,0,0,MOBILE,0
3587,1778601600000,2026-05-13T00:00:00,mock-device-uuid-12345,com.zhiliaoapp.musically,TikTok,10310,0,0,0,MOBILE,0
3588,1778601600000,2026-05-13T00:00:00,mock-device-uuid-12345,com.instagram.android,Instagram,10246,0,0,0,MOBILE,0
3589,1778601600000,2026-05-13T00:00:00,mock-device-uuid-12345,com.google.android.youtube,YouTube,10101,0,0,0,MOBILE,0
3590,1778605200000,2026-05-13T01:00:00,mock-device-uuid-12345,com.android.chrome,Chrome,10080,0,0,0,MOBILE,0
3591,1778605200000,2026-05-13T01:00:00,mock-device-uuid-12345,com.spotify.music,Spotify,10299,0,0,0,MOBILE,0
3592,1778605200000,2026-05-13T01:00:00,mock-device-uuid-12345,com.tencent.ig,PUBG Mobile,10352,0,0,0,MOBILE,0
3593,1778608800000,2026-05-13T02:00:00,mock-device-uuid-12345,com.instagram.android,Instagram,10246,3063426,261607,3325033,MOBILE,0
3594,1778608800000,2026-05-13T02:00:00,mock-device-uuid-12345,com.spotify.music,Spotify,10299,5015220,870376,5885596,MOBILE,0
3595,1778608800000,2026-05-13T02:00:00,mock-device-uuid-12345,com.facebook.katana,Facebook,10245,1519889,126211,1646100,MOBILE,0
3596,1778608800000,2026-05-13T02:00:00,mock-device-uuid-12345,com.tencent.ig,PUBG Mobile,10352,2147702,166758,2314460,MOBILE,0
3597,1778608800000,2026-05-13T02:00:00,mock-device-uuid-12345,com.android.chrome,Chrome,10080,12941665,1517646,14459311,MOBILE,0
3598,1778612400000,2026-05-13T03:00:00,mock-device-uuid-12345,com.facebook.katana,Facebook,10245,0,0,0,MOBILE,0
3599,1778612400000,2026-05-13T03:00:00,mock-device-uuid-12345,com.spotify.music,Spotify,10299,0,0,0,MOBILE,0
3600,1778612400000,2026-05-13T03:00:00,mock-device-uuid-12345,com.google.android.youtube,YouTube,10101,0,0,0,MOBILE,0
3601,1778612400000,2026-05-13T03:00:00,mock-device-uuid-12345,com.zhiliaoapp.musically,TikTok,10310,0,0,0,MOBILE,0
3602,1778612400000,2026-05-13T03:00:00,mock-device-uuid-12345,com.android.chrome,Chrome,10080,0,0,0,MOBILE,0
3603,1778616000000,2026-05-13T04:00:00,mock-device-uuid-12345,com.android.chrome,Chrome,10080,2276486,368306,2644792,MOBILE,0
3604,1778616000000,2026-05-13T04:00:00,mock-device-uuid-12345,com.zhiliaoapp.musically,TikTok,10310,4334509,390813,4725322,MOBILE,0
3605,1778616000000,2026-05-13T04:00:00,mock-device-uuid-12345,com.instagram.android,Instagram,10246,364180,31468,395648,MOBILE,0
3606,1778616000000,2026-05-13T04:00:00,mock-device-uuid-12345,com.tencent.ig,PUBG Mobile,10352,646148,89232,735380,MOBILE,0
3607,1778616000000,2026-05-13T04:00:00,mock-device-uuid-12345,com.spotify.music,Spotify,10299,1555541,134950,1690491,MOBILE,0
3608,1778619600000,2026-05-13T05:00:00,mock-device-uuid-12345,com.google.android.youtube,YouTube,10101,14146651,1075041,15221692,MOBILE,0
3609,1778619600000,2026-05-13T05:00:00,mock-device-uuid-12345,com.zhiliaoapp.musically,TikTok,10310,7037981,1233357,8271338,MOBILE,0
3610,1778623200000,2026-05-13T06:00:00,mock-device-uuid-12345,com.zhiliaoapp.musically,TikTok,10310,31484582,4667966,36152548,MOBILE,0
3611,1778623200000,2026-05-13T06:00:00,mock-device-uuid-12345,com.facebook.katana,Facebook,10245,14382828,2758708,17141536,MOBILE,0
3612,1778626800000,2026-05-13T07:00:00,mock-device-uuid-12345,com.spotify.music,Spotify,10299,9041343,1812619,10853962,MOBILE,0
3613,1778626800000,2026-05-13T07:00:00,mock-device-uuid-12345,com.tencent.ig,PUBG Mobile,10352,26046041,4611442,30657483,MOBILE,0
3614,1778630400000,2026-05-13T08:00:00,mock-device-uuid-12345,com.facebook.katana,Facebook,10245,18871617,3739517,22611134,MOBILE,0
3615,1778630400000,2026-05-13T08:00:00,mock-device-uuid-12345,com.zhiliaoapp.musically,TikTok,10310,10042941,1103695,11146636,MOBILE,0
3616,1778630400000,2026-05-13T08:00:00,mock-device-uuid-12345,com.tencent.ig,PUBG Mobile,10352,3127970,483935,3611905,MOBILE,0
3617,1778630400000,2026-05-13T08:00:00,mock-device-uuid-12345,com.spotify.music,Spotify,10299,1630421,179603,1810024,MOBILE,0
3618,1778630400000,2026-05-13T08:00:00,mock-device-uuid-12345,com.google.android.youtube,YouTube,10101,731697,148503,880200,MOBILE,0
3619,1778634000000,2026-05-13T09:00:00,mock-device-uuid-12345,com.tencent.ig,PUBG Mobile,10352,18884966,2340350,21225316,MOBILE,0
3620,1778634000000,2026-05-13T09:00:00,mock-device-uuid-12345,com.facebook.katana,Facebook,10245,24315029,2899150,27214179,MOBILE,0
3621,1778634000000,2026-05-13T09:00:00,mock-device-uuid-12345,com.android.chrome,Chrome,10080,3671909,217648,3889557,MOBILE,0
3622,1778634000000,2026-05-13T09:00:00,mock-device-uuid-12345,com.google.android.youtube,YouTube,10101,15590737,1784928,17375665,MOBILE,0
3623,1778637600000,2026-05-13T10:00:00,mock-device-uuid-12345,com.tencent.ig,PUBG Mobile,10352,24807891,3913805,28721696,MOBILE,0
3624,1778637600000,2026-05-13T10:00:00,mock-device-uuid-12345,com.facebook.katana,Facebook,10245,5997320,579581,6576901,MOBILE,0
3625,1778637600000,2026-05-13T10:00:00,mock-device-uuid-12345,com.android.chrome,Chrome,10080,46419247,3210938,49630185,MOBILE,0
3626,1778641200000,2026-05-13T11:00:00,mock-device-uuid-12345,com.tencent.ig,PUBG Mobile,10352,8522738,1006885,9529623,MOBILE,0
3627,1778641200000,2026-05-13T11:00:00,mock-device-uuid-12345,com.zhiliaoapp.musically,TikTok,10310,2028558,345529,2374087,MOBILE,0
3628,1778641200000,2026-05-13T11:00:00,mock-device-uuid-12345,com.instagram.android,Instagram,10246,12331723,3053128,15384851,MOBILE,0
3629,1778641200000,2026-05-13T11:00:00,mock-device-uuid-12345,com.google.android.youtube,YouTube,10101,6966531,1299706,8266237,MOBILE,0
3630,1778644800000,2026-05-13T12:00:00,mock-device-uuid-12345,com.google.android.youtube,YouTube,10101,8257186,526726,8783912,MOBILE,0
3631,1778644800000,2026-05-13T12:00:00,mock-device-uuid-12345,com.spotify.music,Spotify,10299,14489803,1463356,15953159,MOBILE,0
3632,1778644800000,2026-05-13T12:00:00,mock-device-uuid-12345,com.instagram.android,Instagram,10246,8932597,692376,9624973,MOBILE,0
3633,1778648400000,2026-05-13T13:00:00,mock-device-uuid-12345,com.spotify.music,Spotify,10299,44489053,6021701,50510754,MOBILE,0
3634,1778648400000,2026-05-13T13:00:00,mock-device-uuid-12345,com.google.android.youtube,YouTube,10101,2274317,130703,2405020,MOBILE,0
3635,1778648400000,2026-05-13T13:00:00,mock-device-uuid-12345,com.instagram.android,Instagram,10246,6454689,406215,6860904,MOBILE,0
3636,1778648400000,2026-05-13T13:00:00,mock-device-uuid-12345,com.facebook.katana,Facebook,10245,6569594,634429,7204023,MOBILE,0
3637,1778648400000,2026-05-13T13:00:00,mock-device-uuid-12345,com.tencent.ig,PUBG Mobile,10352,5386982,826484,6213466,MOBILE,0
3638,1778652000000,2026-05-13T14:00:00,mock-device-uuid-12345,com.spotify.music,Spotify,10299,12656049,905429,13561478,MOBILE,0
3639,1778652000000,2026-05-13T14:00:00,mock-device-uuid-12345,com.facebook.katana,Facebook,10245,14326263,1993895,16320158,MOBILE,0
3640,1778652000000,2026-05-13T14:00:00,mock-device-uuid-12345,com.instagram.android,Instagram,10246,17718132,978095,18696227,MOBILE,0
3641,1778652000000,2026-05-13T14:00:00,mock-device-uuid-12345,com.android.chrome,Chrome,10080,1449287,133243,1582530,MOBILE,0
3642,1778652000000,2026-05-13T14:00:00,mock-device-uuid-12345,com.tencent.ig,PUBG Mobile,10352,6209359,1254110,7463469,MOBILE,0
3643,1778655600000,2026-05-13T15:00:00,mock-device-uuid-12345,com.zhiliaoapp.musically,TikTok,10310,22579421,2398496,24977917,MOBILE,0
3644,1778655600000,2026-05-13T15:00:00,mock-device-uuid-12345,com.android.chrome,Chrome,10080,13198971,1585389,14784360,MOBILE,0
3645,1778655600000,2026-05-13T15:00:00,mock-device-uuid-12345,com.tencent.ig,PUBG Mobile,10352,4581749,904324,5486073,MOBILE,0
3646,1778655600000,2026-05-13T15:00:00,mock-device-uuid-12345,com.instagram.android,Instagram,10246,3074473,381532,3456005,MOBILE,0
3647,1778655600000,2026-05-13T15:00:00,mock-device-uuid-12345,com.google.android.youtube,YouTube,10101,6554467,883194,7437661,MOBILE,0
3648,1778659200000,2026-05-13T16:00:00,mock-device-uuid-12345,com.zhiliaoapp.musically,TikTok,10310,14276124,3401342,17677466,MOBILE,0
3649,1778659200000,2026-05-13T16:00:00,mock-device-uuid-12345,com.tencent.ig,PUBG Mobile,10352,25814444,2451948,28266392,MOBILE,0
3650,1778659200000,2026-05-13T16:00:00,mock-device-uuid-12345,com.facebook.katana,Facebook,10245,9918940,1721379,11640319,MOBILE,0
3651,1778659200000,2026-05-13T16:00:00,mock-device-uuid-12345,com.instagram.android,Instagram,10246,9397891,904943,10302834,MOBILE,0
3652,1778662800000,2026-05-13T17:00:00,mock-device-uuid-12345,com.tencent.ig,PUBG Mobile,10352,9681254,665477,10346731,MOBILE,0
3653,1778662800000,2026-05-13T17:00:00,mock-device-uuid-12345,com.instagram.android,Instagram,10246,45565575,6813405,52378980,MOBILE,0
3654,1778666400000,2026-05-13T18:00:00,mock-device-uuid-12345,com.instagram.android,Instagram,10246,104580970,9220087,113801057,MOBILE,0
3655,1778666400000,2026-05-13T18:00:00,mock-device-uuid-12345,com.google.android.youtube,YouTube,10101,40478893,3920775,44399668,MOBILE,0
3656,1778666400000,2026-05-13T18:00:00,mock-device-uuid-12345,com.android.chrome,Chrome,10080,7672993,622936,8295929,MOBILE,0
3657,1778666400000,2026-05-13T18:00:00,mock-device-uuid-12345,com.facebook.katana,Facebook,10245,1928638,135857,2064495,MOBILE,0
3658,1778666400000,2026-05-13T18:00:00,mock-device-uuid-12345,com.tencent.ig,PUBG Mobile,10352,7820108,892152,8712260,MOBILE,0
3659,1778670000000,2026-05-13T19:00:00,mock-device-uuid-12345,com.spotify.music,Spotify,10299,21880406,5402213,27282619,MOBILE,0
3660,1778670000000,2026-05-13T19:00:00,mock-device-uuid-12345,com.instagram.android,Instagram,10246,55670067,13697851,69367918,MOBILE,0
3661,1778670000000,2026-05-13T19:00:00,mock-device-uuid-12345,com.zhiliaoapp.musically,TikTok,10310,74084111,10440618,84524729,MOBILE,0
3662,1778673600000,2026-05-13T20:00:00,mock-device-uuid-12345,com.instagram.android,Instagram,10246,66672938,7774770,74447708,MOBILE,0
3663,1778673600000,2026-05-13T20:00:00,mock-device-uuid-12345,com.zhiliaoapp.musically,TikTok,10310,51577130,4696299,56273429,MOBILE,0
3664,1778673600000,2026-05-13T20:00:00,mock-device-uuid-12345,com.google.android.youtube,YouTube,10101,69500194,11516360,81016554,MOBILE,0
3665,1778677200000,2026-05-13T21:00:00,mock-device-uuid-12345,com.tencent.ig,PUBG Mobile,10352,24162547,5567447,29729994,MOBILE,0
3666,1778677200000,2026-05-13T21:00:00,mock-device-uuid-12345,com.zhiliaoapp.musically,TikTok,10310,178459120,11118982,189578102,MOBILE,0
3667,1778680800000,2026-05-13T22:00:00,mock-device-uuid-12345,com.tencent.ig,PUBG Mobile,10352,89463251,12959096,102422347,MOBILE,0
3668,1778680800000,2026-05-13T22:00:00,mock-device-uuid-12345,com.zhiliaoapp.musically,TikTok,10310,37853365,3135481,40988846,MOBILE,0
3669,1778680800000,2026-05-13T22:00:00,mock-device-uuid-12345,com.android.chrome,Chrome,10080,1189903,287639,1477542,MOBILE,0
3670,1778680800000,2026-05-13T22:00:00,mock-device-uuid-12345,com.instagram.android,Instagram,10246,19425928,1581172,21007100,MOBILE,0
3671,1778684400000,2026-05-13T23:00:00,mock-device-uuid-12345,com.zhiliaoapp.musically,TikTok,10310,19604552,1316290,20920842,MOBILE,0
3672,1778684400000,2026-05-13T23:00:00,mock-device-uuid-12345,com.instagram.android,Instagram,10246,15345485,3258457,18603942,MOBILE,0
3673,1778684400000,2026-05-13T23:00:00,mock-device-uuid-12345,com.android.chrome,Chrome,10080,41523506,9949231,51472737,MOBILE,0
3674,1778688000000,2026-05-14T00:00:00,mock-device-uuid-12345,com.zhiliaoapp.musically,TikTok,10310,1730471,337920,2068391,MOBILE,0
3675,1778688000000,2026-05-14T00:00:00,mock-device-uuid-12345,com.spotify.music,Spotify,10299,3121821,457837,3579658,MOBILE,0
3676,1778691600000,2026-05-14T01:00:00,mock-device-uuid-12345,com.android.chrome,Chrome,10080,0,0,0,MOBILE,0
3677,1778691600000,2026-05-14T01:00:00,mock-device-uuid-12345,com.google.android.youtube,YouTube,10101,0,0,0,MOBILE,0
3678,1778691600000,2026-05-14T01:00:00,mock-device-uuid-12345,com.tencent.ig,PUBG Mobile,10352,0,0,0,MOBILE,0
3679,1778691600000,2026-05-14T01:00:00,mock-device-uuid-12345,com.facebook.katana,Facebook,10245,0,0,0,MOBILE,0
3680,1778691600000,2026-05-14T01:00:00,mock-device-uuid-12345,com.instagram.android,Instagram,10246,0,0,0,MOBILE,0
3681,1778695200000,2026-05-14T02:00:00,mock-device-uuid-12345,com.instagram.android,Instagram,10246,1870049,215624,2085673,MOBILE,0
3682,1778695200000,2026-05-14T02:00:00,mock-device-uuid-12345,com.android.chrome,Chrome,10080,3018803,187162,3205965,MOBILE,0
3683,1778698800000,2026-05-14T03:00:00,mock-device-uuid-12345,com.google.android.youtube,YouTube,10101,3328449,425764,3754213,MOBILE,0
3684,1778698800000,2026-05-14T03:00:00,mock-device-uuid-12345,com.facebook.katana,Facebook,10245,1801321,385768,2187089,MOBILE,0
3685,1778698800000,2026-05-14T03:00:00,mock-device-uuid-12345,com.android.chrome,Chrome,10080,426412,61295,487707,MOBILE,0
3686,1778698800000,2026-05-14T03:00:00,mock-device-uuid-12345,com.spotify.music,Spotify,10299,690919,109478,800397,MOBILE,0
3687,1778702400000,2026-05-14T04:00:00,mock-device-uuid-12345,com.spotify.music,Spotify,10299,4350615,335220,4685835,MOBILE,0
3688,1778702400000,2026-05-14T04:00:00,mock-device-uuid-12345,com.instagram.android,Instagram,10246,4719498,938058,5657556,MOBILE,0
3689,1778702400000,2026-05-14T04:00:00,mock-device-uuid-12345,com.facebook.katana,Facebook,10245,714985,90666,805651,MOBILE,0
3690,1778702400000,2026-05-14T04:00:00,mock-device-uuid-12345,com.tencent.ig,PUBG Mobile,10352,7906394,1697349,9603743,MOBILE,0
3691,1778706000000,2026-05-14T05:00:00,mock-device-uuid-12345,com.zhiliaoapp.musically,TikTok,10310,0,0,0,MOBILE,0
3692,1778706000000,2026-05-14T05:00:00,mock-device-uuid-12345,com.android.chrome,Chrome,10080,0,0,0,MOBILE,0
3693,1778706000000,2026-05-14T05:00:00,mock-device-uuid-12345,com.facebook.katana,Facebook,10245,0,0,0,MOBILE,0
3694,1778706000000,2026-05-14T05:00:00,mock-device-uuid-12345,com.tencent.ig,PUBG Mobile,10352,0,0,0,MOBILE,0
3695,1778709600000,2026-05-14T06:00:00,mock-device-uuid-12345,com.google.android.youtube,YouTube,10101,10566416,2034891,12601307,MOBILE,0
3696,1778709600000,2026-05-14T06:00:00,mock-device-uuid-12345,com.android.chrome,Chrome,10080,23907512,3935595,27843107,MOBILE,0
3697,1778713200000,2026-05-14T07:00:00,mock-device-uuid-12345,com.spotify.music,Spotify,10299,20106062,2284930,22390992,MOBILE,0
3698,1778713200000,2026-05-14T07:00:00,mock-device-uuid-12345,com.tencent.ig,PUBG Mobile,10352,3687989,472172,4160161,MOBILE,0
3699,1778713200000,2026-05-14T07:00:00,mock-device-uuid-12345,com.instagram.android,Instagram,10246,1570365,304523,1874888,MOBILE,0
3700,1778713200000,2026-05-14T07:00:00,mock-device-uuid-12345,com.zhiliaoapp.musically,TikTok,10310,5825407,607621,6433028,MOBILE,0
3701,1778716800000,2026-05-14T08:00:00,mock-device-uuid-12345,com.android.chrome,Chrome,10080,7403013,1545272,8948285,MOBILE,0
3702,1778716800000,2026-05-14T08:00:00,mock-device-uuid-12345,com.tencent.ig,PUBG Mobile,10352,21172105,3051897,24224002,MOBILE,0
3703,1778716800000,2026-05-14T08:00:00,mock-device-uuid-12345,com.facebook.katana,Facebook,10245,4769496,702346,5471842,MOBILE,0
3704,1778716800000,2026-05-14T08:00:00,mock-device-uuid-12345,com.google.android.youtube,YouTube,10101,4079217,441129,4520346,MOBILE,0
3705,1778716800000,2026-05-14T08:00:00,mock-device-uuid-12345,com.instagram.android,Instagram,10246,14425592,1271744,15697336,MOBILE,0
3706,1778720400000,2026-05-14T09:00:00,mock-device-uuid-12345,com.zhiliaoapp.musically,TikTok,10310,4951047,1101671,6052718,MOBILE,0
3707,1778720400000,2026-05-14T09:00:00,mock-device-uuid-12345,com.google.android.youtube,YouTube,10101,13606112,1547214,15153326,MOBILE,0
3708,1778720400000,2026-05-14T09:00:00,mock-device-uuid-12345,com.facebook.katana,Facebook,10245,14395163,920903,15316066,MOBILE,0
3709,1778724000000,2026-05-14T10:00:00,mock-device-uuid-12345,com.tencent.ig,PUBG Mobile,10352,4510985,767731,5278716,MOBILE,0
3710,1778724000000,2026-05-14T10:00:00,mock-device-uuid-12345,com.facebook.katana,Facebook,10245,32507025,4459118,36966143,MOBILE,0
3711,1778724000000,2026-05-14T10:00:00,mock-device-uuid-12345,com.google.android.youtube,YouTube,10101,7143968,406479,7550447,MOBILE,0
3712,1778724000000,2026-05-14T10:00:00,mock-device-uuid-12345,com.zhiliaoapp.musically,TikTok,10310,14888724,1752905,16641629,MOBILE,0
3713,1778727600000,2026-05-14T11:00:00,mock-device-uuid-12345,com.android.chrome,Chrome,10080,44652346,3088653,47740999,MOBILE,0
3714,1778727600000,2026-05-14T11:00:00,mock-device-uuid-12345,com.instagram.android,Instagram,10246,9184117,523763,9707880,MOBILE,0
3715,1778727600000,2026-05-14T11:00:00,mock-device-uuid-12345,com.zhiliaoapp.musically,TikTok,10310,1783665,153126,1936791,MOBILE,0
3716,1778727600000,2026-05-14T11:00:00,mock-device-uuid-12345,com.facebook.katana,Facebook,10245,16946425,1422644,18369069,MOBILE,0
3717,1778731200000,2026-05-14T12:00:00,mock-device-uuid-12345,com.tencent.ig,PUBG Mobile,10352,4637599,942002,5579601,MOBILE,0
3718,1778731200000,2026-05-14T12:00:00,mock-device-uuid-12345,com.spotify.music,Spotify,10299,14522510,2147284,16669794,MOBILE,0
3719,1778731200000,2026-05-14T12:00:00,mock-device-uuid-12345,com.google.android.youtube,YouTube,10101,16272586,2482162,18754748,MOBILE,0
3720,1778734800000,2026-05-14T13:00:00,mock-device-uuid-12345,com.spotify.music,Spotify,10299,17979796,1928979,19908775,MOBILE,0
3721,1778734800000,2026-05-14T13:00:00,mock-device-uuid-12345,com.zhiliaoapp.musically,TikTok,10310,501167,49157,550324,MOBILE,0
3722,1778734800000,2026-05-14T13:00:00,mock-device-uuid-12345,com.google.android.youtube,YouTube,10101,8073985,529037,8603022,MOBILE,0
3723,1778738400000,2026-05-14T14:00:00,mock-device-uuid-12345,com.android.chrome,Chrome,10080,21047668,3270216,24317884,MOBILE,0
3724,1778738400000,2026-05-14T14:00:00,mock-device-uuid-12345,com.spotify.music,Spotify,10299,29322189,6368463,35690652,MOBILE,0
3725,1778742000000,2026-05-14T15:00:00,mock-device-uuid-12345,com.android.chrome,Chrome,10080,26019759,5631448,31651207,MOBILE,0
3726,1778742000000,2026-05-14T15:00:00,mock-device-uuid-12345,com.tencent.ig,PUBG Mobile,10352,38818506,3120084,41938590,MOBILE,0
3727,1778745600000,2026-05-14T16:00:00,mock-device-uuid-12345,com.google.android.youtube,YouTube,10101,29520913,4403702,33924615,MOBILE,0
3728,1778745600000,2026-05-14T16:00:00,mock-device-uuid-12345,com.tencent.ig,PUBG Mobile,10352,4605363,781645,5387008,MOBILE,0
3729,1778745600000,2026-05-14T16:00:00,mock-device-uuid-12345,com.zhiliaoapp.musically,TikTok,10310,2608563,138201,2746764,MOBILE,0
3730,1778745600000,2026-05-14T16:00:00,mock-device-uuid-12345,com.spotify.music,Spotify,10299,18404710,982930,19387640,MOBILE,0
3731,1778749200000,2026-05-14T17:00:00,mock-device-uuid-12345,com.tencent.ig,PUBG Mobile,10352,9123031,579770,9702801,MOBILE,0
3732,1778749200000,2026-05-14T17:00:00,mock-device-uuid-12345,com.facebook.katana,Facebook,10245,26169547,5520124,31689671,MOBILE,0
3733,1778749200000,2026-05-14T17:00:00,mock-device-uuid-12345,com.google.android.youtube,YouTube,10101,12897020,1536527,14433547,MOBILE,0
3734,1778749200000,2026-05-14T17:00:00,mock-device-uuid-12345,com.android.chrome,Chrome,10080,16267595,2579047,18846642,MOBILE,0
3735,1778752800000,2026-05-14T18:00:00,mock-device-uuid-12345,com.zhiliaoapp.musically,TikTok,10310,110077978,6388568,116466546,MOBILE,0
3736,1778752800000,2026-05-14T18:00:00,mock-device-uuid-12345,com.facebook.katana,Facebook,10245,16233269,913707,17146976,MOBILE,0
3737,1778752800000,2026-05-14T18:00:00,mock-device-uuid-12345,com.android.chrome,Chrome,10080,17037048,1023265,18060313,MOBILE,0
3738,1778752800000,2026-05-14T18:00:00,mock-device-uuid-12345,com.instagram.android,Instagram,10246,43367988,3305658,46673646,MOBILE,0
3739,1778756400000,2026-05-14T19:00:00,mock-device-uuid-12345,com.instagram.android,Instagram,10246,72247928,15192078,87440006,MOBILE,0
3740,1778756400000,2026-05-14T19:00:00,mock-device-uuid-12345,com.zhiliaoapp.musically,TikTok,10310,122312530,16119227,138431757,MOBILE,0
3741,1778760000000,2026-05-14T20:00:00,mock-device-uuid-12345,com.spotify.music,Spotify,10299,33701227,7235434,40936661,MOBILE,0
3742,1778760000000,2026-05-14T20:00:00,mock-device-uuid-12345,com.zhiliaoapp.musically,TikTok,10310,24235593,4564058,28799651,MOBILE,0
3743,1778760000000,2026-05-14T20:00:00,mock-device-uuid-12345,com.android.chrome,Chrome,10080,33537854,5786825,39324679,MOBILE,0
3744,1778760000000,2026-05-14T20:00:00,mock-device-uuid-12345,com.google.android.youtube,YouTube,10101,65098525,3551570,68650095,MOBILE,0
3745,1778763600000,2026-05-14T21:00:00,mock-device-uuid-12345,com.facebook.katana,Facebook,10245,108475753,16291415,124767168,MOBILE,0
3746,1778763600000,2026-05-14T21:00:00,mock-device-uuid-12345,com.zhiliaoapp.musically,TikTok,10310,7232971,1028253,8261224,MOBILE,0
3747,1778763600000,2026-05-14T21:00:00,mock-device-uuid-12345,com.tencent.ig,PUBG Mobile,10352,48159953,6625141,54785094,MOBILE,0
3748,1778767200000,2026-05-14T22:00:00,mock-device-uuid-12345,com.instagram.android,Instagram,10246,62772629,3325808,66098437,MOBILE,0
3749,1778767200000,2026-05-14T22:00:00,mock-device-uuid-12345,com.facebook.katana,Facebook,10245,28196073,3517918,31713991,MOBILE,0
3750,1778767200000,2026-05-14T22:00:00,mock-device-uuid-12345,com.zhiliaoapp.musically,TikTok,10310,94362240,11808909,106171149,MOBILE,0
3751,1778770800000,2026-05-14T23:00:00,mock-device-uuid-12345,com.facebook.katana,Facebook,10245,32562923,2591913,35154836,MOBILE,0
3752,1778770800000,2026-05-14T23:00:00,mock-device-uuid-12345,com.instagram.android,Instagram,10246,15059090,1694465,16753555,MOBILE,0
3753,1778774400000,2026-05-15T00:00:00,mock-device-uuid-12345,com.facebook.katana,Facebook,10245,604040,42526,646566,MOBILE,0
3754,1778774400000,2026-05-15T00:00:00,mock-device-uuid-12345,com.instagram.android,Instagram,10246,844801,175829,1020630,MOBILE,0
3755,1778774400000,2026-05-15T00:00:00,mock-device-uuid-12345,com.tencent.ig,PUBG Mobile,10352,70509,9312,79821,MOBILE,0
3756,1778774400000,2026-05-15T00:00:00,mock-device-uuid-12345,com.zhiliaoapp.musically,TikTok,10310,591902,62842,654744,MOBILE,0
3757,1778778000000,2026-05-15T01:00:00,mock-device-uuid-12345,com.android.chrome,Chrome,10080,0,0,0,MOBILE,0
3758,1778778000000,2026-05-15T01:00:00,mock-device-uuid-12345,com.spotify.music,Spotify,10299,0,0,0,MOBILE,0
3759,1778778000000,2026-05-15T01:00:00,mock-device-uuid-12345,com.tencent.ig,PUBG Mobile,10352,0,0,0,MOBILE,0
3760,1778778000000,2026-05-15T01:00:00,mock-device-uuid-12345,com.google.android.youtube,YouTube,10101,0,0,0,MOBILE,0
3761,1778781600000,2026-05-15T02:00:00,mock-device-uuid-12345,com.android.chrome,Chrome,10080,4711198,382963,5094161,MOBILE,0
3762,1778781600000,2026-05-15T02:00:00,mock-device-uuid-12345,com.facebook.katana,Facebook,10245,1922825,170195,2093020,MOBILE,0
3763,1778781600000,2026-05-15T02:00:00,mock-device-uuid-12345,com.spotify.music,Spotify,10299,526338,97924,624262,MOBILE,0
3764,1778781600000,2026-05-15T02:00:00,mock-device-uuid-12345,com.zhiliaoapp.musically,TikTok,10310,809285,169506,978791,MOBILE,0
3765,1778781600000,2026-05-15T02:00:00,mock-device-uuid-12345,com.tencent.ig,PUBG Mobile,10352,1525937,191082,1717019,MOBILE,0
3766,1778785200000,2026-05-15T03:00:00,mock-device-uuid-12345,com.tencent.ig,PUBG Mobile,10352,226145,31319,257464,MOBILE,0
3767,1778785200000,2026-05-15T03:00:00,mock-device-uuid-12345,com.google.android.youtube,YouTube,10101,505748,83436,589184,MOBILE,0
3768,1778785200000,2026-05-15T03:00:00,mock-device-uuid-12345,com.facebook.katana,Facebook,10245,2905116,621111,3526227,MOBILE,0
3769,1778788800000,2026-05-15T04:00:00,mock-device-uuid-12345,com.google.android.youtube,YouTube,10101,134586,7170,141756,MOBILE,0
3770,1778788800000,2026-05-15T04:00:00,mock-device-uuid-12345,com.spotify.music,Spotify,10299,108173,24902,133075,MOBILE,0
3771,1778792400000,2026-05-15T05:00:00,mock-device-uuid-12345,com.instagram.android,Instagram,10246,5636601,1149472,6786073,MOBILE,0
3772,1778792400000,2026-05-15T05:00:00,mock-device-uuid-12345,com.android.chrome,Chrome,10080,3256867,391339,3648206,MOBILE,0
3773,1778792400000,2026-05-15T05:00:00,mock-device-uuid-12345,com.spotify.music,Spotify,10299,358649,55375,414024,MOBILE,0
3774,1778792400000,2026-05-15T05:00:00,mock-device-uuid-12345,com.facebook.katana,Facebook,10245,3461887,454388,3916275,MOBILE,0
3775,1778796000000,2026-05-15T06:00:00,mock-device-uuid-12345,com.google.android.youtube,YouTube,10101,14666322,3562421,18228743,MOBILE,0
3776,1778796000000,2026-05-15T06:00:00,mock-device-uuid-12345,com.zhiliaoapp.musically,TikTok,10310,9674981,1979317,11654298,MOBILE,0
3777,1778796000000,2026-05-15T06:00:00,mock-device-uuid-12345,com.android.chrome,Chrome,10080,30432766,4690878,35123644,MOBILE,0
3778,1778796000000,2026-05-15T06:00:00,mock-device-uuid-12345,com.facebook.katana,Facebook,10245,17283421,1624493,18907914,MOBILE,0
3779,1778799600000,2026-05-15T07:00:00,mock-device-uuid-12345,com.facebook.katana,Facebook,10245,20923856,3044259,23968115,MOBILE,0
3780,1778799600000,2026-05-15T07:00:00,mock-device-uuid-12345,com.zhiliaoapp.musically,TikTok,10310,7121745,1574991,8696736,MOBILE,0
3781,1778799600000,2026-05-15T07:00:00,mock-device-uuid-12345,com.tencent.ig,PUBG Mobile,10352,16910176,4062717,20972893,MOBILE,0
3782,1778799600000,2026-05-15T07:00:00,mock-device-uuid-12345,com.android.chrome,Chrome,10080,1043052,129291,1172343,MOBILE,0
3783,1778799600000,2026-05-15T07:00:00,mock-device-uuid-12345,com.spotify.music,Spotify,10299,16818816,1527725,18346541,MOBILE,0
3784,1778803200000,2026-05-15T08:00:00,mock-device-uuid-12345,com.tencent.ig,PUBG Mobile,10352,7248647,997931,8246578,MOBILE,0
3785,1778803200000,2026-05-15T08:00:00,mock-device-uuid-12345,com.zhiliaoapp.musically,TikTok,10310,3532565,416321,3948886,MOBILE,0
3786,1778803200000,2026-05-15T08:00:00,mock-device-uuid-12345,com.facebook.katana,Facebook,10245,784815,55106,839921,MOBILE,0
3787,1778803200000,2026-05-15T08:00:00,mock-device-uuid-12345,com.android.chrome,Chrome,10080,6808003,871124,7679127,MOBILE,0
3788,1778806800000,2026-05-15T09:00:00,mock-device-uuid-12345,com.facebook.katana,Facebook,10245,20226194,4107580,24333774,MOBILE,0
3789,1778806800000,2026-05-15T09:00:00,mock-device-uuid-12345,com.tencent.ig,PUBG Mobile,10352,23103509,4922614,28026123,MOBILE,0
3790,1778806800000,2026-05-15T09:00:00,mock-device-uuid-12345,com.zhiliaoapp.musically,TikTok,10310,7081641,1729888,8811529,MOBILE,0
3791,1778806800000,2026-05-15T09:00:00,mock-device-uuid-12345,com.spotify.music,Spotify,10299,1202838,174755,1377593,MOBILE,0
3792,1778806800000,2026-05-15T09:00:00,mock-device-uuid-12345,com.instagram.android,Instagram,10246,5898744,581881,6480625,MOBILE,0
3793,1778810400000,2026-05-15T10:00:00,mock-device-uuid-12345,com.instagram.android,Instagram,10246,7788748,1482454,9271202,MOBILE,0
3794,1778810400000,2026-05-15T10:00:00,mock-device-uuid-12345,com.zhiliaoapp.musically,TikTok,10310,3546621,215975,3762596,MOBILE,0
3795,1778810400000,2026-05-15T10:00:00,mock-device-uuid-12345,com.google.android.youtube,YouTube,10101,21034594,3257494,24292088,MOBILE,0
3796,1778810400000,2026-05-15T10:00:00,mock-device-uuid-12345,com.facebook.katana,Facebook,10245,6155943,340462,6496405,MOBILE,0
3797,1778810400000,2026-05-15T10:00:00,mock-device-uuid-12345,com.android.chrome,Chrome,10080,9854660,1667098,11521758,MOBILE,0
3798,1778814000000,2026-05-15T11:00:00,mock-device-uuid-12345,com.spotify.music,Spotify,10299,14201165,1943018,16144183,MOBILE,0
3799,1778814000000,2026-05-15T11:00:00,mock-device-uuid-12345,com.google.android.youtube,YouTube,10101,3245063,806721,4051784,MOBILE,0
3800,1778814000000,2026-05-15T11:00:00,mock-device-uuid-12345,com.instagram.android,Instagram,10246,16301569,1259977,17561546,MOBILE,0
3801,1778814000000,2026-05-15T11:00:00,mock-device-uuid-12345,com.tencent.ig,PUBG Mobile,10352,23466305,2710375,26176680,MOBILE,0
3802,1778817600000,2026-05-15T12:00:00,mock-device-uuid-12345,com.android.chrome,Chrome,10080,27253003,6221851,33474854,MOBILE,0
3803,1778817600000,2026-05-15T12:00:00,mock-device-uuid-12345,com.spotify.music,Spotify,10299,15143168,3659934,18803102,MOBILE,0
3804,1778817600000,2026-05-15T12:00:00,mock-device-uuid-12345,com.zhiliaoapp.musically,TikTok,10310,869273,100628,969901,MOBILE,0
3805,1778817600000,2026-05-15T12:00:00,mock-device-uuid-12345,com.facebook.katana,Facebook,10245,5432314,739095,6171409,MOBILE,0
3806,1778817600000,2026-05-15T12:00:00,mock-device-uuid-12345,com.google.android.youtube,YouTube,10101,3410872,223252,3634124,MOBILE,0
3807,1778821200000,2026-05-15T13:00:00,mock-device-uuid-12345,com.zhiliaoapp.musically,TikTok,10310,18542805,4195241,22738046,MOBILE,0
3808,1778821200000,2026-05-15T13:00:00,mock-device-uuid-12345,com.tencent.ig,PUBG Mobile,10352,1560422,366874,1927296,MOBILE,0
3809,1778821200000,2026-05-15T13:00:00,mock-device-uuid-12345,com.facebook.katana,Facebook,10245,12492658,2138224,14630882,MOBILE,0
3810,1778824800000,2026-05-15T14:00:00,mock-device-uuid-12345,com.spotify.music,Spotify,10299,6832120,1640336,8472456,MOBILE,0
3811,1778824800000,2026-05-15T14:00:00,mock-device-uuid-12345,com.facebook.katana,Facebook,10245,17071564,2849095,19920659,MOBILE,0
3812,1778824800000,2026-05-15T14:00:00,mock-device-uuid-12345,com.android.chrome,Chrome,10080,23518074,1459755,24977829,MOBILE,0
3813,1778828400000,2026-05-15T15:00:00,mock-device-uuid-12345,com.android.chrome,Chrome,10080,26410282,4760733,31171015,MOBILE,0
3814,1778828400000,2026-05-15T15:00:00,mock-device-uuid-12345,com.tencent.ig,PUBG Mobile,10352,19141893,1717537,20859430,MOBILE,0
3815,1778832000000,2026-05-15T16:00:00,mock-device-uuid-12345,com.spotify.music,Spotify,10299,14149168,1892774,16041942,MOBILE,0
3816,1778832000000,2026-05-15T16:00:00,mock-device-uuid-12345,com.tencent.ig,PUBG Mobile,10352,16368661,2836583,19205244,MOBILE,0
3817,1778832000000,2026-05-15T16:00:00,mock-device-uuid-12345,com.zhiliaoapp.musically,TikTok,10310,3971507,971224,4942731,MOBILE,0
3818,1778832000000,2026-05-15T16:00:00,mock-device-uuid-12345,com.instagram.android,Instagram,10246,11052941,2348456,13401397,MOBILE,0
3819,1778832000000,2026-05-15T16:00:00,mock-device-uuid-12345,com.google.android.youtube,YouTube,10101,4906735,1064211,5970946,MOBILE,0
3820,1778835600000,2026-05-15T17:00:00,mock-device-uuid-12345,com.tencent.ig,PUBG Mobile,10352,16153045,2345215,18498260,MOBILE,0
3821,1778835600000,2026-05-15T17:00:00,mock-device-uuid-12345,com.spotify.music,Spotify,10299,1611072,321855,1932927,MOBILE,0
3822,1778835600000,2026-05-15T17:00:00,mock-device-uuid-12345,com.zhiliaoapp.musically,TikTok,10310,7950390,855913,8806303,MOBILE,0
3823,1778835600000,2026-05-15T17:00:00,mock-device-uuid-12345,com.instagram.android,Instagram,10246,2526986,308865,2835851,MOBILE,0
3824,1778835600000,2026-05-15T17:00:00,mock-device-uuid-12345,com.google.android.youtube,YouTube,10101,12081852,3009647,15091499,MOBILE,0
3825,1778839200000,2026-05-15T18:00:00,mock-device-uuid-12345,com.google.android.youtube,YouTube,10101,34110378,7397416,41507794,MOBILE,0
3826,1778839200000,2026-05-15T18:00:00,mock-device-uuid-12345,com.tencent.ig,PUBG Mobile,10352,23460377,3608444,27068821,MOBILE,0
3827,1778839200000,2026-05-15T18:00:00,mock-device-uuid-12345,com.instagram.android,Instagram,10246,21874052,3583451,25457503,MOBILE,0
3828,1778839200000,2026-05-15T18:00:00,mock-device-uuid-12345,com.zhiliaoapp.musically,TikTok,10310,90380196,4763999,95144195,MOBILE,0
3829,1778842800000,2026-05-15T19:00:00,mock-device-uuid-12345,com.spotify.music,Spotify,10299,22555859,1215476,23771335,MOBILE,0
3830,1778842800000,2026-05-15T19:00:00,mock-device-uuid-12345,com.zhiliaoapp.musically,TikTok,10310,76010279,4985927,80996206,MOBILE,0
3831,1778842800000,2026-05-15T19:00:00,mock-device-uuid-12345,com.instagram.android,Instagram,10246,29505011,3218775,32723786,MOBILE,0
3832,1778842800000,2026-05-15T19:00:00,mock-device-uuid-12345,com.android.chrome,Chrome,10080,26186047,1840127,28026174,MOBILE,0
3833,1778842800000,2026-05-15T19:00:00,mock-device-uuid-12345,com.facebook.katana,Facebook,10245,31583770,6458785,38042555,MOBILE,0
3834,1778846400000,2026-05-15T20:00:00,mock-device-uuid-12345,com.spotify.music,Spotify,10299,104157689,9225255,113382944,MOBILE,0
3835,1778846400000,2026-05-15T20:00:00,mock-device-uuid-12345,com.tencent.ig,PUBG Mobile,10352,90230669,8153964,98384633,MOBILE,0
3836,1778850000000,2026-05-15T21:00:00,mock-device-uuid-12345,com.facebook.katana,Facebook,10245,131193176,21918989,153112165,MOBILE,0
3837,1778850000000,2026-05-15T21:00:00,mock-device-uuid-12345,com.instagram.android,Instagram,10246,58390778,14310414,72701192,MOBILE,0
3838,1778853600000,2026-05-15T22:00:00,mock-device-uuid-12345,com.google.android.youtube,YouTube,10101,52511414,6017129,58528543,MOBILE,0
3839,1778853600000,2026-05-15T22:00:00,mock-device-uuid-12345,com.spotify.music,Spotify,10299,68466567,9593012,78059579,MOBILE,0
3840,1778853600000,2026-05-15T22:00:00,mock-device-uuid-12345,com.tencent.ig,PUBG Mobile,10352,10907765,1544100,12451865,MOBILE,0
3841,1778853600000,2026-05-15T22:00:00,mock-device-uuid-12345,com.instagram.android,Instagram,10246,20434203,2969899,23404102,MOBILE,0
3842,1778857200000,2026-05-15T23:00:00,mock-device-uuid-12345,com.tencent.ig,PUBG Mobile,10352,23902949,4541525,28444474,MOBILE,0
3843,1778857200000,2026-05-15T23:00:00,mock-device-uuid-12345,com.instagram.android,Instagram,10246,3416526,666612,4083138,MOBILE,0
3844,1778857200000,2026-05-15T23:00:00,mock-device-uuid-12345,com.android.chrome,Chrome,10080,17175611,4143774,21319385,MOBILE,0
3845,1778860800000,2026-05-16T00:00:00,mock-device-uuid-12345,com.facebook.katana,Facebook,10245,12586126,2077507,14663633,MOBILE,0
3846,1778860800000,2026-05-16T00:00:00,mock-device-uuid-12345,com.tencent.ig,PUBG Mobile,10352,11919479,2341818,14261297,MOBILE,0
3847,1778860800000,2026-05-16T00:00:00,mock-device-uuid-12345,com.google.android.youtube,YouTube,10101,2590446,327506,2917952,MOBILE,0
3848,1778860800000,2026-05-16T00:00:00,mock-device-uuid-12345,com.zhiliaoapp.musically,TikTok,10310,3121273,643596,3764869,MOBILE,0
3849,1778864400000,2026-05-16T01:00:00,mock-device-uuid-12345,com.android.chrome,Chrome,10080,18792736,3800051,22592787,MOBILE,0
3850,1778864400000,2026-05-16T01:00:00,mock-device-uuid-12345,com.spotify.music,Spotify,10299,3594863,734225,4329088,MOBILE,0
3851,1778864400000,2026-05-16T01:00:00,mock-device-uuid-12345,com.google.android.youtube,YouTube,10101,6848817,474338,7323155,MOBILE,0
3852,1778864400000,2026-05-16T01:00:00,mock-device-uuid-12345,com.instagram.android,Instagram,10246,4437635,234183,4671818,MOBILE,0
3853,1778868000000,2026-05-16T02:00:00,mock-device-uuid-12345,com.google.android.youtube,YouTube,10101,13628625,2651101,16279726,MOBILE,0
3854,1778868000000,2026-05-16T02:00:00,mock-device-uuid-12345,com.spotify.music,Spotify,10299,8119837,1270585,9390422,MOBILE,0
3855,1778868000000,2026-05-16T02:00:00,mock-device-uuid-12345,com.tencent.ig,PUBG Mobile,10352,2879521,238836,3118357,MOBILE,0
3856,1778868000000,2026-05-16T02:00:00,mock-device-uuid-12345,com.zhiliaoapp.musically,TikTok,10310,8750095,2042626,10792721,MOBILE,0
3857,1778871600000,2026-05-16T03:00:00,mock-device-uuid-12345,com.android.chrome,Chrome,10080,27868803,4343222,32212025,MOBILE,0
3858,1778871600000,2026-05-16T03:00:00,mock-device-uuid-12345,com.facebook.katana,Facebook,10245,5367527,394852,5762379,MOBILE,0
3859,1778871600000,2026-05-16T03:00:00,mock-device-uuid-12345,com.spotify.music,Spotify,10299,6856171,1393110,8249281,MOBILE,0
3860,1778871600000,2026-05-16T03:00:00,mock-device-uuid-12345,com.zhiliaoapp.musically,TikTok,10310,8081432,451100,8532532,MOBILE,0
3861,1778875200000,2026-05-16T04:00:00,mock-device-uuid-12345,com.android.chrome,Chrome,10080,6249013,1150114,7399127,MOBILE,0
3862,1778875200000,2026-05-16T04:00:00,mock-device-uuid-12345,com.facebook.katana,Facebook,10245,36707335,3807484,40514819,MOBILE,0
3863,1778878800000,2026-05-16T05:00:00,mock-device-uuid-12345,com.zhiliaoapp.musically,TikTok,10310,27728873,4858837,32587710,MOBILE,0
3864,1778878800000,2026-05-16T05:00:00,mock-device-uuid-12345,com.spotify.music,Spotify,10299,6974812,1263206,8238018,MOBILE,0
3865,1778878800000,2026-05-16T05:00:00,mock-device-uuid-12345,com.google.android.youtube,YouTube,10101,2711869,623188,3335057,MOBILE,0
3866,1778878800000,2026-05-16T05:00:00,mock-device-uuid-12345,com.instagram.android,Instagram,10246,6721739,758269,7480008,MOBILE,0
3867,1778882400000,2026-05-16T06:00:00,mock-device-uuid-12345,com.facebook.katana,Facebook,10245,26195374,1891377,28086751,MOBILE,0
3868,1778882400000,2026-05-16T06:00:00,mock-device-uuid-12345,com.spotify.music,Spotify,10299,4402441,476150,4878591,MOBILE,0
3869,1778882400000,2026-05-16T06:00:00,mock-device-uuid-12345,com.instagram.android,Instagram,10246,41620657,7649516,49270173,MOBILE,0
3870,1778886000000,2026-05-16T07:00:00,mock-device-uuid-12345,com.google.android.youtube,YouTube,10101,35210174,5868248,41078422,MOBILE,0
3871,1778886000000,2026-05-16T07:00:00,mock-device-uuid-12345,com.instagram.android,Instagram,10246,23421640,4728722,28150362,MOBILE,0
3872,1778886000000,2026-05-16T07:00:00,mock-device-uuid-12345,com.zhiliaoapp.musically,TikTok,10310,26909403,5641841,32551244,MOBILE,0
3873,1778889600000,2026-05-16T08:00:00,mock-device-uuid-12345,com.tencent.ig,PUBG Mobile,10352,56412159,12340300,68752459,MOBILE,0
3874,1778889600000,2026-05-16T08:00:00,mock-device-uuid-12345,com.google.android.youtube,YouTube,10101,15102152,797949,15900101,MOBILE,0
3875,1778889600000,2026-05-16T08:00:00,mock-device-uuid-12345,com.facebook.katana,Facebook,10245,7704555,739259,8443814,MOBILE,0
3876,1778889600000,2026-05-16T08:00:00,mock-device-uuid-12345,com.instagram.android,Instagram,10246,10323541,757261,11080802,MOBILE,0
3877,1778893200000,2026-05-16T09:00:00,mock-device-uuid-12345,com.android.chrome,Chrome,10080,60862546,7903677,68766223,MOBILE,0
3878,1778893200000,2026-05-16T09:00:00,mock-device-uuid-12345,com.spotify.music,Spotify,10299,7776220,1759513,9535733,MOBILE,0
3879,1778893200000,2026-05-16T09:00:00,mock-device-uuid-12345,com.zhiliaoapp.musically,TikTok,10310,4408841,1008171,5417012,MOBILE,0
3880,1778893200000,2026-05-16T09:00:00,mock-device-uuid-12345,com.google.android.youtube,YouTube,10101,15288755,837576,16126331,MOBILE,0
3881,1778896800000,2026-05-16T10:00:00,mock-device-uuid-12345,com.spotify.music,Spotify,10299,36406381,7114667,43521048,MOBILE,0
3882,1778896800000,2026-05-16T10:00:00,mock-device-uuid-12345,com.android.chrome,Chrome,10080,19599925,3790979,23390904,MOBILE,0
3883,1778896800000,2026-05-16T10:00:00,mock-device-uuid-12345,com.facebook.katana,Facebook,10245,25228868,4105277,29334145,MOBILE,0
3884,1778896800000,2026-05-16T10:00:00,mock-device-uuid-12345,com.zhiliaoapp.musically,TikTok,10310,17794670,986340,18781010,MOBILE,0
3885,1778900400000,2026-05-16T11:00:00,mock-device-uuid-12345,com.spotify.music,Spotify,10299,41814118,5774141,47588259,MOBILE,0
3886,1778900400000,2026-05-16T11:00:00,mock-device-uuid-12345,com.instagram.android,Instagram,10246,10505529,1456571,11962100,MOBILE,0
3887,1778900400000,2026-05-16T11:00:00,mock-device-uuid-12345,com.google.android.youtube,YouTube,10101,21448058,2942137,24390195,MOBILE,0
3888,1778900400000,2026-05-16T11:00:00,mock-device-uuid-12345,com.facebook.katana,Facebook,10245,31956592,5600725,37557317,MOBILE,0
3889,1778904000000,2026-05-16T12:00:00,mock-device-uuid-12345,com.tencent.ig,PUBG Mobile,10352,43623451,10760316,54383767,MOBILE,0
3890,1778904000000,2026-05-16T12:00:00,mock-device-uuid-12345,com.facebook.katana,Facebook,10245,7303033,1111121,8414154,MOBILE,0
3891,1778904000000,2026-05-16T12:00:00,mock-device-uuid-12345,com.android.chrome,Chrome,10080,43801958,10145950,53947908,MOBILE,0
3892,1778907600000,2026-05-16T13:00:00,mock-device-uuid-12345,com.spotify.music,Spotify,10299,32581645,7062643,39644288,MOBILE,0
3893,1778907600000,2026-05-16T13:00:00,mock-device-uuid-12345,com.tencent.ig,PUBG Mobile,10352,9311027,753261,10064288,MOBILE,0
3894,1778907600000,2026-05-16T13:00:00,mock-device-uuid-12345,com.zhiliaoapp.musically,TikTok,10310,46249547,4973922,51223469,MOBILE,0
3895,1778911200000,2026-05-16T14:00:00,mock-device-uuid-12345,com.tencent.ig,PUBG Mobile,10352,34274053,7855447,42129500,MOBILE,0
3896,1778911200000,2026-05-16T14:00:00,mock-device-uuid-12345,com.zhiliaoapp.musically,TikTok,10310,12937521,908974,13846495,MOBILE,0
3897,1778911200000,2026-05-16T14:00:00,mock-device-uuid-12345,com.facebook.katana,Facebook,10245,1372260,224981,1597241,MOBILE,0
3898,1778911200000,2026-05-16T14:00:00,mock-device-uuid-12345,com.instagram.android,Instagram,10246,4345090,706277,5051367,MOBILE,0
3899,1778911200000,2026-05-16T14:00:00,mock-device-uuid-12345,com.android.chrome,Chrome,10080,2087617,426996,2514613,MOBILE,0
3900,1778914800000,2026-05-16T15:00:00,mock-device-uuid-12345,com.google.android.youtube,YouTube,10101,10180668,1575532,11756200,MOBILE,0
3901,1778914800000,2026-05-16T15:00:00,mock-device-uuid-12345,com.facebook.katana,Facebook,10245,18492320,2829179,21321499,MOBILE,0
3902,1778914800000,2026-05-16T15:00:00,mock-device-uuid-12345,com.zhiliaoapp.musically,TikTok,10310,2239651,487252,2726903,MOBILE,0
3903,1778914800000,2026-05-16T15:00:00,mock-device-uuid-12345,com.instagram.android,Instagram,10246,16575556,2722405,19297961,MOBILE,0
3904,1778918400000,2026-05-16T16:00:00,mock-device-uuid-12345,com.google.android.youtube,YouTube,10101,28943965,4676013,33619978,MOBILE,0
3905,1778918400000,2026-05-16T16:00:00,mock-device-uuid-12345,com.android.chrome,Chrome,10080,14627741,880498,15508239,MOBILE,0
3906,1778918400000,2026-05-16T16:00:00,mock-device-uuid-12345,com.spotify.music,Spotify,10299,30390529,2087489,32478018,MOBILE,0
3907,1778918400000,2026-05-16T16:00:00,mock-device-uuid-12345,com.facebook.katana,Facebook,10245,4955579,286578,5242157,MOBILE,0
3908,1778918400000,2026-05-16T16:00:00,mock-device-uuid-12345,com.tencent.ig,PUBG Mobile,10352,28196883,4021261,32218144,MOBILE,0
3909,1778922000000,2026-05-16T17:00:00,mock-device-uuid-12345,com.facebook.katana,Facebook,10245,11264503,684278,11948781,MOBILE,0
3910,1778922000000,2026-05-16T17:00:00,mock-device-uuid-12345,com.instagram.android,Instagram,10246,10637084,801785,11438869,MOBILE,0
3911,1778922000000,2026-05-16T17:00:00,mock-device-uuid-12345,com.spotify.music,Spotify,10299,31428481,6654349,38082830,MOBILE,0
3912,1778922000000,2026-05-16T17:00:00,mock-device-uuid-12345,com.tencent.ig,PUBG Mobile,10352,24932588,4664603,29597191,MOBILE,0
3913,1778925600000,2026-05-16T18:00:00,mock-device-uuid-12345,com.android.chrome,Chrome,10080,62922170,12901784,75823954,MOBILE,0
3914,1778925600000,2026-05-16T18:00:00,mock-device-uuid-12345,com.tencent.ig,PUBG Mobile,10352,9405707,2200339,11606046,MOBILE,0
3915,1778925600000,2026-05-16T18:00:00,mock-device-uuid-12345,com.facebook.katana,Facebook,10245,53550756,9003759,62554515,MOBILE,0
3916,1778925600000,2026-05-16T18:00:00,mock-device-uuid-12345,com.google.android.youtube,YouTube,10101,5715029,871117,6586146,MOBILE,0
3917,1778925600000,2026-05-16T18:00:00,mock-device-uuid-12345,com.instagram.android,Instagram,10246,29462663,1737380,31200043,MOBILE,0
3918,1778929200000,2026-05-16T19:00:00,mock-device-uuid-12345,com.android.chrome,Chrome,10080,20436670,2168014,22604684,MOBILE,0
3919,1778929200000,2026-05-16T19:00:00,mock-device-uuid-12345,com.spotify.music,Spotify,10299,199330107,41364948,240695055,MOBILE,0
3920,1778932800000,2026-05-16T20:00:00,mock-device-uuid-12345,com.zhiliaoapp.musically,TikTok,10310,49541259,12060138,61601397,MOBILE,0
3921,1778932800000,2026-05-16T20:00:00,mock-device-uuid-12345,com.google.android.youtube,YouTube,10101,37808561,8851868,46660429,MOBILE,0
3922,1778932800000,2026-05-16T20:00:00,mock-device-uuid-12345,com.spotify.music,Spotify,10299,34495139,5939191,40434330,MOBILE,0
3923,1778932800000,2026-05-16T20:00:00,mock-device-uuid-12345,com.tencent.ig,PUBG Mobile,10352,16495403,3226313,19721716,MOBILE,0
3924,1778936400000,2026-05-16T21:00:00,mock-device-uuid-12345,com.spotify.music,Spotify,10299,103900068,18219079,122119147,MOBILE,0
3925,1778936400000,2026-05-16T21:00:00,mock-device-uuid-12345,com.google.android.youtube,YouTube,10101,31709605,2917078,34626683,MOBILE,0
3926,1778936400000,2026-05-16T21:00:00,mock-device-uuid-12345,com.instagram.android,Instagram,10246,89936611,10047235,99983846,MOBILE,0
3927,1778940000000,2026-05-16T22:00:00,mock-device-uuid-12345,com.spotify.music,Spotify,10299,100410469,15152451,115562920,MOBILE,0
3928,1778940000000,2026-05-16T22:00:00,mock-device-uuid-12345,com.facebook.katana,Facebook,10245,94579361,8293621,102872982,MOBILE,0
3929,1778940000000,2026-05-16T22:00:00,mock-device-uuid-12345,com.instagram.android,Instagram,10246,5357349,999571,6356920,MOBILE,0
3930,1778940000000,2026-05-16T22:00:00,mock-device-uuid-12345,com.android.chrome,Chrome,10080,35539783,5793151,41332934,MOBILE,0
3931,1778943600000,2026-05-16T23:00:00,mock-device-uuid-12345,com.instagram.android,Instagram,10246,29154061,1693304,30847365,MOBILE,0
3932,1778943600000,2026-05-16T23:00:00,mock-device-uuid-12345,com.tencent.ig,PUBG Mobile,10352,11765455,2468305,14233760,MOBILE,0
3933,1778943600000,2026-05-16T23:00:00,mock-device-uuid-12345,com.android.chrome,Chrome,10080,11712004,896278,12608282,MOBILE,0
3934,1778943600000,2026-05-16T23:00:00,mock-device-uuid-12345,com.spotify.music,Spotify,10299,88792559,12162338,100954897,MOBILE,0
3935,1778947200000,2026-05-17T00:00:00,mock-device-uuid-12345,com.tencent.ig,PUBG Mobile,10352,13924070,1812680,15736750,MOBILE,0
3936,1778947200000,2026-05-17T00:00:00,mock-device-uuid-12345,com.facebook.katana,Facebook,10245,7394416,1168849,8563265,MOBILE,0
3937,1778947200000,2026-05-17T00:00:00,mock-device-uuid-12345,com.google.android.youtube,YouTube,10101,10694610,584936,11279546,MOBILE,0
3938,1778947200000,2026-05-17T00:00:00,mock-device-uuid-12345,com.android.chrome,Chrome,10080,4722152,379256,5101408,MOBILE,0
3939,1778947200000,2026-05-17T00:00:00,mock-device-uuid-12345,com.spotify.music,Spotify,10299,3776808,761746,4538554,MOBILE,0
3940,1778950800000,2026-05-17T01:00:00,mock-device-uuid-12345,com.zhiliaoapp.musically,TikTok,10310,9813642,1509103,11322745,MOBILE,0
3941,1778950800000,2026-05-17T01:00:00,mock-device-uuid-12345,com.spotify.music,Spotify,10299,2743492,308623,3052115,MOBILE,0
3942,1778950800000,2026-05-17T01:00:00,mock-device-uuid-12345,com.facebook.katana,Facebook,10245,3121561,652079,3773640,MOBILE,0
3943,1778950800000,2026-05-17T01:00:00,mock-device-uuid-12345,com.google.android.youtube,YouTube,10101,9975406,1199034,11174440,MOBILE,0
3944,1778950800000,2026-05-17T01:00:00,mock-device-uuid-12345,com.instagram.android,Instagram,10246,8710952,1736810,10447762,MOBILE,0
3945,1778954400000,2026-05-17T02:00:00,mock-device-uuid-12345,com.facebook.katana,Facebook,10245,9258425,859029,10117454,MOBILE,0
3946,1778954400000,2026-05-17T02:00:00,mock-device-uuid-12345,com.spotify.music,Spotify,10299,5891315,1266474,7157789,MOBILE,0
3947,1778954400000,2026-05-17T02:00:00,mock-device-uuid-12345,com.google.android.youtube,YouTube,10101,3903743,460785,4364528,MOBILE,0
3948,1778954400000,2026-05-17T02:00:00,mock-device-uuid-12345,com.android.chrome,Chrome,10080,3243770,784182,4027952,MOBILE,0
3949,1778954400000,2026-05-17T02:00:00,mock-device-uuid-12345,com.zhiliaoapp.musically,TikTok,10310,2062653,437624,2500277,MOBILE,0
3950,1778958000000,2026-05-17T03:00:00,mock-device-uuid-12345,com.android.chrome,Chrome,10080,14093490,2700442,16793932,MOBILE,0
3951,1778958000000,2026-05-17T03:00:00,mock-device-uuid-12345,com.tencent.ig,PUBG Mobile,10352,8953532,524142,9477674,MOBILE,0
3952,1778958000000,2026-05-17T03:00:00,mock-device-uuid-12345,com.facebook.katana,Facebook,10245,9362664,1549338,10912002,MOBILE,0
3953,1778958000000,2026-05-17T03:00:00,mock-device-uuid-12345,com.instagram.android,Instagram,10246,3017037,179189,3196226,MOBILE,0
3954,1778958000000,2026-05-17T03:00:00,mock-device-uuid-12345,com.google.android.youtube,YouTube,10101,8084464,942190,9026654,MOBILE,0
3955,1778961600000,2026-05-17T04:00:00,mock-device-uuid-12345,com.android.chrome,Chrome,10080,7186003,614745,7800748,MOBILE,0
3956,1778961600000,2026-05-17T04:00:00,mock-device-uuid-12345,com.zhiliaoapp.musically,TikTok,10310,46783212,5039328,51822540,MOBILE,0
3957,1778965200000,2026-05-17T05:00:00,mock-device-uuid-12345,com.zhiliaoapp.musically,TikTok,10310,23098918,2134411,25233329,MOBILE,0
3958,1778965200000,2026-05-17T05:00:00,mock-device-uuid-12345,com.android.chrome,Chrome,10080,2402545,322164,2724709,MOBILE,0
3959,1778965200000,2026-05-17T05:00:00,mock-device-uuid-12345,com.spotify.music,Spotify,10299,19066348,1221013,20287361,MOBILE,0
3960,1778968800000,2026-05-17T06:00:00,mock-device-uuid-12345,com.facebook.katana,Facebook,10245,34184599,6429421,40614020,MOBILE,0
3961,1778968800000,2026-05-17T06:00:00,mock-device-uuid-12345,com.android.chrome,Chrome,10080,8375468,1183028,9558496,MOBILE,0
3962,1778968800000,2026-05-17T06:00:00,mock-device-uuid-12345,com.spotify.music,Spotify,10299,8932229,1039188,9971417,MOBILE,0
3963,1778968800000,2026-05-17T06:00:00,mock-device-uuid-12345,com.google.android.youtube,YouTube,10101,11031553,2582870,13614423,MOBILE,0
3964,1778968800000,2026-05-17T06:00:00,mock-device-uuid-12345,com.tencent.ig,PUBG Mobile,10352,27644547,3808904,31453451,MOBILE,0
3965,1778972400000,2026-05-17T07:00:00,mock-device-uuid-12345,com.facebook.katana,Facebook,10245,43745085,4767116,48512201,MOBILE,0
3966,1778972400000,2026-05-17T07:00:00,mock-device-uuid-12345,com.zhiliaoapp.musically,TikTok,10310,18338588,3892051,22230639,MOBILE,0
3967,1778972400000,2026-05-17T07:00:00,mock-device-uuid-12345,com.android.chrome,Chrome,10080,37879465,6365586,44245051,MOBILE,0
3968,1778976000000,2026-05-17T08:00:00,mock-device-uuid-12345,com.zhiliaoapp.musically,TikTok,10310,40903222,7367065,48270287,MOBILE,0
3969,1778976000000,2026-05-17T08:00:00,mock-device-uuid-12345,com.facebook.katana,Facebook,10245,4227296,728774,4956070,MOBILE,0
3970,1778976000000,2026-05-17T08:00:00,mock-device-uuid-12345,com.android.chrome,Chrome,10080,21371607,2513055,23884662,MOBILE,0
3971,1778979600000,2026-05-17T09:00:00,mock-device-uuid-12345,com.tencent.ig,PUBG Mobile,10352,23123857,1670524,24794381,MOBILE,0
3972,1778979600000,2026-05-17T09:00:00,mock-device-uuid-12345,com.spotify.music,Spotify,10299,4964366,352814,5317180,MOBILE,0
3973,1778979600000,2026-05-17T09:00:00,mock-device-uuid-12345,com.facebook.katana,Facebook,10245,10263145,2060414,12323559,MOBILE,0
3974,1778979600000,2026-05-17T09:00:00,mock-device-uuid-12345,com.google.android.youtube,YouTube,10101,16300530,2209052,18509582,MOBILE,0
3975,1778983200000,2026-05-17T10:00:00,mock-device-uuid-12345,com.android.chrome,Chrome,10080,21754462,3490926,25245388,MOBILE,0
3976,1778983200000,2026-05-17T10:00:00,mock-device-uuid-12345,com.facebook.katana,Facebook,10245,4983142,1183862,6167004,MOBILE,0
3977,1778983200000,2026-05-17T10:00:00,mock-device-uuid-12345,com.zhiliaoapp.musically,TikTok,10310,23248496,1355867,24604363,MOBILE,0
3978,1778983200000,2026-05-17T10:00:00,mock-device-uuid-12345,com.tencent.ig,PUBG Mobile,10352,27225115,5351580,32576695,MOBILE,0
3979,1778986800000,2026-05-17T11:00:00,mock-device-uuid-12345,com.tencent.ig,PUBG Mobile,10352,64598787,11426906,76025693,MOBILE,0
3980,1778986800000,2026-05-17T11:00:00,mock-device-uuid-12345,com.facebook.katana,Facebook,10245,3961001,473374,4434375,MOBILE,0
3981,1778986800000,2026-05-17T11:00:00,mock-device-uuid-12345,com.google.android.youtube,YouTube,10101,46397025,3506068,49903093,MOBILE,0
3982,1778990400000,2026-05-17T12:00:00,mock-device-uuid-12345,com.instagram.android,Instagram,10246,25730724,4567828,30298552,MOBILE,0
3983,1778990400000,2026-05-17T12:00:00,mock-device-uuid-12345,com.google.android.youtube,YouTube,10101,46155245,6552841,52708086,MOBILE,0
3984,1778994000000,2026-05-17T13:00:00,mock-device-uuid-12345,com.android.chrome,Chrome,10080,46416410,7181605,53598015,MOBILE,0
3985,1778994000000,2026-05-17T13:00:00,mock-device-uuid-12345,com.tencent.ig,PUBG Mobile,10352,12440609,1219416,13660025,MOBILE,0
3986,1778994000000,2026-05-17T13:00:00,mock-device-uuid-12345,com.facebook.katana,Facebook,10245,14488570,2107173,16595743,MOBILE,0
3987,1778997600000,2026-05-17T14:00:00,mock-device-uuid-12345,com.google.android.youtube,YouTube,10101,31736291,4447297,36183588,MOBILE,0
3988,1778997600000,2026-05-17T14:00:00,mock-device-uuid-12345,com.facebook.katana,Facebook,10245,1707044,251910,1958954,MOBILE,0
3989,1778997600000,2026-05-17T14:00:00,mock-device-uuid-12345,com.tencent.ig,PUBG Mobile,10352,9421295,553198,9974493,MOBILE,0
3990,1778997600000,2026-05-17T14:00:00,mock-device-uuid-12345,com.instagram.android,Instagram,10246,18288068,2315001,20603069,MOBILE,0
3991,1779001200000,2026-05-17T15:00:00,mock-device-uuid-12345,com.tencent.ig,PUBG Mobile,10352,33227431,3440368,36667799,MOBILE,0
3992,1779001200000,2026-05-17T15:00:00,mock-device-uuid-12345,com.instagram.android,Instagram,10246,17370020,3257833,20627853,MOBILE,0
3993,1779001200000,2026-05-17T15:00:00,mock-device-uuid-12345,com.zhiliaoapp.musically,TikTok,10310,16276528,3973075,20249603,MOBILE,0
3994,1779001200000,2026-05-17T15:00:00,mock-device-uuid-12345,com.spotify.music,Spotify,10299,2811674,518246,3329920,MOBILE,0
3995,1779001200000,2026-05-17T15:00:00,mock-device-uuid-12345,com.google.android.youtube,YouTube,10101,15968914,3405961,19374875,MOBILE,0
3996,1779004800000,2026-05-17T16:00:00,mock-device-uuid-12345,com.tencent.ig,PUBG Mobile,10352,38512560,5386533,43899093,MOBILE,0
3997,1779004800000,2026-05-17T16:00:00,mock-device-uuid-12345,com.facebook.katana,Facebook,10245,37145062,2878414,40023476,MOBILE,0
3998,1779008400000,2026-05-17T17:00:00,mock-device-uuid-12345,com.facebook.katana,Facebook,10245,27156822,2733426,29890248,MOBILE,0
3999,1779008400000,2026-05-17T17:00:00,mock-device-uuid-12345,com.spotify.music,Spotify,10299,31416156,4196799,35612955,MOBILE,0
4000,1779008400000,2026-05-17T17:00:00,mock-device-uuid-12345,com.android.chrome,Chrome,10080,6919219,955441,7874660,MOBILE,0
4001,1779008400000,2026-05-17T17:00:00,mock-device-uuid-12345,com.google.android.youtube,YouTube,10101,14505225,3009470,17514695,MOBILE,0
4002,1779012000000,2026-05-17T18:00:00,mock-device-uuid-12345,com.tencent.ig,PUBG Mobile,10352,23336088,4147898,27483986,MOBILE,0
4003,1779012000000,2026-05-17T18:00:00,mock-device-uuid-12345,com.facebook.katana,Facebook,10245,81171721,15590494,96762215,MOBILE,0
4004,1779012000000,2026-05-17T18:00:00,mock-device-uuid-12345,com.spotify.music,Spotify,10299,87225352,14512617,101737969,MOBILE,0
4005,1779015600000,2026-05-17T19:00:00,mock-device-uuid-12345,com.spotify.music,Spotify,10299,74817949,16586812,91404761,MOBILE,0
4006,1779015600000,2026-05-17T19:00:00,mock-device-uuid-12345,com.facebook.katana,Facebook,10245,56490457,9544428,66034885,MOBILE,0
4007,1779015600000,2026-05-17T19:00:00,mock-device-uuid-12345,com.tencent.ig,PUBG Mobile,10352,33883534,6996126,40879660,MOBILE,0
4008,1779015600000,2026-05-17T19:00:00,mock-device-uuid-12345,com.google.android.youtube,YouTube,10101,16737534,2401463,19138997,MOBILE,0
4009,1779019200000,2026-05-17T20:00:00,mock-device-uuid-12345,com.spotify.music,Spotify,10299,11686825,1274335,12961160,MOBILE,0
4010,1779019200000,2026-05-17T20:00:00,mock-device-uuid-12345,com.tencent.ig,PUBG Mobile,10352,67981418,4327293,72308711,MOBILE,0
4011,1779019200000,2026-05-17T20:00:00,mock-device-uuid-12345,com.zhiliaoapp.musically,TikTok,10310,117617883,16882450,134500333,MOBILE,0
4012,1779022800000,2026-05-17T21:00:00,mock-device-uuid-12345,com.spotify.music,Spotify,10299,106155970,15486762,121642732,MOBILE,0
4013,1779022800000,2026-05-17T21:00:00,mock-device-uuid-12345,com.google.android.youtube,YouTube,10101,38193028,6897990,45091018,MOBILE,0
4014,1779022800000,2026-05-17T21:00:00,mock-device-uuid-12345,com.android.chrome,Chrome,10080,32951588,3740828,36692416,MOBILE,0
4015,1779022800000,2026-05-17T21:00:00,mock-device-uuid-12345,com.tencent.ig,PUBG Mobile,10352,2923531,418105,3341636,MOBILE,0
4016,1779022800000,2026-05-17T21:00:00,mock-device-uuid-12345,com.facebook.katana,Facebook,10245,18290140,3245362,21535502,MOBILE,0
4017,1779026400000,2026-05-17T22:00:00,mock-device-uuid-12345,com.spotify.music,Spotify,10299,85268694,9063563,94332257,MOBILE,0
4018,1779026400000,2026-05-17T22:00:00,mock-device-uuid-12345,com.zhiliaoapp.musically,TikTok,10310,6135173,739206,6874379,MOBILE,0
4019,1779026400000,2026-05-17T22:00:00,mock-device-uuid-12345,com.android.chrome,Chrome,10080,16336546,3165871,19502417,MOBILE,0
4020,1779026400000,2026-05-17T22:00:00,mock-device-uuid-12345,com.instagram.android,Instagram,10246,46043987,5239414,51283401,MOBILE,0
4021,1779026400000,2026-05-17T22:00:00,mock-device-uuid-12345,com.tencent.ig,PUBG Mobile,10352,26796909,2509124,29306033,MOBILE,0
4022,1779030000000,2026-05-17T23:00:00,mock-device-uuid-12345,com.tencent.ig,PUBG Mobile,10352,44191774,6374695,50566469,MOBILE,0
4023,1779030000000,2026-05-17T23:00:00,mock-device-uuid-12345,com.spotify.music,Spotify,10299,80854038,14677691,95531729,MOBILE,0
4024,1779033600000,2026-05-18T00:00:00,mock-device-uuid-12345,com.instagram.android,Instagram,10246,0,0,0,MOBILE,0
4025,1779033600000,2026-05-18T00:00:00,mock-device-uuid-12345,com.tencent.ig,PUBG Mobile,10352,0,0,0,MOBILE,0
4026,1779037200000,2026-05-18T01:00:00,mock-device-uuid-12345,com.google.android.youtube,YouTube,10101,152840,26875,179715,MOBILE,0
4027,1779037200000,2026-05-18T01:00:00,mock-device-uuid-12345,com.tencent.ig,PUBG Mobile,10352,199257,46898,246155,MOBILE,0
4028,1779037200000,2026-05-18T01:00:00,mock-device-uuid-12345,com.instagram.android,Instagram,10246,166044,37255,203299,MOBILE,0
4029,1779037200000,2026-05-18T01:00:00,mock-device-uuid-12345,com.facebook.katana,Facebook,10245,33358,3811,37169,MOBILE,0
4030,1779037200000,2026-05-18T01:00:00,mock-device-uuid-12345,com.android.chrome,Chrome,10080,157632,36594,194226,MOBILE,0
4031,1779040800000,2026-05-18T02:00:00,mock-device-uuid-12345,com.instagram.android,Instagram,10246,3800213,861440,4661653,MOBILE,0
4032,1779040800000,2026-05-18T02:00:00,mock-device-uuid-12345,com.tencent.ig,PUBG Mobile,10352,871873,201645,1073518,MOBILE,0
4033,1779040800000,2026-05-18T02:00:00,mock-device-uuid-12345,com.zhiliaoapp.musically,TikTok,10310,1919890,211439,2131329,MOBILE,0
4034,1779040800000,2026-05-18T02:00:00,mock-device-uuid-12345,com.android.chrome,Chrome,10080,1075302,107199,1182501,MOBILE,0
4035,1779044400000,2026-05-18T03:00:00,mock-device-uuid-12345,com.spotify.music,Spotify,10299,0,0,0,MOBILE,0
4036,1779044400000,2026-05-18T03:00:00,mock-device-uuid-12345,com.instagram.android,Instagram,10246,0,0,0,MOBILE,0
4037,1779044400000,2026-05-18T03:00:00,mock-device-uuid-12345,com.zhiliaoapp.musically,TikTok,10310,0,0,0,MOBILE,0
4038,1779048000000,2026-05-18T04:00:00,mock-device-uuid-12345,com.tencent.ig,PUBG Mobile,10352,4713322,868242,5581564,MOBILE,0
4039,1779048000000,2026-05-18T04:00:00,mock-device-uuid-12345,com.android.chrome,Chrome,10080,1553501,226739,1780240,MOBILE,0
4040,1779048000000,2026-05-18T04:00:00,mock-device-uuid-12345,com.zhiliaoapp.musically,TikTok,10310,13933571,1543553,15477124,MOBILE,0
4041,1779051600000,2026-05-18T05:00:00,mock-device-uuid-12345,com.tencent.ig,PUBG Mobile,10352,0,0,0,MOBILE,0
4042,1779051600000,2026-05-18T05:00:00,mock-device-uuid-12345,com.facebook.katana,Facebook,10245,0,0,0,MOBILE,0
4043,1779051600000,2026-05-18T05:00:00,mock-device-uuid-12345,com.android.chrome,Chrome,10080,0,0,0,MOBILE,0
4044,1779055200000,2026-05-18T06:00:00,mock-device-uuid-12345,com.android.chrome,Chrome,10080,33161135,4875860,38036995,MOBILE,0
4045,1779055200000,2026-05-18T06:00:00,mock-device-uuid-12345,com.tencent.ig,PUBG Mobile,10352,12871076,3027248,15898324,MOBILE,0
4046,1779055200000,2026-05-18T06:00:00,mock-device-uuid-12345,com.instagram.android,Instagram,10246,13225715,948694,14174409,MOBILE,0
4047,1779058800000,2026-05-18T07:00:00,mock-device-uuid-12345,com.spotify.music,Spotify,10299,32859855,1766172,34626027,MOBILE,0
4048,1779058800000,2026-05-18T07:00:00,mock-device-uuid-12345,com.facebook.katana,Facebook,10245,12131218,1974953,14106171,MOBILE,0
4049,1779058800000,2026-05-18T07:00:00,mock-device-uuid-12345,com.google.android.youtube,YouTube,10101,12291465,2775917,15067382,MOBILE,0
4050,1779058800000,2026-05-18T07:00:00,mock-device-uuid-12345,com.tencent.ig,PUBG Mobile,10352,20750365,3730821,24481186,MOBILE,0
4051,1779062400000,2026-05-18T08:00:00,mock-device-uuid-12345,com.tencent.ig,PUBG Mobile,10352,4985863,535737,5521600,MOBILE,0
4052,1779062400000,2026-05-18T08:00:00,mock-device-uuid-12345,com.zhiliaoapp.musically,TikTok,10310,45914095,6838601,52752696,MOBILE,0
4053,1779066000000,2026-05-18T09:00:00,mock-device-uuid-12345,com.instagram.android,Instagram,10246,44424063,5773182,50197245,MOBILE,0
4054,1779066000000,2026-05-18T09:00:00,mock-device-uuid-12345,com.android.chrome,Chrome,10080,8170931,638382,8809313,MOBILE,0
4055,1779066000000,2026-05-18T09:00:00,mock-device-uuid-12345,com.facebook.katana,Facebook,10245,2245243,166313,2411556,MOBILE,0
4056,1779066000000,2026-05-18T09:00:00,mock-device-uuid-12345,com.spotify.music,Spotify,10299,11186439,710725,11897164,MOBILE,0
4057,1779069600000,2026-05-18T10:00:00,mock-device-uuid-12345,com.google.android.youtube,YouTube,10101,10683113,2270672,12953785,MOBILE,0
4058,1779069600000,2026-05-18T10:00:00,mock-device-uuid-12345,com.spotify.music,Spotify,10299,7033662,1273898,8307560,MOBILE,0
4059,1779073200000,2026-05-18T11:00:00,mock-device-uuid-12345,com.instagram.android,Instagram,10246,5434507,1105767,6540274,MOBILE,0
4060,1779073200000,2026-05-18T11:00:00,mock-device-uuid-12345,com.tencent.ig,PUBG Mobile,10352,39744899,3887929,43632828,MOBILE,0
4061,1779076800000,2026-05-18T12:00:00,mock-device-uuid-12345,com.android.chrome,Chrome,10080,5205377,612050,5817427,MOBILE,0
4062,1779076800000,2026-05-18T12:00:00,mock-device-uuid-12345,com.zhiliaoapp.musically,TikTok,10310,39577133,3193033,42770166,MOBILE,0
4063,1779076800000,2026-05-18T12:00:00,mock-device-uuid-12345,com.google.android.youtube,YouTube,10101,4550550,255394,4805944,MOBILE,0
4064,1779076800000,2026-05-18T12:00:00,mock-device-uuid-12345,com.instagram.android,Instagram,10246,2247720,318441,2566161,MOBILE,0
4065,1779076800000,2026-05-18T12:00:00,mock-device-uuid-12345,com.facebook.katana,Facebook,10245,9976583,1857090,11833673,MOBILE,0
4066,1779080400000,2026-05-18T13:00:00,mock-device-uuid-12345,com.facebook.katana,Facebook,10245,24966450,2502997,27469447,MOBILE,0
4067,1779080400000,2026-05-18T13:00:00,mock-device-uuid-12345,com.android.chrome,Chrome,10080,14029717,973563,15003280,MOBILE,0
4068,1779080400000,2026-05-18T13:00:00,mock-device-uuid-12345,com.zhiliaoapp.musically,TikTok,10310,1476130,190975,1667105,MOBILE,0
4069,1779080400000,2026-05-18T13:00:00,mock-device-uuid-12345,com.google.android.youtube,YouTube,10101,16833406,4021591,20854997,MOBILE,0
4070,1779084000000,2026-05-18T14:00:00,mock-device-uuid-12345,com.spotify.music,Spotify,10299,10863874,2168882,13032756,MOBILE,0
4071,1779084000000,2026-05-18T14:00:00,mock-device-uuid-12345,com.android.chrome,Chrome,10080,21734223,2721904,24456127,MOBILE,0
4072,1779084000000,2026-05-18T14:00:00,mock-device-uuid-12345,com.tencent.ig,PUBG Mobile,10352,6492232,611954,7104186,MOBILE,0
4073,1779084000000,2026-05-18T14:00:00,mock-device-uuid-12345,com.facebook.katana,Facebook,10245,12851838,1918648,14770486,MOBILE,0
4074,1779087600000,2026-05-18T15:00:00,mock-device-uuid-12345,com.spotify.music,Spotify,10299,15072792,2387361,17460153,MOBILE,0
4075,1779087600000,2026-05-18T15:00:00,mock-device-uuid-12345,com.instagram.android,Instagram,10246,16895655,3138087,20033742,MOBILE,0
4076,1779087600000,2026-05-18T15:00:00,mock-device-uuid-12345,com.zhiliaoapp.musically,TikTok,10310,13412461,952647,14365108,MOBILE,0
4077,1779091200000,2026-05-18T16:00:00,mock-device-uuid-12345,com.instagram.android,Instagram,10246,20645872,4853369,25499241,MOBILE,0
4078,1779091200000,2026-05-18T16:00:00,mock-device-uuid-12345,com.android.chrome,Chrome,10080,20100989,2860338,22961327,MOBILE,0
4079,1779094800000,2026-05-18T17:00:00,mock-device-uuid-12345,com.spotify.music,Spotify,10299,32595308,3931383,36526691,MOBILE,0
4080,1779094800000,2026-05-18T17:00:00,mock-device-uuid-12345,com.facebook.katana,Facebook,10245,11820082,979219,12799301,MOBILE,0
4081,1779094800000,2026-05-18T17:00:00,mock-device-uuid-12345,com.google.android.youtube,YouTube,10101,6568418,1285905,7854323,MOBILE,0
4082,1779098400000,2026-05-18T18:00:00,mock-device-uuid-12345,com.google.android.youtube,YouTube,10101,39503595,7422632,46926227,MOBILE,0
4083,1779098400000,2026-05-18T18:00:00,mock-device-uuid-12345,com.zhiliaoapp.musically,TikTok,10310,125133030,18202115,143335145,MOBILE,0
4084,1779098400000,2026-05-18T18:00:00,mock-device-uuid-12345,com.instagram.android,Instagram,10246,12254182,1016471,13270653,MOBILE,0
4085,1779098400000,2026-05-18T18:00:00,mock-device-uuid-12345,com.facebook.katana,Facebook,10245,3766093,417303,4183396,MOBILE,0
4086,1779098400000,2026-05-18T18:00:00,mock-device-uuid-12345,com.android.chrome,Chrome,10080,43558746,9677705,53236451,MOBILE,0
4087,1779102000000,2026-05-18T19:00:00,mock-device-uuid-12345,com.android.chrome,Chrome,10080,20364278,3134206,23498484,MOBILE,0
4088,1779102000000,2026-05-18T19:00:00,mock-device-uuid-12345,com.facebook.katana,Facebook,10245,26355578,4185140,30540718,MOBILE,0
4089,1779102000000,2026-05-18T19:00:00,mock-device-uuid-12345,com.spotify.music,Spotify,10299,145440828,25339801,170780629,MOBILE,0
4090,1779105600000,2026-05-18T20:00:00,mock-device-uuid-12345,com.facebook.katana,Facebook,10245,19016079,2216390,21232469,MOBILE,0
4091,1779105600000,2026-05-18T20:00:00,mock-device-uuid-12345,com.spotify.music,Spotify,10299,78456099,4446162,82902261,MOBILE,0
4092,1779105600000,2026-05-18T20:00:00,mock-device-uuid-12345,com.google.android.youtube,YouTube,10101,46482156,11555693,58037849,MOBILE,0
4093,1779105600000,2026-05-18T20:00:00,mock-device-uuid-12345,com.tencent.ig,PUBG Mobile,10352,48958739,11565984,60524723,MOBILE,0
4094,1779109200000,2026-05-18T21:00:00,mock-device-uuid-12345,com.zhiliaoapp.musically,TikTok,10310,90768737,19959106,110727843,MOBILE,0
4095,1779109200000,2026-05-18T21:00:00,mock-device-uuid-12345,com.tencent.ig,PUBG Mobile,10352,40422740,5819538,46242278,MOBILE,0
4096,1779109200000,2026-05-18T21:00:00,mock-device-uuid-12345,com.instagram.android,Instagram,10246,6004708,1416938,7421646,MOBILE,0
4097,1779109200000,2026-05-18T21:00:00,mock-device-uuid-12345,com.facebook.katana,Facebook,10245,4152474,509292,4661766,MOBILE,0
4098,1779109200000,2026-05-18T21:00:00,mock-device-uuid-12345,com.android.chrome,Chrome,10080,16488195,1059290,17547485,MOBILE,0
4099,1779112800000,2026-05-18T22:00:00,mock-device-uuid-12345,com.zhiliaoapp.musically,TikTok,10310,134936510,12765535,147702045,MOBILE,0
4100,1779112800000,2026-05-18T22:00:00,mock-device-uuid-12345,com.facebook.katana,Facebook,10245,58313969,5360444,63674413,MOBILE,0
4101,1779116400000,2026-05-18T23:00:00,mock-device-uuid-12345,com.facebook.katana,Facebook,10245,45466452,5176436,50642888,MOBILE,0
4102,1779116400000,2026-05-18T23:00:00,mock-device-uuid-12345,com.google.android.youtube,YouTube,10101,17060394,4163553,21223947,MOBILE,0
4103,1779116400000,2026-05-18T23:00:00,mock-device-uuid-12345,com.spotify.music,Spotify,10299,7197797,518640,7716437,MOBILE,0
4104,1779116400000,2026-05-18T23:00:00,mock-device-uuid-12345,com.instagram.android,Instagram,10246,3357169,395198,3752367,MOBILE,0
4105,1779116400000,2026-05-18T23:00:00,mock-device-uuid-12345,com.android.chrome,Chrome,10080,2070894,452965,2523859,MOBILE,0
4106,1779120000000,2026-05-19T00:00:00,mock-device-uuid-12345,com.instagram.android,Instagram,10246,4639082,834989,5474071,MOBILE,0
4107,1779120000000,2026-05-19T00:00:00,mock-device-uuid-12345,com.zhiliaoapp.musically,TikTok,10310,9308434,1558397,10866831,MOBILE,0
4108,1779123600000,2026-05-19T01:00:00,mock-device-uuid-12345,com.android.chrome,Chrome,10080,0,0,0,MOBILE,0
4109,1779123600000,2026-05-19T01:00:00,mock-device-uuid-12345,com.tencent.ig,PUBG Mobile,10352,0,0,0,MOBILE,0
4110,1779127200000,2026-05-19T02:00:00,mock-device-uuid-12345,com.tencent.ig,PUBG Mobile,10352,5829283,657747,6487030,MOBILE,0
4111,1779127200000,2026-05-19T02:00:00,mock-device-uuid-12345,com.spotify.music,Spotify,10299,2683871,400513,3084384,MOBILE,0
4112,1779127200000,2026-05-19T02:00:00,mock-device-uuid-12345,com.android.chrome,Chrome,10080,5436532,846103,6282635,MOBILE,0
4113,1779130800000,2026-05-19T03:00:00,mock-device-uuid-12345,com.google.android.youtube,YouTube,10101,0,0,0,MOBILE,0
4114,1779130800000,2026-05-19T03:00:00,mock-device-uuid-12345,com.facebook.katana,Facebook,10245,0,0,0,MOBILE,0
4115,1779130800000,2026-05-19T03:00:00,mock-device-uuid-12345,com.tencent.ig,PUBG Mobile,10352,0,0,0,MOBILE,0
4116,1779130800000,2026-05-19T03:00:00,mock-device-uuid-12345,com.spotify.music,Spotify,10299,0,0,0,MOBILE,0
4117,1779130800000,2026-05-19T03:00:00,mock-device-uuid-12345,com.android.chrome,Chrome,10080,0,0,0,MOBILE,0
4118,1779134400000,2026-05-19T04:00:00,mock-device-uuid-12345,com.facebook.katana,Facebook,10245,9759030,961922,10720952,MOBILE,0
4119,1779134400000,2026-05-19T04:00:00,mock-device-uuid-12345,com.spotify.music,Spotify,10299,3639644,369717,4009361,MOBILE,0
4120,1779134400000,2026-05-19T04:00:00,mock-device-uuid-12345,com.tencent.ig,PUBG Mobile,10352,2309183,128321,2437504,MOBILE,0
4121,1779134400000,2026-05-19T04:00:00,mock-device-uuid-12345,com.google.android.youtube,YouTube,10101,465934,69334,535268,MOBILE,0
4122,1779134400000,2026-05-19T04:00:00,mock-device-uuid-12345,com.instagram.android,Instagram,10246,3332445,368420,3700865,MOBILE,0
4123,1779138000000,2026-05-19T05:00:00,mock-device-uuid-12345,com.instagram.android,Instagram,10246,10157407,1551239,11708646,MOBILE,0
4124,1779138000000,2026-05-19T05:00:00,mock-device-uuid-12345,com.facebook.katana,Facebook,10245,6337976,1453099,7791075,MOBILE,0
4125,1779138000000,2026-05-19T05:00:00,mock-device-uuid-12345,com.spotify.music,Spotify,10299,3767575,325453,4093028,MOBILE,0
4126,1779141600000,2026-05-19T06:00:00,mock-device-uuid-12345,com.zhiliaoapp.musically,TikTok,10310,16696181,979897,17676078,MOBILE,0
4127,1779141600000,2026-05-19T06:00:00,mock-device-uuid-12345,com.spotify.music,Spotify,10299,19514768,1404443,20919211,MOBILE,0
4128,1779141600000,2026-05-19T06:00:00,mock-device-uuid-12345,com.android.chrome,Chrome,10080,1869856,141587,2011443,MOBILE,0
4129,1779141600000,2026-05-19T06:00:00,mock-device-uuid-12345,com.tencent.ig,PUBG Mobile,10352,11020211,1818658,12838869,MOBILE,0
4130,1779145200000,2026-05-19T07:00:00,mock-device-uuid-12345,com.google.android.youtube,YouTube,10101,50688418,5077885,55766303,MOBILE,0
4131,1779145200000,2026-05-19T07:00:00,mock-device-uuid-12345,com.android.chrome,Chrome,10080,13984573,1410976,15395549,MOBILE,0
4132,1779145200000,2026-05-19T07:00:00,mock-device-uuid-12345,com.tencent.ig,PUBG Mobile,10352,12420748,2044535,14465283,MOBILE,0
4133,1779148800000,2026-05-19T08:00:00,mock-device-uuid-12345,com.google.android.youtube,YouTube,10101,23148576,4414752,27563328,MOBILE,0
4134,1779148800000,2026-05-19T08:00:00,mock-device-uuid-12345,com.instagram.android,Instagram,10246,14668126,3051615,17719741,MOBILE,0
4135,1779152400000,2026-05-19T09:00:00,mock-device-uuid-12345,com.tencent.ig,PUBG Mobile,10352,34690517,2124412,36814929,MOBILE,0
4136,1779152400000,2026-05-19T09:00:00,mock-device-uuid-12345,com.instagram.android,Instagram,10246,1985115,402146,2387261,MOBILE,0
4137,1779152400000,2026-05-19T09:00:00,mock-device-uuid-12345,com.zhiliaoapp.musically,TikTok,10310,7632555,1823544,9456099,MOBILE,0
4138,1779152400000,2026-05-19T09:00:00,mock-device-uuid-12345,com.spotify.music,Spotify,10299,19854885,3109388,22964273,MOBILE,0
4139,1779156000000,2026-05-19T10:00:00,mock-device-uuid-12345,com.tencent.ig,PUBG Mobile,10352,14749468,1396325,16145793,MOBILE,0
4140,1779156000000,2026-05-19T10:00:00,mock-device-uuid-12345,com.zhiliaoapp.musically,TikTok,10310,1899755,436119,2335874,MOBILE,0
4141,1779156000000,2026-05-19T10:00:00,mock-device-uuid-12345,com.instagram.android,Instagram,10246,16416917,3308185,19725102,MOBILE,0
4142,1779156000000,2026-05-19T10:00:00,mock-device-uuid-12345,com.android.chrome,Chrome,10080,10566901,1662414,12229315,MOBILE,0
4143,1779159600000,2026-05-19T11:00:00,mock-device-uuid-12345,com.facebook.katana,Facebook,10245,37963456,2210106,40173562,MOBILE,0
4144,1779159600000,2026-05-19T11:00:00,mock-device-uuid-12345,com.spotify.music,Spotify,10299,2028923,168005,2196928,MOBILE,0
4145,1779159600000,2026-05-19T11:00:00,mock-device-uuid-12345,com.android.chrome,Chrome,10080,1321208,126393,1447601,MOBILE,0
4146,1779159600000,2026-05-19T11:00:00,mock-device-uuid-12345,com.instagram.android,Instagram,10246,2333489,178085,2511574,MOBILE,0
4147,1779159600000,2026-05-19T11:00:00,mock-device-uuid-12345,com.google.android.youtube,YouTube,10101,11696224,1270766,12966990,MOBILE,0
4148,1779163200000,2026-05-19T12:00:00,mock-device-uuid-12345,com.zhiliaoapp.musically,TikTok,10310,7386840,410428,7797268,MOBILE,0
4149,1779163200000,2026-05-19T12:00:00,mock-device-uuid-12345,com.spotify.music,Spotify,10299,11153451,2417032,13570483,MOBILE,0
4150,1779163200000,2026-05-19T12:00:00,mock-device-uuid-12345,com.facebook.katana,Facebook,10245,1843148,104920,1948068,MOBILE,0
4151,1779163200000,2026-05-19T12:00:00,mock-device-uuid-12345,com.instagram.android,Instagram,10246,17766171,1031337,18797508,MOBILE,0
4152,1779166800000,2026-05-19T13:00:00,mock-device-uuid-12345,com.spotify.music,Spotify,10299,32214387,5897436,38111823,MOBILE,0
4153,1779166800000,2026-05-19T13:00:00,mock-device-uuid-12345,com.google.android.youtube,YouTube,10101,11703678,1083846,12787524,MOBILE,0
4154,1779166800000,2026-05-19T13:00:00,mock-device-uuid-12345,com.zhiliaoapp.musically,TikTok,10310,8700616,1725971,10426587,MOBILE,0
4155,1779166800000,2026-05-19T13:00:00,mock-device-uuid-12345,com.android.chrome,Chrome,10080,1440741,178766,1619507,MOBILE,0
4156,1779166800000,2026-05-19T13:00:00,mock-device-uuid-12345,com.instagram.android,Instagram,10246,4391549,1096014,5487563,MOBILE,0
4157,1779170400000,2026-05-19T14:00:00,mock-device-uuid-12345,com.tencent.ig,PUBG Mobile,10352,8442953,1293090,9736043,MOBILE,0
4158,1779170400000,2026-05-19T14:00:00,mock-device-uuid-12345,com.facebook.katana,Facebook,10245,4617025,290557,4907582,MOBILE,0
4159,1779170400000,2026-05-19T14:00:00,mock-device-uuid-12345,com.google.android.youtube,YouTube,10101,6359480,747595,7107075,MOBILE,0
4160,1779170400000,2026-05-19T14:00:00,mock-device-uuid-12345,com.android.chrome,Chrome,10080,1197618,123392,1321010,MOBILE,0
4161,1779170400000,2026-05-19T14:00:00,mock-device-uuid-12345,com.spotify.music,Spotify,10299,20409600,4391529,24801129,MOBILE,0
4162,1779174000000,2026-05-19T15:00:00,mock-device-uuid-12345,com.google.android.youtube,YouTube,10101,19011299,3653734,22665033,MOBILE,0
4163,1779174000000,2026-05-19T15:00:00,mock-device-uuid-12345,com.android.chrome,Chrome,10080,10843894,1059536,11903430,MOBILE,0
4164,1779174000000,2026-05-19T15:00:00,mock-device-uuid-12345,com.facebook.katana,Facebook,10245,938641,228976,1167617,MOBILE,0
4165,1779174000000,2026-05-19T15:00:00,mock-device-uuid-12345,com.zhiliaoapp.musically,TikTok,10310,3998170,330474,4328644,MOBILE,0
4166,1779177600000,2026-05-19T16:00:00,mock-device-uuid-12345,com.android.chrome,Chrome,10080,10394546,2330585,12725131,MOBILE,0
4167,1779177600000,2026-05-19T16:00:00,mock-device-uuid-12345,com.zhiliaoapp.musically,TikTok,10310,21652272,3148121,24800393,MOBILE,0
4168,1779177600000,2026-05-19T16:00:00,mock-device-uuid-12345,com.facebook.katana,Facebook,10245,15574749,2696513,18271262,MOBILE,0
4169,1779177600000,2026-05-19T16:00:00,mock-device-uuid-12345,com.instagram.android,Instagram,10246,11078653,1481543,12560196,MOBILE,0
4170,1779181200000,2026-05-19T17:00:00,mock-device-uuid-12345,com.tencent.ig,PUBG Mobile,10352,29349937,3836612,33186549,MOBILE,0
4171,1779181200000,2026-05-19T17:00:00,mock-device-uuid-12345,com.zhiliaoapp.musically,TikTok,10310,14613928,1064651,15678579,MOBILE,0
4172,1779181200000,2026-05-19T17:00:00,mock-device-uuid-12345,com.android.chrome,Chrome,10080,4125509,826681,4952190,MOBILE,0
4173,1779181200000,2026-05-19T17:00:00,mock-device-uuid-12345,com.instagram.android,Instagram,10246,791163,132433,923596,MOBILE,0
4174,1779181200000,2026-05-19T17:00:00,mock-device-uuid-12345,com.google.android.youtube,YouTube,10101,1392261,87904,1480165,MOBILE,0
4175,1779184800000,2026-05-19T18:00:00,mock-device-uuid-12345,com.tencent.ig,PUBG Mobile,10352,40716410,7476765,48193175,MOBILE,0
4176,1779184800000,2026-05-19T18:00:00,mock-device-uuid-12345,com.spotify.music,Spotify,10299,101285546,23217656,124503202,MOBILE,0
4177,1779188400000,2026-05-19T19:00:00,mock-device-uuid-12345,com.tencent.ig,PUBG Mobile,10352,109024655,11051938,120076593,MOBILE,0
4178,1779188400000,2026-05-19T19:00:00,mock-device-uuid-12345,com.instagram.android,Instagram,10246,6612150,1647724,8259874,MOBILE,0
4179,1779188400000,2026-05-19T19:00:00,mock-device-uuid-12345,com.facebook.katana,Facebook,10245,57255363,3288792,60544155,MOBILE,0
4180,1779192000000,2026-05-19T20:00:00,mock-device-uuid-12345,com.tencent.ig,PUBG Mobile,10352,107519982,17548795,125068777,MOBILE,0
4181,1779192000000,2026-05-19T20:00:00,mock-device-uuid-12345,com.zhiliaoapp.musically,TikTok,10310,33486638,7336170,40822808,MOBILE,0
4182,1779192000000,2026-05-19T20:00:00,mock-device-uuid-12345,com.google.android.youtube,YouTube,10101,8984397,1573393,10557790,MOBILE,0
4183,1779192000000,2026-05-19T20:00:00,mock-device-uuid-12345,com.android.chrome,Chrome,10080,9594118,589701,10183819,MOBILE,0
4184,1779192000000,2026-05-19T20:00:00,mock-device-uuid-12345,com.instagram.android,Instagram,10246,15810589,1082718,16893307,MOBILE,0
4185,1779195600000,2026-05-19T21:00:00,mock-device-uuid-12345,com.instagram.android,Instagram,10246,92276471,20797089,113073560,MOBILE,0
4186,1779195600000,2026-05-19T21:00:00,mock-device-uuid-12345,com.zhiliaoapp.musically,TikTok,10310,22193851,3248456,25442307,MOBILE,0
4187,1779195600000,2026-05-19T21:00:00,mock-device-uuid-12345,com.facebook.katana,Facebook,10245,45105414,3399902,48505316,MOBILE,0
4188,1779199200000,2026-05-19T22:00:00,mock-device-uuid-12345,com.zhiliaoapp.musically,TikTok,10310,17546900,4111740,21658640,MOBILE,0
4189,1779199200000,2026-05-19T22:00:00,mock-device-uuid-12345,com.android.chrome,Chrome,10080,98164528,11541808,109706336,MOBILE,0
4190,1779199200000,2026-05-19T22:00:00,mock-device-uuid-12345,com.google.android.youtube,YouTube,10101,47464726,7289907,54754633,MOBILE,0
4191,1779199200000,2026-05-19T22:00:00,mock-device-uuid-12345,com.spotify.music,Spotify,10299,12143311,1037699,13181010,MOBILE,0
4192,1779199200000,2026-05-19T22:00:00,mock-device-uuid-12345,com.tencent.ig,PUBG Mobile,10352,19408590,2888767,22297357,MOBILE,0
4193,1779202800000,2026-05-19T23:00:00,mock-device-uuid-12345,com.google.android.youtube,YouTube,10101,8403845,521237,8925082,MOBILE,0
4194,1779202800000,2026-05-19T23:00:00,mock-device-uuid-12345,com.spotify.music,Spotify,10299,19297982,1317753,20615735,MOBILE,0
4195,1779202800000,2026-05-19T23:00:00,mock-device-uuid-12345,com.android.chrome,Chrome,10080,13483485,1923470,15406955,MOBILE,0
4196,1779202800000,2026-05-19T23:00:00,mock-device-uuid-12345,com.instagram.android,Instagram,10246,8018433,460208,8478641,MOBILE,0
4197,1779206400000,2026-05-20T00:00:00,mock-device-uuid-12345,com.instagram.android,Instagram,10246,1116345,238298,1354643,MOBILE,0
4198,1779206400000,2026-05-20T00:00:00,mock-device-uuid-12345,com.zhiliaoapp.musically,TikTok,10310,4956258,852235,5808493,MOBILE,0
4199,1779210000000,2026-05-20T01:00:00,mock-device-uuid-12345,com.spotify.music,Spotify,10299,0,0,0,MOBILE,0
4200,1779210000000,2026-05-20T01:00:00,mock-device-uuid-12345,com.instagram.android,Instagram,10246,0,0,0,MOBILE,0
4201,1779210000000,2026-05-20T01:00:00,mock-device-uuid-12345,com.facebook.katana,Facebook,10245,0,0,0,MOBILE,0
4202,1779213600000,2026-05-20T02:00:00,mock-device-uuid-12345,com.android.chrome,Chrome,10080,1086549,174391,1260940,MOBILE,0
4203,1779213600000,2026-05-20T02:00:00,mock-device-uuid-12345,com.tencent.ig,PUBG Mobile,10352,241373,30708,272081,MOBILE,0
4204,1779213600000,2026-05-20T02:00:00,mock-device-uuid-12345,com.zhiliaoapp.musically,TikTok,10310,3429982,426677,3856659,MOBILE,0
4205,1779217200000,2026-05-20T03:00:00,mock-device-uuid-12345,com.android.chrome,Chrome,10080,1776863,228054,2004917,MOBILE,0
4206,1779217200000,2026-05-20T03:00:00,mock-device-uuid-12345,com.google.android.youtube,YouTube,10101,8030175,1601703,9631878,MOBILE,0
4207,1779217200000,2026-05-20T03:00:00,mock-device-uuid-12345,com.instagram.android,Instagram,10246,2785835,187295,2973130,MOBILE,0
4208,1779217200000,2026-05-20T03:00:00,mock-device-uuid-12345,com.tencent.ig,PUBG Mobile,10352,2242389,340888,2583277,MOBILE,0
4209,1779217200000,2026-05-20T03:00:00,mock-device-uuid-12345,com.zhiliaoapp.musically,TikTok,10310,5710561,735122,6445683,MOBILE,0
4210,1779220800000,2026-05-20T04:00:00,mock-device-uuid-12345,com.instagram.android,Instagram,10246,10431659,796271,11227930,MOBILE,0
4211,1779220800000,2026-05-20T04:00:00,mock-device-uuid-12345,com.zhiliaoapp.musically,TikTok,10310,6044070,504754,6548824,MOBILE,0
4212,1779220800000,2026-05-20T04:00:00,mock-device-uuid-12345,com.spotify.music,Spotify,10299,5021377,1173363,6194740,MOBILE,0
4213,1779224400000,2026-05-20T05:00:00,mock-device-uuid-12345,com.facebook.katana,Facebook,10245,3678076,618201,4296277,MOBILE,0
4214,1779224400000,2026-05-20T05:00:00,mock-device-uuid-12345,com.instagram.android,Instagram,10246,699038,41026,740064,MOBILE,0
4215,1779224400000,2026-05-20T05:00:00,mock-device-uuid-12345,com.android.chrome,Chrome,10080,1538860,376857,1915717,MOBILE,0
4216,1779228000000,2026-05-20T06:00:00,mock-device-uuid-12345,com.google.android.youtube,YouTube,10101,5833599,1393356,7226955,MOBILE,0
4217,1779228000000,2026-05-20T06:00:00,mock-device-uuid-12345,com.tencent.ig,PUBG Mobile,10352,8730646,1069946,9800592,MOBILE,0
4218,1779228000000,2026-05-20T06:00:00,mock-device-uuid-12345,com.facebook.katana,Facebook,10245,8126351,566306,8692657,MOBILE,0
4219,1779231600000,2026-05-20T07:00:00,mock-device-uuid-12345,com.tencent.ig,PUBG Mobile,10352,37111433,2141916,39253349,MOBILE,0
4220,1779231600000,2026-05-20T07:00:00,mock-device-uuid-12345,com.zhiliaoapp.musically,TikTok,10310,23295125,5345668,28640793,MOBILE,0
4221,1779235200000,2026-05-20T08:00:00,mock-device-uuid-12345,com.tencent.ig,PUBG Mobile,10352,42065733,8468273,50534006,MOBILE,0
4222,1779235200000,2026-05-20T08:00:00,mock-device-uuid-12345,com.facebook.katana,Facebook,10245,4750171,1008409,5758580,MOBILE,0
4223,1779235200000,2026-05-20T08:00:00,mock-device-uuid-12345,com.spotify.music,Spotify,10299,16497881,1069967,17567848,MOBILE,0
4224,1779238800000,2026-05-20T09:00:00,mock-device-uuid-12345,com.spotify.music,Spotify,10299,16463328,2281374,18744702,MOBILE,0
4225,1779238800000,2026-05-20T09:00:00,mock-device-uuid-12345,com.android.chrome,Chrome,10080,20855870,4434311,25290181,MOBILE,0
4226,1779238800000,2026-05-20T09:00:00,mock-device-uuid-12345,com.facebook.katana,Facebook,10245,12155014,717345,12872359,MOBILE,0
4227,1779238800000,2026-05-20T09:00:00,mock-device-uuid-12345,com.zhiliaoapp.musically,TikTok,10310,1570621,312153,1882774,MOBILE,0
4228,1779238800000,2026-05-20T09:00:00,mock-device-uuid-12345,com.google.android.youtube,YouTube,10101,8897293,1176450,10073743,MOBILE,0
4229,1779242400000,2026-05-20T10:00:00,mock-device-uuid-12345,com.android.chrome,Chrome,10080,3679300,295699,3974999,MOBILE,0
4230,1779242400000,2026-05-20T10:00:00,mock-device-uuid-12345,com.instagram.android,Instagram,10246,46404486,8006694,54411180,MOBILE,0
4231,1779246000000,2026-05-20T11:00:00,mock-device-uuid-12345,com.google.android.youtube,YouTube,10101,9961153,2082782,12043935,MOBILE,0
4232,1779246000000,2026-05-20T11:00:00,mock-device-uuid-12345,com.tencent.ig,PUBG Mobile,10352,22607136,5209600,27816736,MOBILE,0
4233,1779249600000,2026-05-20T12:00:00,mock-device-uuid-12345,com.tencent.ig,PUBG Mobile,10352,28805099,1829572,30634671,MOBILE,0
4234,1779249600000,2026-05-20T12:00:00,mock-device-uuid-12345,com.facebook.katana,Facebook,10245,4764325,528469,5292794,MOBILE,0
4235,1779249600000,2026-05-20T12:00:00,mock-device-uuid-12345,com.android.chrome,Chrome,10080,34459390,5654512,40113902,MOBILE,0
4236,1779253200000,2026-05-20T13:00:00,mock-device-uuid-12345,com.facebook.katana,Facebook,10245,23347693,2021298,25368991,MOBILE,0
4237,1779253200000,2026-05-20T13:00:00,mock-device-uuid-12345,com.android.chrome,Chrome,10080,1445583,89028,1534611,MOBILE,0
4238,1779253200000,2026-05-20T13:00:00,mock-device-uuid-12345,com.tencent.ig,PUBG Mobile,10352,9182985,1042334,10225319,MOBILE,0
4239,1779256800000,2026-05-20T14:00:00,mock-device-uuid-12345,com.tencent.ig,PUBG Mobile,10352,9954486,734368,10688854,MOBILE,0
4240,1779256800000,2026-05-20T14:00:00,mock-device-uuid-12345,com.spotify.music,Spotify,10299,16305656,2457786,18763442,MOBILE,0
4241,1779260400000,2026-05-20T15:00:00,mock-device-uuid-12345,com.zhiliaoapp.musically,TikTok,10310,26653541,3117208,29770749,MOBILE,0
4242,1779260400000,2026-05-20T15:00:00,mock-device-uuid-12345,com.android.chrome,Chrome,10080,14470520,1216491,15687011,MOBILE,0
4243,1779264000000,2026-05-20T16:00:00,mock-device-uuid-12345,com.zhiliaoapp.musically,TikTok,10310,13126849,2088734,15215583,MOBILE,0
4244,1779264000000,2026-05-20T16:00:00,mock-device-uuid-12345,com.facebook.katana,Facebook,10245,17631374,2640419,20271793,MOBILE,0
4245,1779267600000,2026-05-20T17:00:00,mock-device-uuid-12345,com.google.android.youtube,YouTube,10101,30219162,7037817,37256979,MOBILE,0
4246,1779267600000,2026-05-20T17:00:00,mock-device-uuid-12345,com.zhiliaoapp.musically,TikTok,10310,7022946,445264,7468210,MOBILE,0
4247,1779267600000,2026-05-20T17:00:00,mock-device-uuid-12345,com.facebook.katana,Facebook,10245,5580022,1182486,6762508,MOBILE,0
4248,1779267600000,2026-05-20T17:00:00,mock-device-uuid-12345,com.android.chrome,Chrome,10080,2093512,156648,2250160,MOBILE,0
4249,1779267600000,2026-05-20T17:00:00,mock-device-uuid-12345,com.instagram.android,Instagram,10246,2436712,183661,2620373,MOBILE,0
4250,1779271200000,2026-05-20T18:00:00,mock-device-uuid-12345,com.spotify.music,Spotify,10299,13057776,893197,13950973,MOBILE,0
4251,1779271200000,2026-05-20T18:00:00,mock-device-uuid-12345,com.google.android.youtube,YouTube,10101,121838172,24070355,145908527,MOBILE,0
4252,1779274800000,2026-05-20T19:00:00,mock-device-uuid-12345,com.facebook.katana,Facebook,10245,14305349,2044501,16349850,MOBILE,0
4253,1779274800000,2026-05-20T19:00:00,mock-device-uuid-12345,com.android.chrome,Chrome,10080,184069888,11407608,195477496,MOBILE,0
4254,1779278400000,2026-05-20T20:00:00,mock-device-uuid-12345,com.android.chrome,Chrome,10080,86551419,14120346,100671765,MOBILE,0
4255,1779278400000,2026-05-20T20:00:00,mock-device-uuid-12345,com.zhiliaoapp.musically,TikTok,10310,51348764,8901912,60250676,MOBILE,0
4256,1779282000000,2026-05-20T21:00:00,mock-device-uuid-12345,com.tencent.ig,PUBG Mobile,10352,39594110,7767707,47361817,MOBILE,0
4257,1779282000000,2026-05-20T21:00:00,mock-device-uuid-12345,com.instagram.android,Instagram,10246,70610019,11002296,81612315,MOBILE,0
4258,1779282000000,2026-05-20T21:00:00,mock-device-uuid-12345,com.spotify.music,Spotify,10299,53602616,8278029,61880645,MOBILE,0
4259,1779285600000,2026-05-20T22:00:00,mock-device-uuid-12345,com.zhiliaoapp.musically,TikTok,10310,63442062,4850593,68292655,MOBILE,0
4260,1779285600000,2026-05-20T22:00:00,mock-device-uuid-12345,com.tencent.ig,PUBG Mobile,10352,17836895,3195985,21032880,MOBILE,0
4261,1779285600000,2026-05-20T22:00:00,mock-device-uuid-12345,com.instagram.android,Instagram,10246,17103618,1195933,18299551,MOBILE,0
4262,1779285600000,2026-05-20T22:00:00,mock-device-uuid-12345,com.google.android.youtube,YouTube,10101,107454751,19505905,126960656,MOBILE,0
4263,1779289200000,2026-05-20T23:00:00,mock-device-uuid-12345,com.tencent.ig,PUBG Mobile,10352,31571293,5867090,37438383,MOBILE,0
4264,1779289200000,2026-05-20T23:00:00,mock-device-uuid-12345,com.facebook.katana,Facebook,10245,3257071,285476,3542547,MOBILE,0
4265,1779289200000,2026-05-20T23:00:00,mock-device-uuid-12345,com.zhiliaoapp.musically,TikTok,10310,2263744,193821,2457565,MOBILE,0
4266,1779289200000,2026-05-20T23:00:00,mock-device-uuid-12345,com.spotify.music,Spotify,10299,9304626,1621034,10925660,MOBILE,0
4267,1779292800000,2026-05-21T00:00:00,mock-device-uuid-12345,com.tencent.ig,PUBG Mobile,10352,3358320,803564,4161884,MOBILE,0
4268,1779292800000,2026-05-21T00:00:00,mock-device-uuid-12345,com.android.chrome,Chrome,10080,1382861,99634,1482495,MOBILE,0
4269,1779292800000,2026-05-21T00:00:00,mock-device-uuid-12345,com.google.android.youtube,YouTube,10101,262447,35795,298242,MOBILE,0
4270,1779292800000,2026-05-21T00:00:00,mock-device-uuid-12345,com.facebook.katana,Facebook,10245,1327791,253749,1581540,MOBILE,0
4271,1779296400000,2026-05-21T01:00:00,mock-device-uuid-12345,com.spotify.music,Spotify,10299,718070,143422,861492,MOBILE,0
4272,1779296400000,2026-05-21T01:00:00,mock-device-uuid-12345,com.google.android.youtube,YouTube,10101,2796378,439761,3236139,MOBILE,0
4273,1779296400000,2026-05-21T01:00:00,mock-device-uuid-12345,com.android.chrome,Chrome,10080,706018,39838,745856,MOBILE,0
4274,1779296400000,2026-05-21T01:00:00,mock-device-uuid-12345,com.facebook.katana,Facebook,10245,3194081,359006,3553087,MOBILE,0
4275,1779300000000,2026-05-21T02:00:00,mock-device-uuid-12345,com.facebook.katana,Facebook,10245,122179,15973,138152,MOBILE,0
4276,1779300000000,2026-05-21T02:00:00,mock-device-uuid-12345,com.android.chrome,Chrome,10080,136176,22735,158911,MOBILE,0
4277,1779300000000,2026-05-21T02:00:00,mock-device-uuid-12345,com.tencent.ig,PUBG Mobile,10352,207455,17831,225286,MOBILE,0
4278,1779300000000,2026-05-21T02:00:00,mock-device-uuid-12345,com.google.android.youtube,YouTube,10101,516909,42976,559885,MOBILE,0
4279,1779303600000,2026-05-21T03:00:00,mock-device-uuid-12345,com.android.chrome,Chrome,10080,12679412,770674,13450086,MOBILE,0
4280,1779303600000,2026-05-21T03:00:00,mock-device-uuid-12345,com.spotify.music,Spotify,10299,1037435,150961,1188396,MOBILE,0
4281,1779303600000,2026-05-21T03:00:00,mock-device-uuid-12345,com.zhiliaoapp.musically,TikTok,10310,5203907,737067,5940974,MOBILE,0
4282,1779307200000,2026-05-21T04:00:00,mock-device-uuid-12345,com.facebook.katana,Facebook,10245,185816,28002,213818,MOBILE,0
4283,1779307200000,2026-05-21T04:00:00,mock-device-uuid-12345,com.android.chrome,Chrome,10080,34440,2714,37154,MOBILE,0
4284,1779307200000,2026-05-21T04:00:00,mock-device-uuid-12345,com.zhiliaoapp.musically,TikTok,10310,172308,29459,201767,MOBILE,0
4285,1779307200000,2026-05-21T04:00:00,mock-device-uuid-12345,com.google.android.youtube,YouTube,10101,450433,48303,498736,MOBILE,0
4286,1779310800000,2026-05-21T05:00:00,mock-device-uuid-12345,com.zhiliaoapp.musically,TikTok,10310,2727781,637499,3365280,MOBILE,0
4287,1779310800000,2026-05-21T05:00:00,mock-device-uuid-12345,com.facebook.katana,Facebook,10245,5248477,1198625,6447102,MOBILE,0
4288,1779310800000,2026-05-21T05:00:00,mock-device-uuid-12345,com.instagram.android,Instagram,10246,14072442,1719303,15791745,MOBILE,0
4289,1779314400000,2026-05-21T06:00:00,mock-device-uuid-12345,com.spotify.music,Spotify,10299,10574037,1264719,11838756,MOBILE,0
4290,1779314400000,2026-05-21T06:00:00,mock-device-uuid-12345,com.android.chrome,Chrome,10080,28324498,2271984,30596482,MOBILE,0
4291,1779314400000,2026-05-21T06:00:00,mock-device-uuid-12345,com.facebook.katana,Facebook,10245,15678455,3466448,19144903,MOBILE,0
4292,1779318000000,2026-05-21T07:00:00,mock-device-uuid-12345,com.google.android.youtube,YouTube,10101,31560865,6882225,38443090,MOBILE,0
4293,1779318000000,2026-05-21T07:00:00,mock-device-uuid-12345,com.facebook.katana,Facebook,10245,33145496,8263726,41409222,MOBILE,0
4294,1779321600000,2026-05-21T08:00:00,mock-device-uuid-12345,com.spotify.music,Spotify,10299,23749227,3811937,27561164,MOBILE,0
4295,1779321600000,2026-05-21T08:00:00,mock-device-uuid-12345,com.google.android.youtube,YouTube,10101,14376235,1308600,15684835,MOBILE,0
4296,1779325200000,2026-05-21T09:00:00,mock-device-uuid-12345,com.spotify.music,Spotify,10299,22353384,3742885,26096269,MOBILE,0
4297,1779325200000,2026-05-21T09:00:00,mock-device-uuid-12345,com.zhiliaoapp.musically,TikTok,10310,4352314,328658,4680972,MOBILE,0
4298,1779325200000,2026-05-21T09:00:00,mock-device-uuid-12345,com.facebook.katana,Facebook,10245,31443611,1821240,33264851,MOBILE,0
4299,1779328800000,2026-05-21T10:00:00,mock-device-uuid-12345,com.google.android.youtube,YouTube,10101,4957245,687559,5644804,MOBILE,0
4300,1779328800000,2026-05-21T10:00:00,mock-device-uuid-12345,com.zhiliaoapp.musically,TikTok,10310,6905071,628525,7533596,MOBILE,0
4301,1779328800000,2026-05-21T10:00:00,mock-device-uuid-12345,com.android.chrome,Chrome,10080,1181838,206429,1388267,MOBILE,0
4302,1779328800000,2026-05-21T10:00:00,mock-device-uuid-12345,com.spotify.music,Spotify,10299,1671992,203959,1875951,MOBILE,0
4303,1779328800000,2026-05-21T10:00:00,mock-device-uuid-12345,com.tencent.ig,PUBG Mobile,10352,1032156,224032,1256188,MOBILE,0
4304,1779332400000,2026-05-21T11:00:00,mock-device-uuid-12345,com.android.chrome,Chrome,10080,33405677,3397285,36802962,MOBILE,0
4305,1779332400000,2026-05-21T11:00:00,mock-device-uuid-12345,com.google.android.youtube,YouTube,10101,4154554,906925,5061479,MOBILE,0
4306,1779332400000,2026-05-21T11:00:00,mock-device-uuid-12345,com.tencent.ig,PUBG Mobile,10352,8582593,765038,9347631,MOBILE,0
4307,1779332400000,2026-05-21T11:00:00,mock-device-uuid-12345,com.instagram.android,Instagram,10246,9834700,549624,10384324,MOBILE,0
4308,1779332400000,2026-05-21T11:00:00,mock-device-uuid-12345,com.spotify.music,Spotify,10299,10906938,1975969,12882907,MOBILE,0
4309,1779336000000,2026-05-21T12:00:00,mock-device-uuid-12345,com.zhiliaoapp.musically,TikTok,10310,19451495,3357654,22809149,MOBILE,0
4310,1779336000000,2026-05-21T12:00:00,mock-device-uuid-12345,com.google.android.youtube,YouTube,10101,3539665,329977,3869642,MOBILE,0
4311,1779336000000,2026-05-21T12:00:00,mock-device-uuid-12345,com.spotify.music,Spotify,10299,2083365,266767,2350132,MOBILE,0
4312,1779336000000,2026-05-21T12:00:00,mock-device-uuid-12345,com.android.chrome,Chrome,10080,2524982,481244,3006226,MOBILE,0
4313,1779336000000,2026-05-21T12:00:00,mock-device-uuid-12345,com.facebook.katana,Facebook,10245,4629160,269156,4898316,MOBILE,0
4314,1779339600000,2026-05-21T13:00:00,mock-device-uuid-12345,com.google.android.youtube,YouTube,10101,23804214,2799895,26604109,MOBILE,0
4315,1779339600000,2026-05-21T13:00:00,mock-device-uuid-12345,com.facebook.katana,Facebook,10245,5208514,1207460,6415974,MOBILE,0
4316,1779339600000,2026-05-21T13:00:00,mock-device-uuid-12345,com.instagram.android,Instagram,10246,11130658,1625133,12755791,MOBILE,0
4317,1779339600000,2026-05-21T13:00:00,mock-device-uuid-12345,com.zhiliaoapp.musically,TikTok,10310,5361378,1326018,6687396,MOBILE,0
4318,1779339600000,2026-05-21T13:00:00,mock-device-uuid-12345,com.tencent.ig,PUBG Mobile,10352,7592771,1232386,8825157,MOBILE,0
4319,1779343200000,2026-05-21T14:00:00,mock-device-uuid-12345,com.android.chrome,Chrome,10080,23257120,5740269,28997389,MOBILE,0
4320,1779343200000,2026-05-21T14:00:00,mock-device-uuid-12345,com.facebook.katana,Facebook,10245,8404053,2061478,10465531,MOBILE,0
4321,1779343200000,2026-05-21T14:00:00,mock-device-uuid-12345,com.spotify.music,Spotify,10299,1494316,141609,1635925,MOBILE,0
4322,1779343200000,2026-05-21T14:00:00,mock-device-uuid-12345,com.tencent.ig,PUBG Mobile,10352,3161742,243493,3405235,MOBILE,0
4323,1779346800000,2026-05-21T15:00:00,mock-device-uuid-12345,com.google.android.youtube,YouTube,10101,13779895,2930807,16710702,MOBILE,0
4324,1779346800000,2026-05-21T15:00:00,mock-device-uuid-12345,com.tencent.ig,PUBG Mobile,10352,38763116,5737224,44500340,MOBILE,0
4325,1779350400000,2026-05-21T16:00:00,mock-device-uuid-12345,com.spotify.music,Spotify,10299,10033293,1889569,11922862,MOBILE,0
4326,1779350400000,2026-05-21T16:00:00,mock-device-uuid-12345,com.instagram.android,Instagram,10246,2988801,702947,3691748,MOBILE,0
4327,1779350400000,2026-05-21T16:00:00,mock-device-uuid-12345,com.google.android.youtube,YouTube,10101,878935,84385,963320,MOBILE,0
4328,1779350400000,2026-05-21T16:00:00,mock-device-uuid-12345,com.android.chrome,Chrome,10080,140774,24192,164966,MOBILE,0
4329,1779350400000,2026-05-21T16:00:00,mock-device-uuid-12345,com.zhiliaoapp.musically,TikTok,10310,1048207,73379,1121586,MOBILE,0
4330,1779354000000,2026-05-21T17:00:00,mock-device-uuid-12345,com.facebook.katana,Facebook,10245,4764085,870222,5634307,MOBILE,0
4331,1779354000000,2026-05-21T17:00:00,mock-device-uuid-12345,com.tencent.ig,PUBG Mobile,10352,4372945,693748,5066693,MOBILE,0
4332,1779354000000,2026-05-21T17:00:00,mock-device-uuid-12345,com.android.chrome,Chrome,10080,6113376,624610,6737986,MOBILE,0
4333,1779354000000,2026-05-21T17:00:00,mock-device-uuid-12345,com.instagram.android,Instagram,10246,10431130,1039446,11470576,MOBILE,0
4334,1779354000000,2026-05-21T17:00:00,mock-device-uuid-12345,com.google.android.youtube,YouTube,10101,8723535,2006219,10729754,MOBILE,0
4335,1779357600000,2026-05-21T18:00:00,mock-device-uuid-12345,com.android.chrome,Chrome,10080,79541360,12380275,91921635,MOBILE,0
4336,1779357600000,2026-05-21T18:00:00,mock-device-uuid-12345,com.facebook.katana,Facebook,10245,23913607,5382404,29296011,MOBILE,0
4337,1779357600000,2026-05-21T18:00:00,mock-device-uuid-12345,com.zhiliaoapp.musically,TikTok,10310,26765459,3683043,30448502,MOBILE,0
4338,1779357600000,2026-05-21T18:00:00,mock-device-uuid-12345,com.tencent.ig,PUBG Mobile,10352,30698449,3425661,34124110,MOBILE,0
4339,1779361200000,2026-05-21T19:00:00,mock-device-uuid-12345,com.tencent.ig,PUBG Mobile,10352,13309027,924811,14233838,MOBILE,0
4340,1779361200000,2026-05-21T19:00:00,mock-device-uuid-12345,com.android.chrome,Chrome,10080,117470950,20512270,137983220,MOBILE,0
4341,1779364800000,2026-05-21T20:00:00,mock-device-uuid-12345,com.instagram.android,Instagram,10246,128152329,31572495,159724824,MOBILE,0
4342,1779364800000,2026-05-21T20:00:00,mock-device-uuid-12345,com.zhiliaoapp.musically,TikTok,10310,57500959,5633212,63134171,MOBILE,0
4343,1779364800000,2026-05-21T20:00:00,mock-device-uuid-12345,com.tencent.ig,PUBG Mobile,10352,32222117,2966415,35188532,MOBILE,0
4344,1779368400000,2026-05-21T21:00:00,mock-device-uuid-12345,com.android.chrome,Chrome,10080,61401104,5826911,67228015,MOBILE,0
4345,1779368400000,2026-05-21T21:00:00,mock-device-uuid-12345,com.tencent.ig,PUBG Mobile,10352,146866227,20923725,167789952,MOBILE,0
4346,1779372000000,2026-05-21T22:00:00,mock-device-uuid-12345,com.zhiliaoapp.musically,TikTok,10310,35773176,3257401,39030577,MOBILE,0
4347,1779372000000,2026-05-21T22:00:00,mock-device-uuid-12345,com.instagram.android,Instagram,10246,48502450,4679663,53182113,MOBILE,0
4348,1779372000000,2026-05-21T22:00:00,mock-device-uuid-12345,com.facebook.katana,Facebook,10245,29033451,4722538,33755989,MOBILE,0
4349,1779372000000,2026-05-21T22:00:00,mock-device-uuid-12345,com.spotify.music,Spotify,10299,60241256,4660255,64901511,MOBILE,0
4350,1779375600000,2026-05-21T23:00:00,mock-device-uuid-12345,com.instagram.android,Instagram,10246,17298137,1680873,18979010,MOBILE,0
4351,1779375600000,2026-05-21T23:00:00,mock-device-uuid-12345,com.tencent.ig,PUBG Mobile,10352,56206935,5683800,61890735,MOBILE,0
4352,1779379200000,2026-05-22T00:00:00,mock-device-uuid-12345,com.tencent.ig,PUBG Mobile,10352,791819,176298,968117,MOBILE,0
4353,1779379200000,2026-05-22T00:00:00,mock-device-uuid-12345,com.facebook.katana,Facebook,10245,2350091,394829,2744920,MOBILE,0
4354,1779379200000,2026-05-22T00:00:00,mock-device-uuid-12345,com.android.chrome,Chrome,10080,4264639,829417,5094056,MOBILE,0
4355,1779382800000,2026-05-22T01:00:00,mock-device-uuid-12345,com.spotify.music,Spotify,10299,3183696,472786,3656482,MOBILE,0
4356,1779382800000,2026-05-22T01:00:00,mock-device-uuid-12345,com.android.chrome,Chrome,10080,1470304,366388,1836692,MOBILE,0
4357,1779386400000,2026-05-22T02:00:00,mock-device-uuid-12345,com.instagram.android,Instagram,10246,3838330,942656,4780986,MOBILE,0
4358,1779386400000,2026-05-22T02:00:00,mock-device-uuid-12345,com.facebook.katana,Facebook,10245,2142847,134644,2277491,MOBILE,0
4359,1779386400000,2026-05-22T02:00:00,mock-device-uuid-12345,com.google.android.youtube,YouTube,10101,1340811,111365,1452176,MOBILE,0
4360,1779386400000,2026-05-22T02:00:00,mock-device-uuid-12345,com.zhiliaoapp.musically,TikTok,10310,669010,115757,784767,MOBILE,0
4361,1779386400000,2026-05-22T02:00:00,mock-device-uuid-12345,com.spotify.music,Spotify,10299,835787,45849,881636,MOBILE,0
4362,1779390000000,2026-05-22T03:00:00,mock-device-uuid-12345,com.instagram.android,Instagram,10246,1151913,125736,1277649,MOBILE,0
4363,1779390000000,2026-05-22T03:00:00,mock-device-uuid-12345,com.zhiliaoapp.musically,TikTok,10310,418990,53998,472988,MOBILE,0
4364,1779390000000,2026-05-22T03:00:00,mock-device-uuid-12345,com.android.chrome,Chrome,10080,309119,22311,331430,MOBILE,0
4365,1779390000000,2026-05-22T03:00:00,mock-device-uuid-12345,com.tencent.ig,PUBG Mobile,10352,498175,112604,610779,MOBILE,0
4366,1779393600000,2026-05-22T04:00:00,mock-device-uuid-12345,com.zhiliaoapp.musically,TikTok,10310,6087123,1421803,7508926,MOBILE,0
4367,1779393600000,2026-05-22T04:00:00,mock-device-uuid-12345,com.facebook.katana,Facebook,10245,395006,62011,457017,MOBILE,0
4368,1779393600000,2026-05-22T04:00:00,mock-device-uuid-12345,com.google.android.youtube,YouTube,10101,443823,44050,487873,MOBILE,0
4369,1779393600000,2026-05-22T04:00:00,mock-device-uuid-12345,com.spotify.music,Spotify,10299,895742,206459,1102201,MOBILE,0
4370,1779393600000,2026-05-22T04:00:00,mock-device-uuid-12345,com.tencent.ig,PUBG Mobile,10352,4625736,573911,5199647,MOBILE,0
4371,1779397200000,2026-05-22T05:00:00,mock-device-uuid-12345,com.android.chrome,Chrome,10080,8716743,1816412,10533155,MOBILE,0
4372,1779397200000,2026-05-22T05:00:00,mock-device-uuid-12345,com.google.android.youtube,YouTube,10101,4461534,672915,5134449,MOBILE,0
4373,1779397200000,2026-05-22T05:00:00,mock-device-uuid-12345,com.tencent.ig,PUBG Mobile,10352,2063597,393902,2457499,MOBILE,0
4374,1779397200000,2026-05-22T05:00:00,mock-device-uuid-12345,com.spotify.music,Spotify,10299,2612286,575441,3187727,MOBILE,0
4375,1779400800000,2026-05-22T06:00:00,mock-device-uuid-12345,com.zhiliaoapp.musically,TikTok,10310,4345819,502314,4848133,MOBILE,0
4376,1779400800000,2026-05-22T06:00:00,mock-device-uuid-12345,com.tencent.ig,PUBG Mobile,10352,29688874,5584656,35273530,MOBILE,0
4377,1779404400000,2026-05-22T07:00:00,mock-device-uuid-12345,com.google.android.youtube,YouTube,10101,16906052,1414698,18320750,MOBILE,0
4378,1779404400000,2026-05-22T07:00:00,mock-device-uuid-12345,com.spotify.music,Spotify,10299,10574188,2147084,12721272,MOBILE,0
4379,1779404400000,2026-05-22T07:00:00,mock-device-uuid-12345,com.zhiliaoapp.musically,TikTok,10310,6917358,1689383,8606741,MOBILE,0
4380,1779404400000,2026-05-22T07:00:00,mock-device-uuid-12345,com.instagram.android,Instagram,10246,14288922,912590,15201512,MOBILE,0
4381,1779408000000,2026-05-22T08:00:00,mock-device-uuid-12345,com.spotify.music,Spotify,10299,12464580,1709818,14174398,MOBILE,0
4382,1779408000000,2026-05-22T08:00:00,mock-device-uuid-12345,com.zhiliaoapp.musically,TikTok,10310,15966482,3814928,19781410,MOBILE,0
4383,1779408000000,2026-05-22T08:00:00,mock-device-uuid-12345,com.tencent.ig,PUBG Mobile,10352,13222135,1127120,14349255,MOBILE,0
4384,1779411600000,2026-05-22T09:00:00,mock-device-uuid-12345,com.zhiliaoapp.musically,TikTok,10310,16257496,2396713,18654209,MOBILE,0
4385,1779411600000,2026-05-22T09:00:00,mock-device-uuid-12345,com.facebook.katana,Facebook,10245,16307030,3923643,20230673,MOBILE,0
4386,1779411600000,2026-05-22T09:00:00,mock-device-uuid-12345,com.instagram.android,Instagram,10246,21192689,3272461,24465150,MOBILE,0
4387,1779415200000,2026-05-22T10:00:00,mock-device-uuid-12345,com.tencent.ig,PUBG Mobile,10352,10509972,1565669,12075641,MOBILE,0
4388,1779415200000,2026-05-22T10:00:00,mock-device-uuid-12345,com.spotify.music,Spotify,10299,1138976,246183,1385159,MOBILE,0
4389,1779415200000,2026-05-22T10:00:00,mock-device-uuid-12345,com.google.android.youtube,YouTube,10101,1329003,105503,1434506,MOBILE,0
4390,1779415200000,2026-05-22T10:00:00,mock-device-uuid-12345,com.facebook.katana,Facebook,10245,1906539,456665,2363204,MOBILE,0
4391,1779418800000,2026-05-22T11:00:00,mock-device-uuid-12345,com.android.chrome,Chrome,10080,13669459,2774999,16444458,MOBILE,0
4392,1779418800000,2026-05-22T11:00:00,mock-device-uuid-12345,com.facebook.katana,Facebook,10245,8778904,465140,9244044,MOBILE,0
4393,1779418800000,2026-05-22T11:00:00,mock-device-uuid-12345,com.zhiliaoapp.musically,TikTok,10310,3531015,243393,3774408,MOBILE,0
4394,1779418800000,2026-05-22T11:00:00,mock-device-uuid-12345,com.tencent.ig,PUBG Mobile,10352,1613825,193778,1807603,MOBILE,0
4395,1779418800000,2026-05-22T11:00:00,mock-device-uuid-12345,com.spotify.music,Spotify,10299,3287760,466051,3753811,MOBILE,0
4396,1779422400000,2026-05-22T12:00:00,mock-device-uuid-12345,com.android.chrome,Chrome,10080,4491816,525450,5017266,MOBILE,0
4397,1779422400000,2026-05-22T12:00:00,mock-device-uuid-12345,com.facebook.katana,Facebook,10245,3619618,724421,4344039,MOBILE,0
4398,1779422400000,2026-05-22T12:00:00,mock-device-uuid-12345,com.spotify.music,Spotify,10299,2353834,275832,2629666,MOBILE,0
4399,1779422400000,2026-05-22T12:00:00,mock-device-uuid-12345,com.google.android.youtube,YouTube,10101,11608968,2112286,13721254,MOBILE,0
4400,1779422400000,2026-05-22T12:00:00,mock-device-uuid-12345,com.zhiliaoapp.musically,TikTok,10310,5474507,1115174,6589681,MOBILE,0
4401,1779426000000,2026-05-22T13:00:00,mock-device-uuid-12345,com.zhiliaoapp.musically,TikTok,10310,12559872,959753,13519625,MOBILE,0
4402,1779426000000,2026-05-22T13:00:00,mock-device-uuid-12345,com.tencent.ig,PUBG Mobile,10352,484138,30912,515050,MOBILE,0
4403,1779426000000,2026-05-22T13:00:00,mock-device-uuid-12345,com.facebook.katana,Facebook,10245,4325509,998438,5323947,MOBILE,0
4404,1779426000000,2026-05-22T13:00:00,mock-device-uuid-12345,com.google.android.youtube,YouTube,10101,740844,183072,923916,MOBILE,0
4405,1779426000000,2026-05-22T13:00:00,mock-device-uuid-12345,com.spotify.music,Spotify,10299,1580538,87182,1667720,MOBILE,0
4406,1779429600000,2026-05-22T14:00:00,mock-device-uuid-12345,com.google.android.youtube,YouTube,10101,2690851,282809,2973660,MOBILE,0
4407,1779429600000,2026-05-22T14:00:00,mock-device-uuid-12345,com.facebook.katana,Facebook,10245,3333922,768395,4102317,MOBILE,0
4408,1779429600000,2026-05-22T14:00:00,mock-device-uuid-12345,com.zhiliaoapp.musically,TikTok,10310,2710461,286991,2997452,MOBILE,0
4409,1779429600000,2026-05-22T14:00:00,mock-device-uuid-12345,com.instagram.android,Instagram,10246,10855181,2053867,12909048,MOBILE,0
4410,1779433200000,2026-05-22T15:00:00,mock-device-uuid-12345,com.google.android.youtube,YouTube,10101,30592701,5501585,36094286,MOBILE,0
4411,1779433200000,2026-05-22T15:00:00,mock-device-uuid-12345,com.instagram.android,Instagram,10246,14037059,1451149,15488208,MOBILE,0
4412,1779433200000,2026-05-22T15:00:00,mock-device-uuid-12345,com.spotify.music,Spotify,10299,15289855,1938143,17227998,MOBILE,0
4413,1779436800000,2026-05-22T16:00:00,mock-device-uuid-12345,com.spotify.music,Spotify,10299,7990109,1226320,9216429,MOBILE,0
4414,1779436800000,2026-05-22T16:00:00,mock-device-uuid-12345,com.zhiliaoapp.musically,TikTok,10310,11588443,1446883,13035326,MOBILE,0
4415,1779436800000,2026-05-22T16:00:00,mock-device-uuid-12345,com.facebook.katana,Facebook,10245,12082463,1561828,13644291,MOBILE,0
4416,1779436800000,2026-05-22T16:00:00,mock-device-uuid-12345,com.google.android.youtube,YouTube,10101,25038616,1698563,26737179,MOBILE,0
4417,1779440400000,2026-05-22T17:00:00,mock-device-uuid-12345,com.spotify.music,Spotify,10299,6710445,365477,7075922,MOBILE,0
4418,1779440400000,2026-05-22T17:00:00,mock-device-uuid-12345,com.instagram.android,Instagram,10246,12111371,3023788,15135159,MOBILE,0
4419,1779440400000,2026-05-22T17:00:00,mock-device-uuid-12345,com.zhiliaoapp.musically,TikTok,10310,7601046,998809,8599855,MOBILE,0
4420,1779444000000,2026-05-22T18:00:00,mock-device-uuid-12345,com.spotify.music,Spotify,10299,61922003,7185678,69107681,MOBILE,0
4421,1779444000000,2026-05-22T18:00:00,mock-device-uuid-12345,com.android.chrome,Chrome,10080,59660666,13258440,72919106,MOBILE,0
4422,1779447600000,2026-05-22T19:00:00,mock-device-uuid-12345,com.android.chrome,Chrome,10080,91483308,22823445,114306753,MOBILE,0
4423,1779447600000,2026-05-22T19:00:00,mock-device-uuid-12345,com.spotify.music,Spotify,10299,50785260,12597263,63382523,MOBILE,0
4424,1779451200000,2026-05-22T20:00:00,mock-device-uuid-12345,com.spotify.music,Spotify,10299,43630660,10477372,54108032,MOBILE,0
4425,1779451200000,2026-05-22T20:00:00,mock-device-uuid-12345,com.zhiliaoapp.musically,TikTok,10310,49883601,3944123,53827724,MOBILE,0
4426,1779451200000,2026-05-22T20:00:00,mock-device-uuid-12345,com.tencent.ig,PUBG Mobile,10352,39695900,7704077,47399977,MOBILE,0
4427,1779454800000,2026-05-22T21:00:00,mock-device-uuid-12345,com.google.android.youtube,YouTube,10101,32609181,2650327,35259508,MOBILE,0
4428,1779454800000,2026-05-22T21:00:00,mock-device-uuid-12345,com.spotify.music,Spotify,10299,24050557,1567458,25618015,MOBILE,0
4429,1779454800000,2026-05-22T21:00:00,mock-device-uuid-12345,com.android.chrome,Chrome,10080,54293916,13427598,67721514,MOBILE,0
4430,1779458400000,2026-05-22T22:00:00,mock-device-uuid-12345,com.spotify.music,Spotify,10299,24198005,3161433,27359438,MOBILE,0
4431,1779458400000,2026-05-22T22:00:00,mock-device-uuid-12345,com.facebook.katana,Facebook,10245,30961961,6817727,37779688,MOBILE,0
4432,1779458400000,2026-05-22T22:00:00,mock-device-uuid-12345,com.instagram.android,Instagram,10246,44419434,2509093,46928527,MOBILE,0
4433,1779458400000,2026-05-22T22:00:00,mock-device-uuid-12345,com.google.android.youtube,YouTube,10101,5908486,861592,6770078,MOBILE,0
4434,1779458400000,2026-05-22T22:00:00,mock-device-uuid-12345,com.android.chrome,Chrome,10080,70880777,4106778,74987555,MOBILE,0
4435,1779462000000,2026-05-22T23:00:00,mock-device-uuid-12345,com.facebook.katana,Facebook,10245,30070120,2738258,32808378,MOBILE,0
4436,1779462000000,2026-05-22T23:00:00,mock-device-uuid-12345,com.spotify.music,Spotify,10299,17085257,1857076,18942333,MOBILE,0
4437,1779462000000,2026-05-22T23:00:00,mock-device-uuid-12345,com.instagram.android,Instagram,10246,4339096,530404,4869500,MOBILE,0
4438,1779462000000,2026-05-22T23:00:00,mock-device-uuid-12345,com.google.android.youtube,YouTube,10101,1792751,346935,2139686,MOBILE,0
4439,1779462000000,2026-05-22T23:00:00,mock-device-uuid-12345,com.zhiliaoapp.musically,TikTok,10310,12117422,874638,12992060,MOBILE,0
4440,1779465600000,2026-05-23T00:00:00,mock-device-uuid-12345,com.facebook.katana,Facebook,10245,42778715,4088064,46866779,MOBILE,0
4441,1779465600000,2026-05-23T00:00:00,mock-device-uuid-12345,com.tencent.ig,PUBG Mobile,10352,32821222,4216638,37037860,MOBILE,0
4442,1779469200000,2026-05-23T01:00:00,mock-device-uuid-12345,com.spotify.music,Spotify,10299,6733730,1671631,8405361,MOBILE,0
4443,1779469200000,2026-05-23T01:00:00,mock-device-uuid-12345,com.tencent.ig,PUBG Mobile,10352,2776334,367828,3144162,MOBILE,0
4444,1779469200000,2026-05-23T01:00:00,mock-device-uuid-12345,com.google.android.youtube,YouTube,10101,8837846,1644209,10482055,MOBILE,0
4445,1779469200000,2026-05-23T01:00:00,mock-device-uuid-12345,com.zhiliaoapp.musically,TikTok,10310,7556195,709675,8265870,MOBILE,0
4446,1779472800000,2026-05-23T02:00:00,mock-device-uuid-12345,com.tencent.ig,PUBG Mobile,10352,8707843,534500,9242343,MOBILE,0
4447,1779472800000,2026-05-23T02:00:00,mock-device-uuid-12345,com.android.chrome,Chrome,10080,14336689,1500913,15837602,MOBILE,0
4448,1779476400000,2026-05-23T03:00:00,mock-device-uuid-12345,com.google.android.youtube,YouTube,10101,11176015,624175,11800190,MOBILE,0
4449,1779476400000,2026-05-23T03:00:00,mock-device-uuid-12345,com.android.chrome,Chrome,10080,17715073,3615800,21330873,MOBILE,0
4450,1779476400000,2026-05-23T03:00:00,mock-device-uuid-12345,com.tencent.ig,PUBG Mobile,10352,15128342,1901953,17030295,MOBILE,0
4451,1779480000000,2026-05-23T04:00:00,mock-device-uuid-12345,com.tencent.ig,PUBG Mobile,10352,24841052,6024269,30865321,MOBILE,0
4452,1779480000000,2026-05-23T04:00:00,mock-device-uuid-12345,com.instagram.android,Instagram,10246,7230495,804383,8034878,MOBILE,0
4453,1779480000000,2026-05-23T04:00:00,mock-device-uuid-12345,com.spotify.music,Spotify,10299,5688834,662577,6351411,MOBILE,0
4454,1779483600000,2026-05-23T05:00:00,mock-device-uuid-12345,com.zhiliaoapp.musically,TikTok,10310,26285351,5007067,31292418,MOBILE,0
4455,1779483600000,2026-05-23T05:00:00,mock-device-uuid-12345,com.tencent.ig,PUBG Mobile,10352,19732154,3921084,23653238,MOBILE,0
4456,1779483600000,2026-05-23T05:00:00,mock-device-uuid-12345,com.spotify.music,Spotify,10299,10362077,1661459,12023536,MOBILE,0
4457,1779487200000,2026-05-23T06:00:00,mock-device-uuid-12345,com.google.android.youtube,YouTube,10101,71615317,6172414,77787731,MOBILE,0
4458,1779487200000,2026-05-23T06:00:00,mock-device-uuid-12345,com.zhiliaoapp.musically,TikTok,10310,21366862,3818254,25185116,MOBILE,0
4459,1779487200000,2026-05-23T06:00:00,mock-device-uuid-12345,com.tencent.ig,PUBG Mobile,10352,12012724,893401,12906125,MOBILE,0
4460,1779490800000,2026-05-23T07:00:00,mock-device-uuid-12345,com.google.android.youtube,YouTube,10101,47048267,5700031,52748298,MOBILE,0
4461,1779490800000,2026-05-23T07:00:00,mock-device-uuid-12345,com.facebook.katana,Facebook,10245,8032014,905745,8937759,MOBILE,0
4462,1779490800000,2026-05-23T07:00:00,mock-device-uuid-12345,com.android.chrome,Chrome,10080,20020730,3415351,23436081,MOBILE,0
4463,1779490800000,2026-05-23T07:00:00,mock-device-uuid-12345,com.tencent.ig,PUBG Mobile,10352,12559392,1033196,13592588,MOBILE,0
4464,1779494400000,2026-05-23T08:00:00,mock-device-uuid-12345,com.android.chrome,Chrome,10080,64890284,4355714,69245998,MOBILE,0
4465,1779494400000,2026-05-23T08:00:00,mock-device-uuid-12345,com.spotify.music,Spotify,10299,12532597,2105919,14638516,MOBILE,0
4466,1779494400000,2026-05-23T08:00:00,mock-device-uuid-12345,com.google.android.youtube,YouTube,10101,35059743,6480635,41540378,MOBILE,0
4467,1779498000000,2026-05-23T09:00:00,mock-device-uuid-12345,com.android.chrome,Chrome,10080,51042715,7893021,58935736,MOBILE,0
4468,1779498000000,2026-05-23T09:00:00,mock-device-uuid-12345,com.instagram.android,Instagram,10246,46826004,3043957,49869961,MOBILE,0
4469,1779501600000,2026-05-23T10:00:00,mock-device-uuid-12345,com.android.chrome,Chrome,10080,5806038,1142338,6948376,MOBILE,0
4470,1779501600000,2026-05-23T10:00:00,mock-device-uuid-12345,com.zhiliaoapp.musically,TikTok,10310,89269892,6939694,96209586,MOBILE,0
4471,1779505200000,2026-05-23T11:00:00,mock-device-uuid-12345,com.tencent.ig,PUBG Mobile,10352,16134047,3000628,19134675,MOBILE,0
4472,1779505200000,2026-05-23T11:00:00,mock-device-uuid-12345,com.spotify.music,Spotify,10299,31062061,6944348,38006409,MOBILE,0
4473,1779505200000,2026-05-23T11:00:00,mock-device-uuid-12345,com.zhiliaoapp.musically,TikTok,10310,3135425,627303,3762728,MOBILE,0
4474,1779505200000,2026-05-23T11:00:00,mock-device-uuid-12345,com.facebook.katana,Facebook,10245,8066210,1035388,9101598,MOBILE,0
4475,1779505200000,2026-05-23T11:00:00,mock-device-uuid-12345,com.android.chrome,Chrome,10080,30461999,7008903,37470902,MOBILE,0
4476,1779508800000,2026-05-23T12:00:00,mock-device-uuid-12345,com.zhiliaoapp.musically,TikTok,10310,13683058,2737037,16420095,MOBILE,0
4477,1779508800000,2026-05-23T12:00:00,mock-device-uuid-12345,com.instagram.android,Instagram,10246,28625000,3522264,32147264,MOBILE,0
4478,1779508800000,2026-05-23T12:00:00,mock-device-uuid-12345,com.android.chrome,Chrome,10080,11136649,2564507,13701156,MOBILE,0
4479,1779508800000,2026-05-23T12:00:00,mock-device-uuid-12345,com.tencent.ig,PUBG Mobile,10352,5224903,908215,6133118,MOBILE,0
4480,1779508800000,2026-05-23T12:00:00,mock-device-uuid-12345,com.spotify.music,Spotify,10299,2636190,481454,3117644,MOBILE,0
4481,1779512400000,2026-05-23T13:00:00,mock-device-uuid-12345,com.zhiliaoapp.musically,TikTok,10310,4824620,1053137,5877757,MOBILE,0
4482,1779512400000,2026-05-23T13:00:00,mock-device-uuid-12345,com.google.android.youtube,YouTube,10101,34736604,4422334,39158938,MOBILE,0
4483,1779512400000,2026-05-23T13:00:00,mock-device-uuid-12345,com.instagram.android,Instagram,10246,7715976,1005515,8721491,MOBILE,0
4484,1779512400000,2026-05-23T13:00:00,mock-device-uuid-12345,com.spotify.music,Spotify,10299,9981436,673667,10655103,MOBILE,0
4485,1779516000000,2026-05-23T14:00:00,mock-device-uuid-12345,com.spotify.music,Spotify,10299,58119008,5774573,63893581,MOBILE,0
4486,1779516000000,2026-05-23T14:00:00,mock-device-uuid-12345,com.google.android.youtube,YouTube,10101,39578707,7435175,47013882,MOBILE,0
4487,1779519600000,2026-05-23T15:00:00,mock-device-uuid-12345,com.spotify.music,Spotify,10299,46724489,5665607,52390096,MOBILE,0
4488,1779519600000,2026-05-23T15:00:00,mock-device-uuid-12345,com.instagram.android,Instagram,10246,33659055,6773103,40432158,MOBILE,0
4489,1779523200000,2026-05-23T16:00:00,mock-device-uuid-12345,com.instagram.android,Instagram,10246,13055828,2098244,15154072,MOBILE,0
4490,1779523200000,2026-05-23T16:00:00,mock-device-uuid-12345,com.tencent.ig,PUBG Mobile,10352,13168420,1802214,14970634,MOBILE,0
4491,1779523200000,2026-05-23T16:00:00,mock-device-uuid-12345,com.facebook.katana,Facebook,10245,7535404,1488730,9024134,MOBILE,0
4492,1779523200000,2026-05-23T16:00:00,mock-device-uuid-12345,com.google.android.youtube,YouTube,10101,16474611,886825,17361436,MOBILE,0
4493,1779526800000,2026-05-23T17:00:00,mock-device-uuid-12345,com.spotify.music,Spotify,10299,9682834,1318230,11001064,MOBILE,0
4494,1779526800000,2026-05-23T17:00:00,mock-device-uuid-12345,com.android.chrome,Chrome,10080,14027327,2887203,16914530,MOBILE,0
4495,1779526800000,2026-05-23T17:00:00,mock-device-uuid-12345,com.tencent.ig,PUBG Mobile,10352,82203260,10208702,92411962,MOBILE,0
4496,1779530400000,2026-05-23T18:00:00,mock-device-uuid-12345,com.zhiliaoapp.musically,TikTok,10310,94650654,14523746,109174400,MOBILE,0
4497,1779530400000,2026-05-23T18:00:00,mock-device-uuid-12345,com.spotify.music,Spotify,10299,20396133,3983491,24379624,MOBILE,0
4498,1779530400000,2026-05-23T18:00:00,mock-device-uuid-12345,com.tencent.ig,PUBG Mobile,10352,41833294,6920687,48753981,MOBILE,0
4499,1779530400000,2026-05-23T18:00:00,mock-device-uuid-12345,com.android.chrome,Chrome,10080,33073602,7566188,40639790,MOBILE,0
4500,1779530400000,2026-05-23T18:00:00,mock-device-uuid-12345,com.facebook.katana,Facebook,10245,25472455,2942289,28414744,MOBILE,0
4501,1779534000000,2026-05-23T19:00:00,mock-device-uuid-12345,com.zhiliaoapp.musically,TikTok,10310,57565936,9850625,67416561,MOBILE,0
4502,1779534000000,2026-05-23T19:00:00,mock-device-uuid-12345,com.facebook.katana,Facebook,10245,30088380,2373869,32462249,MOBILE,0
4503,1779534000000,2026-05-23T19:00:00,mock-device-uuid-12345,com.spotify.music,Spotify,10299,15825789,2990966,18816755,MOBILE,0
4504,1779534000000,2026-05-23T19:00:00,mock-device-uuid-12345,com.android.chrome,Chrome,10080,23272599,4987512,28260111,MOBILE,0
4505,1779534000000,2026-05-23T19:00:00,mock-device-uuid-12345,com.tencent.ig,PUBG Mobile,10352,12413641,2454583,14868224,MOBILE,0
4506,1779537600000,2026-05-23T20:00:00,mock-device-uuid-12345,com.facebook.katana,Facebook,10245,21006124,3290480,24296604,MOBILE,0
4507,1779537600000,2026-05-23T20:00:00,mock-device-uuid-12345,com.google.android.youtube,YouTube,10101,12300336,1882694,14183030,MOBILE,0
4508,1779537600000,2026-05-23T20:00:00,mock-device-uuid-12345,com.spotify.music,Spotify,10299,123194381,16861985,140056366,MOBILE,0
4509,1779541200000,2026-05-23T21:00:00,mock-device-uuid-12345,com.google.android.youtube,YouTube,10101,121624801,16399323,138024124,MOBILE,0
4510,1779541200000,2026-05-23T21:00:00,mock-device-uuid-12345,com.zhiliaoapp.musically,TikTok,10310,26312525,5822601,32135126,MOBILE,0
4511,1779541200000,2026-05-23T21:00:00,mock-device-uuid-12345,com.tencent.ig,PUBG Mobile,10352,18588027,3521434,22109461,MOBILE,0
4512,1779541200000,2026-05-23T21:00:00,mock-device-uuid-12345,com.facebook.katana,Facebook,10245,19475548,1679866,21155414,MOBILE,0
4513,1779541200000,2026-05-23T21:00:00,mock-device-uuid-12345,com.android.chrome,Chrome,10080,12967887,1553623,14521510,MOBILE,0
4514,1779544800000,2026-05-23T22:00:00,mock-device-uuid-12345,com.spotify.music,Spotify,10299,56829604,12637842,69467446,MOBILE,0
4515,1779544800000,2026-05-23T22:00:00,mock-device-uuid-12345,com.google.android.youtube,YouTube,10101,53639101,11755706,65394807,MOBILE,0
4516,1779544800000,2026-05-23T22:00:00,mock-device-uuid-12345,com.android.chrome,Chrome,10080,19422801,3780923,23203724,MOBILE,0
4517,1779544800000,2026-05-23T22:00:00,mock-device-uuid-12345,com.instagram.android,Instagram,10246,35559352,5936194,41495546,MOBILE,0
4518,1779548400000,2026-05-23T23:00:00,mock-device-uuid-12345,com.google.android.youtube,YouTube,10101,39742934,4233110,43976044,MOBILE,0
4519,1779548400000,2026-05-23T23:00:00,mock-device-uuid-12345,com.instagram.android,Instagram,10246,8035319,829845,8865164,MOBILE,0
4520,1779548400000,2026-05-23T23:00:00,mock-device-uuid-12345,com.facebook.katana,Facebook,10245,6267061,1198144,7465205,MOBILE,0
4521,1779548400000,2026-05-23T23:00:00,mock-device-uuid-12345,com.tencent.ig,PUBG Mobile,10352,48847452,9281927,58129379,MOBILE,0
4522,1779548400000,2026-05-23T23:00:00,mock-device-uuid-12345,com.spotify.music,Spotify,10299,31241534,7656887,38898421,MOBILE,0
4523,1779552000000,2026-05-24T00:00:00,mock-device-uuid-12345,com.android.chrome,Chrome,10080,5563171,744614,6307785,MOBILE,0
4524,1779552000000,2026-05-24T00:00:00,mock-device-uuid-12345,com.tencent.ig,PUBG Mobile,10352,4727432,354094,5081526,MOBILE,0
4525,1779552000000,2026-05-24T00:00:00,mock-device-uuid-12345,com.zhiliaoapp.musically,TikTok,10310,3169717,232549,3402266,MOBILE,0
4526,1779552000000,2026-05-24T00:00:00,mock-device-uuid-12345,com.instagram.android,Instagram,10246,9786696,1884323,11671019,MOBILE,0
4527,1779555600000,2026-05-24T01:00:00,mock-device-uuid-12345,com.spotify.music,Spotify,10299,23875384,2625752,26501136,MOBILE,0
4528,1779555600000,2026-05-24T01:00:00,mock-device-uuid-12345,com.google.android.youtube,YouTube,10101,7197705,763146,7960851,MOBILE,0
4529,1779555600000,2026-05-24T01:00:00,mock-device-uuid-12345,com.tencent.ig,PUBG Mobile,10352,3182001,504600,3686601,MOBILE,0
4530,1779555600000,2026-05-24T01:00:00,mock-device-uuid-12345,com.android.chrome,Chrome,10080,4462717,458113,4920830,MOBILE,0
4531,1779559200000,2026-05-24T02:00:00,mock-device-uuid-12345,com.zhiliaoapp.musically,TikTok,10310,23498288,5444555,28942843,MOBILE,0
4532,1779559200000,2026-05-24T02:00:00,mock-device-uuid-12345,com.google.android.youtube,YouTube,10101,10273566,1243650,11517216,MOBILE,0
4533,1779559200000,2026-05-24T02:00:00,mock-device-uuid-12345,com.tencent.ig,PUBG Mobile,10352,6530566,752688,7283254,MOBILE,0
4534,1779559200000,2026-05-24T02:00:00,mock-device-uuid-12345,com.instagram.android,Instagram,10246,2543687,282520,2826207,MOBILE,0
4535,1779559200000,2026-05-24T02:00:00,mock-device-uuid-12345,com.spotify.music,Spotify,10299,1633655,169944,1803599,MOBILE,0
4536,1779562800000,2026-05-24T03:00:00,mock-device-uuid-12345,com.zhiliaoapp.musically,TikTok,10310,20385827,1421570,21807397,MOBILE,0
4537,1779562800000,2026-05-24T03:00:00,mock-device-uuid-12345,com.facebook.katana,Facebook,10245,14315250,959678,15274928,MOBILE,0
4538,1779562800000,2026-05-24T03:00:00,mock-device-uuid-12345,com.spotify.music,Spotify,10299,3769286,250060,4019346,MOBILE,0
4539,1779562800000,2026-05-24T03:00:00,mock-device-uuid-12345,com.tencent.ig,PUBG Mobile,10352,1066981,150102,1217083,MOBILE,0
4540,1779562800000,2026-05-24T03:00:00,mock-device-uuid-12345,com.instagram.android,Instagram,10246,4768876,726804,5495680,MOBILE,0
4541,1779566400000,2026-05-24T04:00:00,mock-device-uuid-12345,com.instagram.android,Instagram,10246,10887291,1367803,12255094,MOBILE,0
4542,1779566400000,2026-05-24T04:00:00,mock-device-uuid-12345,com.facebook.katana,Facebook,10245,23564246,5853078,29417324,MOBILE,0
4543,1779566400000,2026-05-24T04:00:00,mock-device-uuid-12345,com.tencent.ig,PUBG Mobile,10352,21945412,3333221,25278633,MOBILE,0
4544,1779570000000,2026-05-24T05:00:00,mock-device-uuid-12345,com.android.chrome,Chrome,10080,9785697,1451964,11237661,MOBILE,0
4545,1779570000000,2026-05-24T05:00:00,mock-device-uuid-12345,com.facebook.katana,Facebook,10245,546718,118795,665513,MOBILE,0
4546,1779570000000,2026-05-24T05:00:00,mock-device-uuid-12345,com.instagram.android,Instagram,10246,8895436,1474296,10369732,MOBILE,0
4547,1779573600000,2026-05-24T06:00:00,mock-device-uuid-12345,com.android.chrome,Chrome,10080,11170847,2443356,13614203,MOBILE,0
4548,1779573600000,2026-05-24T06:00:00,mock-device-uuid-12345,com.zhiliaoapp.musically,TikTok,10310,10593390,1504256,12097646,MOBILE,0
4549,1779573600000,2026-05-24T06:00:00,mock-device-uuid-12345,com.instagram.android,Instagram,10246,29742638,6587197,36329835,MOBILE,0
4550,1779573600000,2026-05-24T06:00:00,mock-device-uuid-12345,com.facebook.katana,Facebook,10245,21672485,2432639,24105124,MOBILE,0
4551,1779577200000,2026-05-24T07:00:00,mock-device-uuid-12345,com.facebook.katana,Facebook,10245,29600890,3467714,33068604,MOBILE,0
4552,1779577200000,2026-05-24T07:00:00,mock-device-uuid-12345,com.zhiliaoapp.musically,TikTok,10310,77509790,5426617,82936407,MOBILE,0
4553,1779580800000,2026-05-24T08:00:00,mock-device-uuid-12345,com.facebook.katana,Facebook,10245,45202233,4724698,49926931,MOBILE,0
4554,1779580800000,2026-05-24T08:00:00,mock-device-uuid-12345,com.spotify.music,Spotify,10299,16279957,2782731,19062688,MOBILE,0
4555,1779580800000,2026-05-24T08:00:00,mock-device-uuid-12345,com.google.android.youtube,YouTube,10101,17638185,3994169,21632354,MOBILE,0
4556,1779580800000,2026-05-24T08:00:00,mock-device-uuid-12345,com.instagram.android,Instagram,10246,11694994,823378,12518372,MOBILE,0
4557,1779584400000,2026-05-24T09:00:00,mock-device-uuid-12345,com.spotify.music,Spotify,10299,3981193,261001,4242194,MOBILE,0
4558,1779584400000,2026-05-24T09:00:00,mock-device-uuid-12345,com.android.chrome,Chrome,10080,41900246,10175837,52076083,MOBILE,0
4559,1779584400000,2026-05-24T09:00:00,mock-device-uuid-12345,com.tencent.ig,PUBG Mobile,10352,4066278,544637,4610915,MOBILE,0
4560,1779584400000,2026-05-24T09:00:00,mock-device-uuid-12345,com.google.android.youtube,YouTube,10101,17363469,3493433,20856902,MOBILE,0
4561,1779588000000,2026-05-24T10:00:00,mock-device-uuid-12345,com.instagram.android,Instagram,10246,17931240,2963497,20894737,MOBILE,0
4562,1779588000000,2026-05-24T10:00:00,mock-device-uuid-12345,com.google.android.youtube,YouTube,10101,33630326,6233659,39863985,MOBILE,0
4563,1779588000000,2026-05-24T10:00:00,mock-device-uuid-12345,com.tencent.ig,PUBG Mobile,10352,3905664,720619,4626283,MOBILE,0
4564,1779588000000,2026-05-24T10:00:00,mock-device-uuid-12345,com.facebook.katana,Facebook,10245,1788247,316154,2104401,MOBILE,0
4565,1779588000000,2026-05-24T10:00:00,mock-device-uuid-12345,com.android.chrome,Chrome,10080,18554459,1914252,20468711,MOBILE,0
4566,1779591600000,2026-05-24T11:00:00,mock-device-uuid-12345,com.spotify.music,Spotify,10299,8373215,1528457,9901672,MOBILE,0
4567,1779591600000,2026-05-24T11:00:00,mock-device-uuid-12345,com.facebook.katana,Facebook,10245,36013779,2832951,38846730,MOBILE,0
4568,1779595200000,2026-05-24T12:00:00,mock-device-uuid-12345,com.instagram.android,Instagram,10246,42373950,4177325,46551275,MOBILE,0
4569,1779595200000,2026-05-24T12:00:00,mock-device-uuid-12345,com.facebook.katana,Facebook,10245,19380196,2320759,21700955,MOBILE,0
4570,1779598800000,2026-05-24T13:00:00,mock-device-uuid-12345,com.zhiliaoapp.musically,TikTok,10310,25548630,5985600,31534230,MOBILE,0
4571,1779598800000,2026-05-24T13:00:00,mock-device-uuid-12345,com.spotify.music,Spotify,10299,32314684,4690627,37005311,MOBILE,0
4572,1779598800000,2026-05-24T13:00:00,mock-device-uuid-12345,com.instagram.android,Instagram,10246,28177935,4074794,32252729,MOBILE,0
4573,1779602400000,2026-05-24T14:00:00,mock-device-uuid-12345,com.spotify.music,Spotify,10299,89495477,8371380,97866857,MOBILE,0
4574,1779602400000,2026-05-24T14:00:00,mock-device-uuid-12345,com.facebook.katana,Facebook,10245,3227401,747691,3975092,MOBILE,0
4575,1779602400000,2026-05-24T14:00:00,mock-device-uuid-12345,com.android.chrome,Chrome,10080,38825799,3634868,42460667,MOBILE,0
4576,1779606000000,2026-05-24T15:00:00,mock-device-uuid-12345,com.spotify.music,Spotify,10299,27982910,6054955,34037865,MOBILE,0
4577,1779606000000,2026-05-24T15:00:00,mock-device-uuid-12345,com.google.android.youtube,YouTube,10101,16046361,2490220,18536581,MOBILE,0
4578,1779609600000,2026-05-24T16:00:00,mock-device-uuid-12345,com.facebook.katana,Facebook,10245,15337569,2456930,17794499,MOBILE,0
4579,1779609600000,2026-05-24T16:00:00,mock-device-uuid-12345,com.tencent.ig,PUBG Mobile,10352,56998938,10113326,67112264,MOBILE,0
4580,1779613200000,2026-05-24T17:00:00,mock-device-uuid-12345,com.android.chrome,Chrome,10080,35026952,3655165,38682117,MOBILE,0
4581,1779613200000,2026-05-24T17:00:00,mock-device-uuid-12345,com.instagram.android,Instagram,10246,56596250,3024898,59621148,MOBILE,0
4582,1779616800000,2026-05-24T18:00:00,mock-device-uuid-12345,com.google.android.youtube,YouTube,10101,40746184,3789408,44535592,MOBILE,0
4583,1779616800000,2026-05-24T18:00:00,mock-device-uuid-12345,com.instagram.android,Instagram,10246,156915204,11221282,168136486,MOBILE,0
4584,1779620400000,2026-05-24T19:00:00,mock-device-uuid-12345,com.google.android.youtube,YouTube,10101,116155990,9845784,126001774,MOBILE,0
4585,1779620400000,2026-05-24T19:00:00,mock-device-uuid-12345,com.tencent.ig,PUBG Mobile,10352,13596791,1930788,15527579,MOBILE,0
4586,1779620400000,2026-05-24T19:00:00,mock-device-uuid-12345,com.instagram.android,Instagram,10246,33775122,5049431,38824553,MOBILE,0
4587,1779620400000,2026-05-24T19:00:00,mock-device-uuid-12345,com.android.chrome,Chrome,10080,21101483,4336876,25438359,MOBILE,0
4588,1779624000000,2026-05-24T20:00:00,mock-device-uuid-12345,com.spotify.music,Spotify,10299,150795244,19527050,170322294,MOBILE,0
4589,1779624000000,2026-05-24T20:00:00,mock-device-uuid-12345,com.android.chrome,Chrome,10080,40971988,5280208,46252196,MOBILE,0
4590,1779624000000,2026-05-24T20:00:00,mock-device-uuid-12345,com.instagram.android,Instagram,10246,2348983,235963,2584946,MOBILE,0
4591,1779624000000,2026-05-24T20:00:00,mock-device-uuid-12345,com.facebook.katana,Facebook,10245,22771978,2900490,25672468,MOBILE,0
4592,1779627600000,2026-05-24T21:00:00,mock-device-uuid-12345,com.zhiliaoapp.musically,TikTok,10310,110654853,22796121,133450974,MOBILE,0
4593,1779627600000,2026-05-24T21:00:00,mock-device-uuid-12345,com.tencent.ig,PUBG Mobile,10352,33897925,4587733,38485658,MOBILE,0
4594,1779627600000,2026-05-24T21:00:00,mock-device-uuid-12345,com.google.android.youtube,YouTube,10101,27110466,3464489,30574955,MOBILE,0
4595,1779631200000,2026-05-24T22:00:00,mock-device-uuid-12345,com.google.android.youtube,YouTube,10101,42126776,6493849,48620625,MOBILE,0
4596,1779631200000,2026-05-24T22:00:00,mock-device-uuid-12345,com.spotify.music,Spotify,10299,79467722,4548860,84016582,MOBILE,0
4597,1779631200000,2026-05-24T22:00:00,mock-device-uuid-12345,com.zhiliaoapp.musically,TikTok,10310,15552198,1519131,17071329,MOBILE,0
4598,1779631200000,2026-05-24T22:00:00,mock-device-uuid-12345,com.android.chrome,Chrome,10080,44216485,9091754,53308239,MOBILE,0
4599,1779631200000,2026-05-24T22:00:00,mock-device-uuid-12345,com.instagram.android,Instagram,10246,70222825,15643819,85866644,MOBILE,0
4600,1779634800000,2026-05-24T23:00:00,mock-device-uuid-12345,com.android.chrome,Chrome,10080,37820697,8702592,46523289,MOBILE,0
4601,1779634800000,2026-05-24T23:00:00,mock-device-uuid-12345,com.instagram.android,Instagram,10246,45046326,9710176,54756502,MOBILE,0
4602,1779634800000,2026-05-24T23:00:00,mock-device-uuid-12345,com.google.android.youtube,YouTube,10101,1831280,278736,2110016,MOBILE,0
4603,1779634800000,2026-05-24T23:00:00,mock-device-uuid-12345,com.facebook.katana,Facebook,10245,7621099,1197615,8818714,MOBILE,0
4604,1779634800000,2026-05-24T23:00:00,mock-device-uuid-12345,com.spotify.music,Spotify,10299,11101399,2163730,13265129,MOBILE,0
4605,1779638400000,2026-05-25T00:00:00,mock-device-uuid-12345,com.zhiliaoapp.musically,TikTok,10310,0,0,0,MOBILE,0
4606,1779638400000,2026-05-25T00:00:00,mock-device-uuid-12345,com.facebook.katana,Facebook,10245,0,0,0,MOBILE,0
4607,1779638400000,2026-05-25T00:00:00,mock-device-uuid-12345,com.instagram.android,Instagram,10246,0,0,0,MOBILE,0
4608,1779638400000,2026-05-25T00:00:00,mock-device-uuid-12345,com.spotify.music,Spotify,10299,0,0,0,MOBILE,0
4609,1779642000000,2026-05-25T01:00:00,mock-device-uuid-12345,com.android.chrome,Chrome,10080,2660260,505990,3166250,MOBILE,0
4610,1779642000000,2026-05-25T01:00:00,mock-device-uuid-12345,com.facebook.katana,Facebook,10245,9336864,2265344,11602208,MOBILE,0
4611,1779645600000,2026-05-25T02:00:00,mock-device-uuid-12345,com.android.chrome,Chrome,10080,8145186,1318208,9463394,MOBILE,0
4612,1779645600000,2026-05-25T02:00:00,mock-device-uuid-12345,com.spotify.music,Spotify,10299,4975072,758306,5733378,MOBILE,0
4613,1779645600000,2026-05-25T02:00:00,mock-device-uuid-12345,com.tencent.ig,PUBG Mobile,10352,637397,159265,796662,MOBILE,0
4614,1779645600000,2026-05-25T02:00:00,mock-device-uuid-12345,com.google.android.youtube,YouTube,10101,109954,24982,134936,MOBILE,0
4615,1779645600000,2026-05-25T02:00:00,mock-device-uuid-12345,com.zhiliaoapp.musically,TikTok,10310,2139701,353169,2492870,MOBILE,0
4616,1779649200000,2026-05-25T03:00:00,mock-device-uuid-12345,com.instagram.android,Instagram,10246,704869,121238,826107,MOBILE,0
4617,1779649200000,2026-05-25T03:00:00,mock-device-uuid-12345,com.tencent.ig,PUBG Mobile,10352,47120,3417,50537,MOBILE,0
4618,1779649200000,2026-05-25T03:00:00,mock-device-uuid-12345,com.google.android.youtube,YouTube,10101,151675,25470,177145,MOBILE,0
4619,1779649200000,2026-05-25T03:00:00,mock-device-uuid-12345,com.android.chrome,Chrome,10080,239202,49500,288702,MOBILE,0
4620,1779652800000,2026-05-25T04:00:00,mock-device-uuid-12345,com.tencent.ig,PUBG Mobile,10352,5169758,813439,5983197,MOBILE,0
4621,1779652800000,2026-05-25T04:00:00,mock-device-uuid-12345,com.spotify.music,Spotify,10299,4443284,509431,4952715,MOBILE,0
4622,1779656400000,2026-05-25T05:00:00,mock-device-uuid-12345,com.tencent.ig,PUBG Mobile,10352,3139744,353723,3493467,MOBILE,0
4623,1779656400000,2026-05-25T05:00:00,mock-device-uuid-12345,com.android.chrome,Chrome,10080,1737801,136292,1874093,MOBILE,0
4624,1779656400000,2026-05-25T05:00:00,mock-device-uuid-12345,com.facebook.katana,Facebook,10245,575415,36579,611994,MOBILE,0
4625,1779656400000,2026-05-25T05:00:00,mock-device-uuid-12345,com.spotify.music,Spotify,10299,643597,148865,792462,MOBILE,0
4626,1779660000000,2026-05-25T06:00:00,mock-device-uuid-12345,com.android.chrome,Chrome,10080,17660531,1642793,19303324,MOBILE,0
4627,1779660000000,2026-05-25T06:00:00,mock-device-uuid-12345,com.tencent.ig,PUBG Mobile,10352,12527516,2025275,14552791,MOBILE,0
4628,1779660000000,2026-05-25T06:00:00,mock-device-uuid-12345,com.zhiliaoapp.musically,TikTok,10310,3531205,399982,3931187,MOBILE,0
4629,1779660000000,2026-05-25T06:00:00,mock-device-uuid-12345,com.facebook.katana,Facebook,10245,873194,115748,988942,MOBILE,0
4630,1779660000000,2026-05-25T06:00:00,mock-device-uuid-12345,com.spotify.music,Spotify,10299,2873884,261242,3135126,MOBILE,0
4631,1779663600000,2026-05-25T07:00:00,mock-device-uuid-12345,com.tencent.ig,PUBG Mobile,10352,3882415,342221,4224636,MOBILE,0
4632,1779663600000,2026-05-25T07:00:00,mock-device-uuid-12345,com.spotify.music,Spotify,10299,25011569,4824816,29836385,MOBILE,0
4633,1779663600000,2026-05-25T07:00:00,mock-device-uuid-12345,com.zhiliaoapp.musically,TikTok,10310,9440053,1022833,10462886,MOBILE,0
4634,1779663600000,2026-05-25T07:00:00,mock-device-uuid-12345,com.android.chrome,Chrome,10080,1174805,191916,1366721,MOBILE,0
4635,1779663600000,2026-05-25T07:00:00,mock-device-uuid-12345,com.google.android.youtube,YouTube,10101,4288079,826649,5114728,MOBILE,0
4636,1779667200000,2026-05-25T08:00:00,mock-device-uuid-12345,com.tencent.ig,PUBG Mobile,10352,25369632,3675531,29045163,MOBILE,0
4637,1779667200000,2026-05-25T08:00:00,mock-device-uuid-12345,com.facebook.katana,Facebook,10245,1740329,178642,1918971,MOBILE,0
4638,1779667200000,2026-05-25T08:00:00,mock-device-uuid-12345,com.instagram.android,Instagram,10246,10084589,727907,10812496,MOBILE,0
4639,1779670800000,2026-05-25T09:00:00,mock-device-uuid-12345,com.zhiliaoapp.musically,TikTok,10310,14896996,1799454,16696450,MOBILE,0
4640,1779670800000,2026-05-25T09:00:00,mock-device-uuid-12345,com.android.chrome,Chrome,10080,40430190,5623607,46053797,MOBILE,0
4641,1779674400000,2026-05-25T10:00:00,mock-device-uuid-12345,com.zhiliaoapp.musically,TikTok,10310,4609902,1088056,5697958,MOBILE,0
4642,1779674400000,2026-05-25T10:00:00,mock-device-uuid-12345,com.instagram.android,Instagram,10246,3772687,827601,4600288,MOBILE,0
4643,1779674400000,2026-05-25T10:00:00,mock-device-uuid-12345,com.google.android.youtube,YouTube,10101,10014900,1109296,11124196,MOBILE,0
4644,1779674400000,2026-05-25T10:00:00,mock-device-uuid-12345,com.facebook.katana,Facebook,10245,12789424,3020444,15809868,MOBILE,0
4645,1779678000000,2026-05-25T11:00:00,mock-device-uuid-12345,com.android.chrome,Chrome,10080,11086216,2427345,13513561,MOBILE,0
4646,1779678000000,2026-05-25T11:00:00,mock-device-uuid-12345,com.tencent.ig,PUBG Mobile,10352,28890604,6104218,34994822,MOBILE,0
4647,1779681600000,2026-05-25T12:00:00,mock-device-uuid-12345,com.spotify.music,Spotify,10299,27797626,3888396,31686022,MOBILE,0
4648,1779681600000,2026-05-25T12:00:00,mock-device-uuid-12345,com.facebook.katana,Facebook,10245,2240239,185594,2425833,MOBILE,0
4649,1779681600000,2026-05-25T12:00:00,mock-device-uuid-12345,com.android.chrome,Chrome,10080,7192596,1342829,8535425,MOBILE,0
4650,1779681600000,2026-05-25T12:00:00,mock-device-uuid-12345,com.instagram.android,Instagram,10246,7807152,1247702,9054854,MOBILE,0
4651,1779685200000,2026-05-25T13:00:00,mock-device-uuid-12345,com.google.android.youtube,YouTube,10101,6806115,1286479,8092594,MOBILE,0
4652,1779685200000,2026-05-25T13:00:00,mock-device-uuid-12345,com.spotify.music,Spotify,10299,46641985,7477015,54119000,MOBILE,0
4653,1779688800000,2026-05-25T14:00:00,mock-device-uuid-12345,com.instagram.android,Instagram,10246,5680680,555782,6236462,MOBILE,0
4654,1779688800000,2026-05-25T14:00:00,mock-device-uuid-12345,com.android.chrome,Chrome,10080,29182701,4708477,33891178,MOBILE,0
4655,1779692400000,2026-05-25T15:00:00,mock-device-uuid-12345,com.tencent.ig,PUBG Mobile,10352,12595093,2621392,15216485,MOBILE,0
4656,1779692400000,2026-05-25T15:00:00,mock-device-uuid-12345,com.facebook.katana,Facebook,10245,26263276,2802864,29066140,MOBILE,0
4657,1779692400000,2026-05-25T15:00:00,mock-device-uuid-12345,com.spotify.music,Spotify,10299,30168609,4561378,34729987,MOBILE,0
4658,1779696000000,2026-05-25T16:00:00,mock-device-uuid-12345,com.facebook.katana,Facebook,10245,14739393,1584971,16324364,MOBILE,0
4659,1779696000000,2026-05-25T16:00:00,mock-device-uuid-12345,com.spotify.music,Spotify,10299,13323565,3291408,16614973,MOBILE,0
4660,1779699600000,2026-05-25T17:00:00,mock-device-uuid-12345,com.spotify.music,Spotify,10299,1540687,182119,1722806,MOBILE,0
4661,1779699600000,2026-05-25T17:00:00,mock-device-uuid-12345,com.google.android.youtube,YouTube,10101,16797632,2568312,19365944,MOBILE,0
4662,1779703200000,2026-05-25T18:00:00,mock-device-uuid-12345,com.instagram.android,Instagram,10246,56776123,3372981,60149104,MOBILE,0
4663,1779703200000,2026-05-25T18:00:00,mock-device-uuid-12345,com.tencent.ig,PUBG Mobile,10352,18176875,3489801,21666676,MOBILE,0
4664,1779703200000,2026-05-25T18:00:00,mock-device-uuid-12345,com.facebook.katana,Facebook,10245,54825086,6696850,61521936,MOBILE,0
4665,1779706800000,2026-05-25T19:00:00,mock-device-uuid-12345,com.google.android.youtube,YouTube,10101,72070683,16294029,88364712,MOBILE,0
4666,1779706800000,2026-05-25T19:00:00,mock-device-uuid-12345,com.android.chrome,Chrome,10080,53817209,3111912,56929121,MOBILE,0
4667,1779706800000,2026-05-25T19:00:00,mock-device-uuid-12345,com.instagram.android,Instagram,10246,8527218,1035964,9563182,MOBILE,0
4668,1779706800000,2026-05-25T19:00:00,mock-device-uuid-12345,com.spotify.music,Spotify,10299,45515293,10354241,55869534,MOBILE,0
4669,1779710400000,2026-05-25T20:00:00,mock-device-uuid-12345,com.instagram.android,Instagram,10246,46673857,4676524,51350381,MOBILE,0
4670,1779710400000,2026-05-25T20:00:00,mock-device-uuid-12345,com.tencent.ig,PUBG Mobile,10352,97259121,19962329,117221450,MOBILE,0
4671,1779710400000,2026-05-25T20:00:00,mock-device-uuid-12345,com.spotify.music,Spotify,10299,59313814,10779268,70093082,MOBILE,0
4672,1779714000000,2026-05-25T21:00:00,mock-device-uuid-12345,com.android.chrome,Chrome,10080,151879221,15217896,167097117,MOBILE,0
4673,1779714000000,2026-05-25T21:00:00,mock-device-uuid-12345,com.facebook.katana,Facebook,10245,19168480,2455121,21623601,MOBILE,0
4674,1779714000000,2026-05-25T21:00:00,mock-device-uuid-12345,com.instagram.android,Instagram,10246,41534028,7383412,48917440,MOBILE,0
4675,1779714000000,2026-05-25T21:00:00,mock-device-uuid-12345,com.spotify.music,Spotify,10299,18675252,4270725,22945977,MOBILE,0
4676,1779717600000,2026-05-25T22:00:00,mock-device-uuid-12345,com.facebook.katana,Facebook,10245,95910347,21999343,117909690,MOBILE,0
4677,1779717600000,2026-05-25T22:00:00,mock-device-uuid-12345,com.spotify.music,Spotify,10299,100838942,14923278,115762220,MOBILE,0
4678,1779721200000,2026-05-25T23:00:00,mock-device-uuid-12345,com.zhiliaoapp.musically,TikTok,10310,19162635,4524599,23687234,MOBILE,0
4679,1779721200000,2026-05-25T23:00:00,mock-device-uuid-12345,com.facebook.katana,Facebook,10245,7974102,1920281,9894383,MOBILE,0
4680,1779721200000,2026-05-25T23:00:00,mock-device-uuid-12345,com.android.chrome,Chrome,10080,24890042,2358811,27248853,MOBILE,0
4681,1779721200000,2026-05-25T23:00:00,mock-device-uuid-12345,com.instagram.android,Instagram,10246,26107580,6390140,32497720,MOBILE,0
4682,1779724800000,2026-05-26T00:00:00,mock-device-uuid-12345,com.instagram.android,Instagram,10246,347625,85680,433305,MOBILE,0
4683,1779724800000,2026-05-26T00:00:00,mock-device-uuid-12345,com.spotify.music,Spotify,10299,4643841,893550,5537391,MOBILE,0
4684,1779728400000,2026-05-26T01:00:00,mock-device-uuid-12345,com.spotify.music,Spotify,10299,135323,33273,168596,MOBILE,0
4685,1779728400000,2026-05-26T01:00:00,mock-device-uuid-12345,com.tencent.ig,PUBG Mobile,10352,23027,2877,25904,MOBILE,0
4686,1779728400000,2026-05-26T01:00:00,mock-device-uuid-12345,com.android.chrome,Chrome,10080,231112,40374,271486,MOBILE,0
4687,1779732000000,2026-05-26T02:00:00,mock-device-uuid-12345,com.tencent.ig,PUBG Mobile,10352,1305625,286422,1592047,MOBILE,0
4688,1779732000000,2026-05-26T02:00:00,mock-device-uuid-12345,com.android.chrome,Chrome,10080,3627055,512187,4139242,MOBILE,0
4689,1779732000000,2026-05-26T02:00:00,mock-device-uuid-12345,com.facebook.katana,Facebook,10245,5169221,326707,5495928,MOBILE,0
4690,1779732000000,2026-05-26T02:00:00,mock-device-uuid-12345,com.spotify.music,Spotify,10299,3845162,936505,4781667,MOBILE,0
4691,1779732000000,2026-05-26T02:00:00,mock-device-uuid-12345,com.zhiliaoapp.musically,TikTok,10310,1914521,357152,2271673,MOBILE,0
4692,1779735600000,2026-05-26T03:00:00,mock-device-uuid-12345,com.zhiliaoapp.musically,TikTok,10310,0,0,0,MOBILE,0
4693,1779735600000,2026-05-26T03:00:00,mock-device-uuid-12345,com.android.chrome,Chrome,10080,0,0,0,MOBILE,0
4694,1779739200000,2026-05-26T04:00:00,mock-device-uuid-12345,com.android.chrome,Chrome,10080,3030860,387103,3417963,MOBILE,0
4695,1779739200000,2026-05-26T04:00:00,mock-device-uuid-12345,com.google.android.youtube,YouTube,10101,4732660,779421,5512081,MOBILE,0
4696,1779739200000,2026-05-26T04:00:00,mock-device-uuid-12345,com.facebook.katana,Facebook,10245,1277999,171674,1449673,MOBILE,0
4697,1779739200000,2026-05-26T04:00:00,mock-device-uuid-12345,com.instagram.android,Instagram,10246,2470925,554351,3025276,MOBILE,0
4698,1779742800000,2026-05-26T05:00:00,mock-device-uuid-12345,com.facebook.katana,Facebook,10245,5707441,690127,6397568,MOBILE,0
4699,1779742800000,2026-05-26T05:00:00,mock-device-uuid-12345,com.instagram.android,Instagram,10246,3232169,489956,3722125,MOBILE,0
4700,1779742800000,2026-05-26T05:00:00,mock-device-uuid-12345,com.android.chrome,Chrome,10080,4215121,760275,4975396,MOBILE,0
4701,1779746400000,2026-05-26T06:00:00,mock-device-uuid-12345,com.google.android.youtube,YouTube,10101,8233521,1490070,9723591,MOBILE,0
4702,1779746400000,2026-05-26T06:00:00,mock-device-uuid-12345,com.android.chrome,Chrome,10080,49350363,12194086,61544449,MOBILE,0
4703,1779750000000,2026-05-26T07:00:00,mock-device-uuid-12345,com.tencent.ig,PUBG Mobile,10352,22861255,3339219,26200474,MOBILE,0
4704,1779750000000,2026-05-26T07:00:00,mock-device-uuid-12345,com.zhiliaoapp.musically,TikTok,10310,25859664,2421039,28280703,MOBILE,0
4705,1779753600000,2026-05-26T08:00:00,mock-device-uuid-12345,com.android.chrome,Chrome,10080,4668471,829239,5497710,MOBILE,0
4706,1779753600000,2026-05-26T08:00:00,mock-device-uuid-12345,com.facebook.katana,Facebook,10245,7882349,1367975,9250324,MOBILE,0
4707,1779753600000,2026-05-26T08:00:00,mock-device-uuid-12345,com.instagram.android,Instagram,10246,13285773,760589,14046362,MOBILE,0
4708,1779753600000,2026-05-26T08:00:00,mock-device-uuid-12345,com.spotify.music,Spotify,10299,23886768,4099015,27985783,MOBILE,0
4709,1779757200000,2026-05-26T09:00:00,mock-device-uuid-12345,com.zhiliaoapp.musically,TikTok,10310,6390839,1068271,7459110,MOBILE,0
4710,1779757200000,2026-05-26T09:00:00,mock-device-uuid-12345,com.facebook.katana,Facebook,10245,40094844,5985160,46080004,MOBILE,0
4711,1779757200000,2026-05-26T09:00:00,mock-device-uuid-12345,com.instagram.android,Instagram,10246,23474691,3501730,26976421,MOBILE,0
4712,1779760800000,2026-05-26T10:00:00,mock-device-uuid-12345,com.android.chrome,Chrome,10080,19808391,4741547,24549938,MOBILE,0
4713,1779760800000,2026-05-26T10:00:00,mock-device-uuid-12345,com.instagram.android,Instagram,10246,2072690,504628,2577318,MOBILE,0
4714,1779760800000,2026-05-26T10:00:00,mock-device-uuid-12345,com.zhiliaoapp.musically,TikTok,10310,11779942,2934702,14714644,MOBILE,0
4715,1779760800000,2026-05-26T10:00:00,mock-device-uuid-12345,com.spotify.music,Spotify,10299,7688985,599854,8288839,MOBILE,0
4716,1779764400000,2026-05-26T11:00:00,mock-device-uuid-12345,com.zhiliaoapp.musically,TikTok,10310,12917852,3034562,15952414,MOBILE,0
4717,1779764400000,2026-05-26T11:00:00,mock-device-uuid-12345,com.facebook.katana,Facebook,10245,10816393,1986091,12802484,MOBILE,0
4718,1779764400000,2026-05-26T11:00:00,mock-device-uuid-12345,com.google.android.youtube,YouTube,10101,26243513,3227650,29471163,MOBILE,0
4719,1779768000000,2026-05-26T12:00:00,mock-device-uuid-12345,com.google.android.youtube,YouTube,10101,10744832,933100,11677932,MOBILE,0
4720,1779768000000,2026-05-26T12:00:00,mock-device-uuid-12345,com.instagram.android,Instagram,10246,40944640,3855094,44799734,MOBILE,0
4721,1779771600000,2026-05-26T13:00:00,mock-device-uuid-12345,com.facebook.katana,Facebook,10245,35853958,3126270,38980228,MOBILE,0
4722,1779771600000,2026-05-26T13:00:00,mock-device-uuid-12345,com.zhiliaoapp.musically,TikTok,10310,5623700,1390885,7014585,MOBILE,0
4723,1779771600000,2026-05-26T13:00:00,mock-device-uuid-12345,com.google.android.youtube,YouTube,10101,14082078,1931383,16013461,MOBILE,0
4724,1779775200000,2026-05-26T14:00:00,mock-device-uuid-12345,com.facebook.katana,Facebook,10245,23313184,3797197,27110381,MOBILE,0
4725,1779775200000,2026-05-26T14:00:00,mock-device-uuid-12345,com.google.android.youtube,YouTube,10101,41919936,4113835,46033771,MOBILE,0
4726,1779778800000,2026-05-26T15:00:00,mock-device-uuid-12345,com.google.android.youtube,YouTube,10101,4432805,422667,4855472,MOBILE,0
4727,1779778800000,2026-05-26T15:00:00,mock-device-uuid-12345,com.zhiliaoapp.musically,TikTok,10310,19103175,3118604,22221779,MOBILE,0
4728,1779778800000,2026-05-26T15:00:00,mock-device-uuid-12345,com.tencent.ig,PUBG Mobile,10352,38582177,4465978,43048155,MOBILE,0
4729,1779782400000,2026-05-26T16:00:00,mock-device-uuid-12345,com.facebook.katana,Facebook,10245,2567662,516876,3084538,MOBILE,0
4730,1779782400000,2026-05-26T16:00:00,mock-device-uuid-12345,com.google.android.youtube,YouTube,10101,4863938,884334,5748272,MOBILE,0
4731,1779782400000,2026-05-26T16:00:00,mock-device-uuid-12345,com.spotify.music,Spotify,10299,2920537,571385,3491922,MOBILE,0
4732,1779782400000,2026-05-26T16:00:00,mock-device-uuid-12345,com.tencent.ig,PUBG Mobile,10352,626639,66207,692846,MOBILE,0
4733,1779782400000,2026-05-26T16:00:00,mock-device-uuid-12345,com.instagram.android,Instagram,10246,1874199,284995,2159194,MOBILE,0
4734,1779786000000,2026-05-26T17:00:00,mock-device-uuid-12345,com.tencent.ig,PUBG Mobile,10352,7153335,645441,7798776,MOBILE,0
4735,1779786000000,2026-05-26T17:00:00,mock-device-uuid-12345,com.android.chrome,Chrome,10080,4847562,541031,5388593,MOBILE,0
4736,1779786000000,2026-05-26T17:00:00,mock-device-uuid-12345,com.facebook.katana,Facebook,10245,3079435,522682,3602117,MOBILE,0
4737,1779786000000,2026-05-26T17:00:00,mock-device-uuid-12345,com.instagram.android,Instagram,10246,1840572,148993,1989565,MOBILE,0
4738,1779789600000,2026-05-26T18:00:00,mock-device-uuid-12345,com.instagram.android,Instagram,10246,63065664,8204984,71270648,MOBILE,0
4739,1779789600000,2026-05-26T18:00:00,mock-device-uuid-12345,com.facebook.katana,Facebook,10245,89895641,21045915,110941556,MOBILE,0
4740,1779793200000,2026-05-26T19:00:00,mock-device-uuid-12345,com.android.chrome,Chrome,10080,82439906,15443628,97883534,MOBILE,0
4741,1779793200000,2026-05-26T19:00:00,mock-device-uuid-12345,com.spotify.music,Spotify,10299,50367920,5186177,55554097,MOBILE,0
4742,1779793200000,2026-05-26T19:00:00,mock-device-uuid-12345,com.instagram.android,Instagram,10246,31041454,3335660,34377114,MOBILE,0
4743,1779796800000,2026-05-26T20:00:00,mock-device-uuid-12345,com.facebook.katana,Facebook,10245,50513713,9701619,60215332,MOBILE,0
4744,1779796800000,2026-05-26T20:00:00,mock-device-uuid-12345,com.google.android.youtube,YouTube,10101,36597056,2488554,39085610,MOBILE,0
4745,1779796800000,2026-05-26T20:00:00,mock-device-uuid-12345,com.android.chrome,Chrome,10080,65735157,5735722,71470879,MOBILE,0
4746,1779800400000,2026-05-26T21:00:00,mock-device-uuid-12345,com.spotify.music,Spotify,10299,39658449,9182678,48841127,MOBILE,0
4747,1779800400000,2026-05-26T21:00:00,mock-device-uuid-12345,com.tencent.ig,PUBG Mobile,10352,52828750,6182422,59011172,MOBILE,0
4748,1779800400000,2026-05-26T21:00:00,mock-device-uuid-12345,com.google.android.youtube,YouTube,10101,14281459,849610,15131069,MOBILE,0
4749,1779800400000,2026-05-26T21:00:00,mock-device-uuid-12345,com.instagram.android,Instagram,10246,21763489,4602764,26366253,MOBILE,0
4750,1779804000000,2026-05-26T22:00:00,mock-device-uuid-12345,com.instagram.android,Instagram,10246,113953111,7628573,121581684,MOBILE,0
4751,1779804000000,2026-05-26T22:00:00,mock-device-uuid-12345,com.spotify.music,Spotify,10299,35692428,5868576,41561004,MOBILE,0
4752,1779804000000,2026-05-26T22:00:00,mock-device-uuid-12345,com.facebook.katana,Facebook,10245,4884513,428472,5312985,MOBILE,0
4753,1779804000000,2026-05-26T22:00:00,mock-device-uuid-12345,com.zhiliaoapp.musically,TikTok,10310,22983944,4718499,27702443,MOBILE,0
4754,1779804000000,2026-05-26T22:00:00,mock-device-uuid-12345,com.google.android.youtube,YouTube,10101,15506829,2505548,18012377,MOBILE,0
4755,1779807600000,2026-05-26T23:00:00,mock-device-uuid-12345,com.facebook.katana,Facebook,10245,23497010,1541217,25038227,MOBILE,0
4756,1779807600000,2026-05-26T23:00:00,mock-device-uuid-12345,com.spotify.music,Spotify,10299,43327013,4115236,47442249,MOBILE,0
4757,1779807600000,2026-05-26T23:00:00,mock-device-uuid-12345,com.android.chrome,Chrome,10080,8303469,1595608,9899077,MOBILE,0
4758,1779807600000,2026-05-26T23:00:00,mock-device-uuid-12345,com.zhiliaoapp.musically,TikTok,10310,20741792,4315227,25057019,MOBILE,0
4759,1779811200000,2026-05-27T00:00:00,mock-device-uuid-12345,com.facebook.katana,Facebook,10245,0,0,0,MOBILE,0
4760,1779811200000,2026-05-27T00:00:00,mock-device-uuid-12345,com.google.android.youtube,YouTube,10101,0,0,0,MOBILE,0
4761,1779811200000,2026-05-27T00:00:00,mock-device-uuid-12345,com.android.chrome,Chrome,10080,0,0,0,MOBILE,0
4762,1779811200000,2026-05-27T00:00:00,mock-device-uuid-12345,com.tencent.ig,PUBG Mobile,10352,0,0,0,MOBILE,0
4763,1779814800000,2026-05-27T01:00:00,mock-device-uuid-12345,com.tencent.ig,PUBG Mobile,10352,5109284,488378,5597662,MOBILE,0
4764,1779814800000,2026-05-27T01:00:00,mock-device-uuid-12345,com.google.android.youtube,YouTube,10101,218184,52995,271179,MOBILE,0
4765,1779814800000,2026-05-27T01:00:00,mock-device-uuid-12345,com.spotify.music,Spotify,10299,937685,72340,1010025,MOBILE,0
4766,1779814800000,2026-05-27T01:00:00,mock-device-uuid-12345,com.zhiliaoapp.musically,TikTok,10310,654294,104303,758597,MOBILE,0
4767,1779814800000,2026-05-27T01:00:00,mock-device-uuid-12345,com.android.chrome,Chrome,10080,859022,203232,1062254,MOBILE,0
4768,1779818400000,2026-05-27T02:00:00,mock-device-uuid-12345,com.zhiliaoapp.musically,TikTok,10310,568529,95000,663529,MOBILE,0
4769,1779818400000,2026-05-27T02:00:00,mock-device-uuid-12345,com.instagram.android,Instagram,10246,2589462,634755,3224217,MOBILE,0
4770,1779818400000,2026-05-27T02:00:00,mock-device-uuid-12345,com.spotify.music,Spotify,10299,6046313,445164,6491477,MOBILE,0
4771,1779822000000,2026-05-27T03:00:00,mock-device-uuid-12345,com.facebook.katana,Facebook,10245,7827471,810606,8638077,MOBILE,0
4772,1779822000000,2026-05-27T03:00:00,mock-device-uuid-12345,com.android.chrome,Chrome,10080,3783807,276331,4060138,MOBILE,0
4773,1779822000000,2026-05-27T03:00:00,mock-device-uuid-12345,com.zhiliaoapp.musically,TikTok,10310,1267617,274254,1541871,MOBILE,0
4774,1779822000000,2026-05-27T03:00:00,mock-device-uuid-12345,com.spotify.music,Spotify,10299,497139,80521,577660,MOBILE,0
4775,1779822000000,2026-05-27T03:00:00,mock-device-uuid-12345,com.instagram.android,Instagram,10246,581322,106117,687439,MOBILE,0
4776,1779825600000,2026-05-27T04:00:00,mock-device-uuid-12345,com.tencent.ig,PUBG Mobile,10352,512072,27278,539350,MOBILE,0
4777,1779825600000,2026-05-27T04:00:00,mock-device-uuid-12345,com.google.android.youtube,YouTube,10101,3421151,567249,3988400,MOBILE,0
4778,1779829200000,2026-05-27T05:00:00,mock-device-uuid-12345,com.android.chrome,Chrome,10080,0,0,0,MOBILE,0
4779,1779829200000,2026-05-27T05:00:00,mock-device-uuid-12345,com.zhiliaoapp.musically,TikTok,10310,0,0,0,MOBILE,0
4780,1779829200000,2026-05-27T05:00:00,mock-device-uuid-12345,com.tencent.ig,PUBG Mobile,10352,0,0,0,MOBILE,0
4781,1779832800000,2026-05-27T06:00:00,mock-device-uuid-12345,com.tencent.ig,PUBG Mobile,10352,21833561,2954532,24788093,MOBILE,0
4782,1779832800000,2026-05-27T06:00:00,mock-device-uuid-12345,com.google.android.youtube,YouTube,10101,1852829,250699,2103528,MOBILE,0
4783,1779832800000,2026-05-27T06:00:00,mock-device-uuid-12345,com.android.chrome,Chrome,10080,10355542,1078079,11433621,MOBILE,0
4784,1779836400000,2026-05-27T07:00:00,mock-device-uuid-12345,com.spotify.music,Spotify,10299,9500135,2178654,11678789,MOBILE,0
4785,1779836400000,2026-05-27T07:00:00,mock-device-uuid-12345,com.google.android.youtube,YouTube,10101,3103374,592434,3695808,MOBILE,0
4786,1779836400000,2026-05-27T07:00:00,mock-device-uuid-12345,com.zhiliaoapp.musically,TikTok,10310,2208712,274487,2483199,MOBILE,0
4787,1779836400000,2026-05-27T07:00:00,mock-device-uuid-12345,com.android.chrome,Chrome,10080,3773189,912284,4685473,MOBILE,0
4788,1779836400000,2026-05-27T07:00:00,mock-device-uuid-12345,com.instagram.android,Instagram,10246,1945417,263578,2208995,MOBILE,0
4789,1779840000000,2026-05-27T08:00:00,mock-device-uuid-12345,com.zhiliaoapp.musically,TikTok,10310,20207401,2905017,23112418,MOBILE,0
4790,1779840000000,2026-05-27T08:00:00,mock-device-uuid-12345,com.facebook.katana,Facebook,10245,20171321,3677697,23849018,MOBILE,0
4791,1779840000000,2026-05-27T08:00:00,mock-device-uuid-12345,com.tencent.ig,PUBG Mobile,10352,12590144,729546,13319690,MOBILE,0
4792,1779840000000,2026-05-27T08:00:00,mock-device-uuid-12345,com.spotify.music,Spotify,10299,16596901,3900386,20497287,MOBILE,0
4793,1779843600000,2026-05-27T09:00:00,mock-device-uuid-12345,com.zhiliaoapp.musically,TikTok,10310,7567155,754220,8321375,MOBILE,0
4794,1779843600000,2026-05-27T09:00:00,mock-device-uuid-12345,com.spotify.music,Spotify,10299,4211145,558048,4769193,MOBILE,0
4795,1779843600000,2026-05-27T09:00:00,mock-device-uuid-12345,com.instagram.android,Instagram,10246,670193,123588,793781,MOBILE,0
4796,1779843600000,2026-05-27T09:00:00,mock-device-uuid-12345,com.tencent.ig,PUBG Mobile,10352,1446034,125520,1571554,MOBILE,0
4797,1779847200000,2026-05-27T10:00:00,mock-device-uuid-12345,com.tencent.ig,PUBG Mobile,10352,25133856,3399437,28533293,MOBILE,0
4798,1779847200000,2026-05-27T10:00:00,mock-device-uuid-12345,com.facebook.katana,Facebook,10245,22769867,2395871,25165738,MOBILE,0
4799,1779847200000,2026-05-27T10:00:00,mock-device-uuid-12345,com.google.android.youtube,YouTube,10101,28011674,4046243,32057917,MOBILE,0
4800,1779850800000,2026-05-27T11:00:00,mock-device-uuid-12345,com.google.android.youtube,YouTube,10101,23505462,5598901,29104363,MOBILE,0
4801,1779850800000,2026-05-27T11:00:00,mock-device-uuid-12345,com.facebook.katana,Facebook,10245,29888686,3540143,33428829,MOBILE,0
4802,1779854400000,2026-05-27T12:00:00,mock-device-uuid-12345,com.android.chrome,Chrome,10080,6057177,344591,6401768,MOBILE,0
4803,1779854400000,2026-05-27T12:00:00,mock-device-uuid-12345,com.facebook.katana,Facebook,10245,7984462,567427,8551889,MOBILE,0
4804,1779854400000,2026-05-27T12:00:00,mock-device-uuid-12345,com.spotify.music,Spotify,10299,8967657,1849404,10817061,MOBILE,0
4805,1779854400000,2026-05-27T12:00:00,mock-device-uuid-12345,com.tencent.ig,PUBG Mobile,10352,10681565,2640201,13321766,MOBILE,0
4806,1779858000000,2026-05-27T13:00:00,mock-device-uuid-12345,com.google.android.youtube,YouTube,10101,22878503,5639113,28517616,MOBILE,0
4807,1779858000000,2026-05-27T13:00:00,mock-device-uuid-12345,com.instagram.android,Instagram,10246,16353371,923576,17276947,MOBILE,0
4808,1779861600000,2026-05-27T14:00:00,mock-device-uuid-12345,com.spotify.music,Spotify,10299,6768500,470968,7239468,MOBILE,0
4809,1779861600000,2026-05-27T14:00:00,mock-device-uuid-12345,com.tencent.ig,PUBG Mobile,10352,13841250,1239910,15081160,MOBILE,0
4810,1779861600000,2026-05-27T14:00:00,mock-device-uuid-12345,com.android.chrome,Chrome,10080,5413127,389653,5802780,MOBILE,0
4811,1779861600000,2026-05-27T14:00:00,mock-device-uuid-12345,com.facebook.katana,Facebook,10245,3685828,602965,4288793,MOBILE,0
4812,1779861600000,2026-05-27T14:00:00,mock-device-uuid-12345,com.zhiliaoapp.musically,TikTok,10310,8777400,1257488,10034888,MOBILE,0
4813,1779865200000,2026-05-27T15:00:00,mock-device-uuid-12345,com.instagram.android,Instagram,10246,7679610,1235802,8915412,MOBILE,0
4814,1779865200000,2026-05-27T15:00:00,mock-device-uuid-12345,com.android.chrome,Chrome,10080,3666269,315970,3982239,MOBILE,0
4815,1779865200000,2026-05-27T15:00:00,mock-device-uuid-12345,com.zhiliaoapp.musically,TikTok,10310,8306981,1989447,10296428,MOBILE,0
4816,1779868800000,2026-05-27T16:00:00,mock-device-uuid-12345,com.tencent.ig,PUBG Mobile,10352,3793153,566011,4359164,MOBILE,0
4817,1779868800000,2026-05-27T16:00:00,mock-device-uuid-12345,com.google.android.youtube,YouTube,10101,5372061,1109372,6481433,MOBILE,0
4818,1779872400000,2026-05-27T17:00:00,mock-device-uuid-12345,com.instagram.android,Instagram,10246,11888956,932583,12821539,MOBILE,0
4819,1779872400000,2026-05-27T17:00:00,mock-device-uuid-12345,com.facebook.katana,Facebook,10245,2665584,635603,3301187,MOBILE,0
4820,1779872400000,2026-05-27T17:00:00,mock-device-uuid-12345,com.android.chrome,Chrome,10080,1166256,198757,1365013,MOBILE,0
4821,1779872400000,2026-05-27T17:00:00,mock-device-uuid-12345,com.google.android.youtube,YouTube,10101,1089615,120641,1210256,MOBILE,0
4822,1779876000000,2026-05-27T18:00:00,mock-device-uuid-12345,com.android.chrome,Chrome,10080,35226121,2390721,37616842,MOBILE,0
4823,1779876000000,2026-05-27T18:00:00,mock-device-uuid-12345,com.tencent.ig,PUBG Mobile,10352,10296515,788796,11085311,MOBILE,0
4824,1779876000000,2026-05-27T18:00:00,mock-device-uuid-12345,com.instagram.android,Instagram,10246,163395515,27165668,190561183,MOBILE,0
4825,1779879600000,2026-05-27T19:00:00,mock-device-uuid-12345,com.facebook.katana,Facebook,10245,12455995,1390541,13846536,MOBILE,0
4826,1779879600000,2026-05-27T19:00:00,mock-device-uuid-12345,com.spotify.music,Spotify,10299,215974644,26107175,242081819,MOBILE,0
4827,1779883200000,2026-05-27T20:00:00,mock-device-uuid-12345,com.android.chrome,Chrome,10080,88895889,10661507,99557396,MOBILE,0
4828,1779883200000,2026-05-27T20:00:00,mock-device-uuid-12345,com.google.android.youtube,YouTube,10101,27281646,4474421,31756067,MOBILE,0
4829,1779883200000,2026-05-27T20:00:00,mock-device-uuid-12345,com.instagram.android,Instagram,10246,34986501,3608818,38595319,MOBILE,0
4830,1779883200000,2026-05-27T20:00:00,mock-device-uuid-12345,com.zhiliaoapp.musically,TikTok,10310,1611239,268433,1879672,MOBILE,0
4831,1779883200000,2026-05-27T20:00:00,mock-device-uuid-12345,com.spotify.music,Spotify,10299,15278004,3767765,19045769,MOBILE,0
4832,1779886800000,2026-05-27T21:00:00,mock-device-uuid-12345,com.instagram.android,Instagram,10246,69712984,4355639,74068623,MOBILE,0
4833,1779886800000,2026-05-27T21:00:00,mock-device-uuid-12345,com.android.chrome,Chrome,10080,53895722,13352922,67248644,MOBILE,0
4834,1779886800000,2026-05-27T21:00:00,mock-device-uuid-12345,com.facebook.katana,Facebook,10245,39664592,7645533,47310125,MOBILE,0
4835,1779890400000,2026-05-27T22:00:00,mock-device-uuid-12345,com.tencent.ig,PUBG Mobile,10352,73213194,4670657,77883851,MOBILE,0
4836,1779890400000,2026-05-27T22:00:00,mock-device-uuid-12345,com.zhiliaoapp.musically,TikTok,10310,15608894,1151647,16760541,MOBILE,0
4837,1779890400000,2026-05-27T22:00:00,mock-device-uuid-12345,com.instagram.android,Instagram,10246,8956473,567413,9523886,MOBILE,0
4838,1779890400000,2026-05-27T22:00:00,mock-device-uuid-12345,com.android.chrome,Chrome,10080,9655926,1752952,11408878,MOBILE,0
4839,1779890400000,2026-05-27T22:00:00,mock-device-uuid-12345,com.facebook.katana,Facebook,10245,12638832,2957615,15596447,MOBILE,0
4840,1779894000000,2026-05-27T23:00:00,mock-device-uuid-12345,com.zhiliaoapp.musically,TikTok,10310,22377755,3863541,26241296,MOBILE,0
4841,1779894000000,2026-05-27T23:00:00,mock-device-uuid-12345,com.instagram.android,Instagram,10246,43389146,5333723,48722869,MOBILE,0
4842,1779897600000,2026-05-28T00:00:00,mock-device-uuid-12345,com.instagram.android,Instagram,10246,0,0,0,MOBILE,0
4843,1779897600000,2026-05-28T00:00:00,mock-device-uuid-12345,com.tencent.ig,PUBG Mobile,10352,0,0,0,MOBILE,0
4844,1779897600000,2026-05-28T00:00:00,mock-device-uuid-12345,com.facebook.katana,Facebook,10245,0,0,0,MOBILE,0
4845,1779897600000,2026-05-28T00:00:00,mock-device-uuid-12345,com.spotify.music,Spotify,10299,0,0,0,MOBILE,0
4846,1779897600000,2026-05-28T00:00:00,mock-device-uuid-12345,com.google.android.youtube,YouTube,10101,0,0,0,MOBILE,0
4847,1779901200000,2026-05-28T01:00:00,mock-device-uuid-12345,com.google.android.youtube,YouTube,10101,1083615,251239,1334854,MOBILE,0
4848,1779901200000,2026-05-28T01:00:00,mock-device-uuid-12345,com.tencent.ig,PUBG Mobile,10352,624610,54932,679542,MOBILE,0
4849,1779901200000,2026-05-28T01:00:00,mock-device-uuid-12345,com.spotify.music,Spotify,10299,803392,128710,932102,MOBILE,0
4850,1779904800000,2026-05-28T02:00:00,mock-device-uuid-12345,com.instagram.android,Instagram,10246,2080035,500938,2580973,MOBILE,0
4851,1779904800000,2026-05-28T02:00:00,mock-device-uuid-12345,com.facebook.katana,Facebook,10245,824501,103770,928271,MOBILE,0
4852,1779904800000,2026-05-28T02:00:00,mock-device-uuid-12345,com.android.chrome,Chrome,10080,571025,95999,667024,MOBILE,0
4853,1779908400000,2026-05-28T03:00:00,mock-device-uuid-12345,com.android.chrome,Chrome,10080,0,0,0,MOBILE,0
4854,1779908400000,2026-05-28T03:00:00,mock-device-uuid-12345,com.zhiliaoapp.musically,TikTok,10310,0,0,0,MOBILE,0
4855,1779908400000,2026-05-28T03:00:00,mock-device-uuid-12345,com.spotify.music,Spotify,10299,0,0,0,MOBILE,0
4856,1779908400000,2026-05-28T03:00:00,mock-device-uuid-12345,com.tencent.ig,PUBG Mobile,10352,0,0,0,MOBILE,0
4857,1779908400000,2026-05-28T03:00:00,mock-device-uuid-12345,com.facebook.katana,Facebook,10245,0,0,0,MOBILE,0
4858,1779912000000,2026-05-28T04:00:00,mock-device-uuid-12345,com.instagram.android,Instagram,10246,0,0,0,MOBILE,0
4859,1779912000000,2026-05-28T04:00:00,mock-device-uuid-12345,com.spotify.music,Spotify,10299,0,0,0,MOBILE,0
4860,1779912000000,2026-05-28T04:00:00,mock-device-uuid-12345,com.facebook.katana,Facebook,10245,0,0,0,MOBILE,0
4861,1779915600000,2026-05-28T05:00:00,mock-device-uuid-12345,com.tencent.ig,PUBG Mobile,10352,1919117,186077,2105194,MOBILE,0
4862,1779915600000,2026-05-28T05:00:00,mock-device-uuid-12345,com.spotify.music,Spotify,10299,500555,62507,563062,MOBILE,0
4863,1779915600000,2026-05-28T05:00:00,mock-device-uuid-12345,com.google.android.youtube,YouTube,10101,29700,5401,35101,MOBILE,0
4864,1779915600000,2026-05-28T05:00:00,mock-device-uuid-12345,com.instagram.android,Instagram,10246,420374,55025,475399,MOBILE,0
4865,1779919200000,2026-05-28T06:00:00,mock-device-uuid-12345,com.spotify.music,Spotify,10299,13594068,3215624,16809692,MOBILE,0
4866,1779919200000,2026-05-28T06:00:00,mock-device-uuid-12345,com.android.chrome,Chrome,10080,24449207,5260482,29709689,MOBILE,0
4867,1779919200000,2026-05-28T06:00:00,mock-device-uuid-12345,com.tencent.ig,PUBG Mobile,10352,4901491,359650,5261141,MOBILE,0
4868,1779919200000,2026-05-28T06:00:00,mock-device-uuid-12345,com.facebook.katana,Facebook,10245,14037969,2694100,16732069,MOBILE,0
4869,1779922800000,2026-05-28T07:00:00,mock-device-uuid-12345,com.google.android.youtube,YouTube,10101,21560661,2414139,23974800,MOBILE,0
4870,1779922800000,2026-05-28T07:00:00,mock-device-uuid-12345,com.zhiliaoapp.musically,TikTok,10310,15075690,3473670,18549360,MOBILE,0
4871,1779926400000,2026-05-28T08:00:00,mock-device-uuid-12345,com.facebook.katana,Facebook,10245,5010275,1179436,6189711,MOBILE,0
4872,1779926400000,2026-05-28T08:00:00,mock-device-uuid-12345,com.android.chrome,Chrome,10080,10303414,1874162,12177576,MOBILE,0
4873,1779926400000,2026-05-28T08:00:00,mock-device-uuid-12345,com.spotify.music,Spotify,10299,5215023,1281837,6496860,MOBILE,0
4874,1779930000000,2026-05-28T09:00:00,mock-device-uuid-12345,com.facebook.katana,Facebook,10245,11465519,1510985,12976504,MOBILE,0
4875,1779930000000,2026-05-28T09:00:00,mock-device-uuid-12345,com.spotify.music,Spotify,10299,10374628,1315642,11690270,MOBILE,0
4876,1779930000000,2026-05-28T09:00:00,mock-device-uuid-12345,com.zhiliaoapp.musically,TikTok,10310,1786681,254879,2041560,MOBILE,0
4877,1779930000000,2026-05-28T09:00:00,mock-device-uuid-12345,com.instagram.android,Instagram,10246,26417685,3041896,29459581,MOBILE,0
4878,1779933600000,2026-05-28T10:00:00,mock-device-uuid-12345,com.google.android.youtube,YouTube,10101,24462742,5286249,29748991,MOBILE,0
4879,1779933600000,2026-05-28T10:00:00,mock-device-uuid-12345,com.android.chrome,Chrome,10080,26455368,2298891,28754259,MOBILE,0
4880,1779933600000,2026-05-28T10:00:00,mock-device-uuid-12345,com.zhiliaoapp.musically,TikTok,10310,10809542,2184990,12994532,MOBILE,0
4881,1779937200000,2026-05-28T11:00:00,mock-device-uuid-12345,com.zhiliaoapp.musically,TikTok,10310,12361533,2342515,14704048,MOBILE,0
4882,1779937200000,2026-05-28T11:00:00,mock-device-uuid-12345,com.android.chrome,Chrome,10080,3417002,664151,4081153,MOBILE,0
4883,1779937200000,2026-05-28T11:00:00,mock-device-uuid-12345,com.google.android.youtube,YouTube,10101,26178122,2226475,28404597,MOBILE,0
4884,1779940800000,2026-05-28T12:00:00,mock-device-uuid-12345,com.zhiliaoapp.musically,TikTok,10310,31304238,5223743,36527981,MOBILE,0
4885,1779940800000,2026-05-28T12:00:00,mock-device-uuid-12345,com.google.android.youtube,YouTube,10101,3961060,916750,4877810,MOBILE,0
4886,1779940800000,2026-05-28T12:00:00,mock-device-uuid-12345,com.android.chrome,Chrome,10080,26706533,3340684,30047217,MOBILE,0
4887,1779944400000,2026-05-28T13:00:00,mock-device-uuid-12345,com.spotify.music,Spotify,10299,10361026,1311543,11672569,MOBILE,0
4888,1779944400000,2026-05-28T13:00:00,mock-device-uuid-12345,com.instagram.android,Instagram,10246,29186606,7024466,36211072,MOBILE,0
4889,1779948000000,2026-05-28T14:00:00,mock-device-uuid-12345,com.zhiliaoapp.musically,TikTok,10310,23977547,1661700,25639247,MOBILE,0
4890,1779948000000,2026-05-28T14:00:00,mock-device-uuid-12345,com.instagram.android,Instagram,10246,32225964,7599589,39825553,MOBILE,0
4891,1779951600000,2026-05-28T15:00:00,mock-device-uuid-12345,com.android.chrome,Chrome,10080,13284836,2013606,15298442,MOBILE,0
4892,1779951600000,2026-05-28T15:00:00,mock-device-uuid-12345,com.google.android.youtube,YouTube,10101,14220354,3017131,17237485,MOBILE,0
4893,1779951600000,2026-05-28T15:00:00,mock-device-uuid-12345,com.spotify.music,Spotify,10299,10001020,1002653,11003673,MOBILE,0
4894,1779955200000,2026-05-28T16:00:00,mock-device-uuid-12345,com.zhiliaoapp.musically,TikTok,10310,30642247,3103944,33746191,MOBILE,0
4895,1779955200000,2026-05-28T16:00:00,mock-device-uuid-12345,com.tencent.ig,PUBG Mobile,10352,4157022,654128,4811150,MOBILE,0
4896,1779955200000,2026-05-28T16:00:00,mock-device-uuid-12345,com.google.android.youtube,YouTube,10101,5205553,585533,5791086,MOBILE,0
4897,1779955200000,2026-05-28T16:00:00,mock-device-uuid-12345,com.spotify.music,Spotify,10299,4872445,299972,5172417,MOBILE,0
4898,1779955200000,2026-05-28T16:00:00,mock-device-uuid-12345,com.instagram.android,Instagram,10246,2088529,224568,2313097,MOBILE,0
4899,1779958800000,2026-05-28T17:00:00,mock-device-uuid-12345,com.spotify.music,Spotify,10299,4339106,1009389,5348495,MOBILE,0
4900,1779958800000,2026-05-28T17:00:00,mock-device-uuid-12345,com.facebook.katana,Facebook,10245,30485711,4077741,34563452,MOBILE,0
4901,1779962400000,2026-05-28T18:00:00,mock-device-uuid-12345,com.facebook.katana,Facebook,10245,54630658,3655912,58286570,MOBILE,0
4902,1779962400000,2026-05-28T18:00:00,mock-device-uuid-12345,com.google.android.youtube,YouTube,10101,48355421,7259352,55614773,MOBILE,0
4903,1779962400000,2026-05-28T18:00:00,mock-device-uuid-12345,com.android.chrome,Chrome,10080,17488834,3377184,20866018,MOBILE,0
4904,1779962400000,2026-05-28T18:00:00,mock-device-uuid-12345,com.tencent.ig,PUBG Mobile,10352,8242717,1199948,9442665,MOBILE,0
4905,1779966000000,2026-05-28T19:00:00,mock-device-uuid-12345,com.android.chrome,Chrome,10080,102601738,18028980,120630718,MOBILE,0
4906,1779966000000,2026-05-28T19:00:00,mock-device-uuid-12345,com.google.android.youtube,YouTube,10101,8348790,2040329,10389119,MOBILE,0
4907,1779966000000,2026-05-28T19:00:00,mock-device-uuid-12345,com.zhiliaoapp.musically,TikTok,10310,51566686,8458151,60024837,MOBILE,0
4908,1779969600000,2026-05-28T20:00:00,mock-device-uuid-12345,com.tencent.ig,PUBG Mobile,10352,101734146,11805996,113540142,MOBILE,0
4909,1779969600000,2026-05-28T20:00:00,mock-device-uuid-12345,com.google.android.youtube,YouTube,10101,40047519,9368703,49416222,MOBILE,0
4910,1779973200000,2026-05-28T21:00:00,mock-device-uuid-12345,com.zhiliaoapp.musically,TikTok,10310,101143786,15666555,116810341,MOBILE,0
4911,1779973200000,2026-05-28T21:00:00,mock-device-uuid-12345,com.facebook.katana,Facebook,10245,73252315,16560607,89812922,MOBILE,0
4912,1779976800000,2026-05-28T22:00:00,mock-device-uuid-12345,com.google.android.youtube,YouTube,10101,52736340,7538522,60274862,MOBILE,0
4913,1779976800000,2026-05-28T22:00:00,mock-device-uuid-12345,com.facebook.katana,Facebook,10245,67939654,3758770,71698424,MOBILE,0
4914,1779976800000,2026-05-28T22:00:00,mock-device-uuid-12345,com.tencent.ig,PUBG Mobile,10352,4578132,733498,5311630,MOBILE,0
4915,1779976800000,2026-05-28T22:00:00,mock-device-uuid-12345,com.android.chrome,Chrome,10080,10371685,954757,11326442,MOBILE,0
4916,1779976800000,2026-05-28T22:00:00,mock-device-uuid-12345,com.spotify.music,Spotify,10299,42124023,8478852,50602875,MOBILE,0
4917,1779980400000,2026-05-28T23:00:00,mock-device-uuid-12345,com.spotify.music,Spotify,10299,26935766,6407142,33342908,MOBILE,0
4918,1779980400000,2026-05-28T23:00:00,mock-device-uuid-12345,com.instagram.android,Instagram,10246,10594091,1819791,12413882,MOBILE,0
4919,1779980400000,2026-05-28T23:00:00,mock-device-uuid-12345,com.google.android.youtube,YouTube,10101,14209601,3526585,17736186,MOBILE,0
4920,1779980400000,2026-05-28T23:00:00,mock-device-uuid-12345,com.facebook.katana,Facebook,10245,32315872,6964601,39280473,MOBILE,0
4921,1779984000000,2026-05-29T00:00:00,mock-device-uuid-12345,com.tencent.ig,PUBG Mobile,10352,0,0,0,MOBILE,0
4922,1779984000000,2026-05-29T00:00:00,mock-device-uuid-12345,com.facebook.katana,Facebook,10245,0,0,0,MOBILE,0
4923,1779987600000,2026-05-29T01:00:00,mock-device-uuid-12345,com.android.chrome,Chrome,10080,167677,30507,198184,MOBILE,0
4924,1779987600000,2026-05-29T01:00:00,mock-device-uuid-12345,com.tencent.ig,PUBG Mobile,10352,139840,18140,157980,MOBILE,0
4925,1779987600000,2026-05-29T01:00:00,mock-device-uuid-12345,com.spotify.music,Spotify,10299,203630,34747,238377,MOBILE,0
4926,1779991200000,2026-05-29T02:00:00,mock-device-uuid-12345,com.instagram.android,Instagram,10246,5088459,902041,5990500,MOBILE,0
4927,1779991200000,2026-05-29T02:00:00,mock-device-uuid-12345,com.android.chrome,Chrome,10080,2753211,402837,3156048,MOBILE,0
4928,1779991200000,2026-05-29T02:00:00,mock-device-uuid-12345,com.spotify.music,Spotify,10299,3102418,657326,3759744,MOBILE,0
4929,1779994800000,2026-05-29T03:00:00,mock-device-uuid-12345,com.zhiliaoapp.musically,TikTok,10310,4969512,793866,5763378,MOBILE,0
4930,1779994800000,2026-05-29T03:00:00,mock-device-uuid-12345,com.google.android.youtube,YouTube,10101,490542,94145,584687,MOBILE,0
4931,1779994800000,2026-05-29T03:00:00,mock-device-uuid-12345,com.instagram.android,Instagram,10246,1397660,175791,1573451,MOBILE,0
4932,1779994800000,2026-05-29T03:00:00,mock-device-uuid-12345,com.tencent.ig,PUBG Mobile,10352,1323852,96221,1420073,MOBILE,0
4933,1779994800000,2026-05-29T03:00:00,mock-device-uuid-12345,com.android.chrome,Chrome,10080,1011984,58889,1070873,MOBILE,0
4934,1779998400000,2026-05-29T04:00:00,mock-device-uuid-12345,com.instagram.android,Instagram,10246,0,0,0,MOBILE,0
4935,1779998400000,2026-05-29T04:00:00,mock-device-uuid-12345,com.facebook.katana,Facebook,10245,0,0,0,MOBILE,0
4936,1779998400000,2026-05-29T04:00:00,mock-device-uuid-12345,com.tencent.ig,PUBG Mobile,10352,0,0,0,MOBILE,0
4937,1779998400000,2026-05-29T04:00:00,mock-device-uuid-12345,com.android.chrome,Chrome,10080,0,0,0,MOBILE,0
4938,1780002000000,2026-05-29T05:00:00,mock-device-uuid-12345,com.instagram.android,Instagram,10246,9955873,2199926,12155799,MOBILE,0
4939,1780002000000,2026-05-29T05:00:00,mock-device-uuid-12345,com.zhiliaoapp.musically,TikTok,10310,2296150,314001,2610151,MOBILE,0
4940,1780002000000,2026-05-29T05:00:00,mock-device-uuid-12345,com.google.android.youtube,YouTube,10101,1022489,212009,1234498,MOBILE,0
4941,1780002000000,2026-05-29T05:00:00,mock-device-uuid-12345,com.facebook.katana,Facebook,10245,243002,28985,271987,MOBILE,0
4942,1780002000000,2026-05-29T05:00:00,mock-device-uuid-12345,com.tencent.ig,PUBG Mobile,10352,1196850,229521,1426371,MOBILE,0
4943,1780005600000,2026-05-29T06:00:00,mock-device-uuid-12345,com.zhiliaoapp.musically,TikTok,10310,7481029,705919,8186948,MOBILE,0
4944,1780005600000,2026-05-29T06:00:00,mock-device-uuid-12345,com.tencent.ig,PUBG Mobile,10352,14236448,2453558,16690006,MOBILE,0
4945,1780005600000,2026-05-29T06:00:00,mock-device-uuid-12345,com.android.chrome,Chrome,10080,20854972,3476067,24331039,MOBILE,0
4946,1780009200000,2026-05-29T07:00:00,mock-device-uuid-12345,com.zhiliaoapp.musically,TikTok,10310,20972312,1329940,22302252,MOBILE,0
4947,1780009200000,2026-05-29T07:00:00,mock-device-uuid-12345,com.google.android.youtube,YouTube,10101,7351168,1788320,9139488,MOBILE,0
4948,1780009200000,2026-05-29T07:00:00,mock-device-uuid-12345,com.facebook.katana,Facebook,10245,3356005,258117,3614122,MOBILE,0
4949,1780009200000,2026-05-29T07:00:00,mock-device-uuid-12345,com.tencent.ig,PUBG Mobile,10352,1002739,151804,1154543,MOBILE,0
4950,1780009200000,2026-05-29T07:00:00,mock-device-uuid-12345,com.android.chrome,Chrome,10080,734464,142632,877096,MOBILE,0
4951,1780012800000,2026-05-29T08:00:00,mock-device-uuid-12345,com.google.android.youtube,YouTube,10101,7865908,1255605,9121513,MOBILE,0
4952,1780012800000,2026-05-29T08:00:00,mock-device-uuid-12345,com.spotify.music,Spotify,10299,1127162,198461,1325623,MOBILE,0
4953,1780012800000,2026-05-29T08:00:00,mock-device-uuid-12345,com.facebook.katana,Facebook,10245,1767904,412938,2180842,MOBILE,0
4954,1780012800000,2026-05-29T08:00:00,mock-device-uuid-12345,com.zhiliaoapp.musically,TikTok,10310,2378671,192773,2571444,MOBILE,0
4955,1780016400000,2026-05-29T09:00:00,mock-device-uuid-12345,com.google.android.youtube,YouTube,10101,13626371,2652558,16278929,MOBILE,0
4956,1780016400000,2026-05-29T09:00:00,mock-device-uuid-12345,com.android.chrome,Chrome,10080,1858954,119847,1978801,MOBILE,0
4957,1780016400000,2026-05-29T09:00:00,mock-device-uuid-12345,com.instagram.android,Instagram,10246,2966190,590277,3556467,MOBILE,0
4958,1780016400000,2026-05-29T09:00:00,mock-device-uuid-12345,com.facebook.katana,Facebook,10245,414166,22730,436896,MOBILE,0
4959,1780016400000,2026-05-29T09:00:00,mock-device-uuid-12345,com.tencent.ig,PUBG Mobile,10352,2190412,361404,2551816,MOBILE,0
4960,1780020000000,2026-05-29T10:00:00,mock-device-uuid-12345,com.facebook.katana,Facebook,10245,13133270,1175108,14308378,MOBILE,0
4961,1780020000000,2026-05-29T10:00:00,mock-device-uuid-12345,com.instagram.android,Instagram,10246,1798642,130407,1929049,MOBILE,0
4962,1780020000000,2026-05-29T10:00:00,mock-device-uuid-12345,com.zhiliaoapp.musically,TikTok,10310,825954,124161,950115,MOBILE,0
4963,1780020000000,2026-05-29T10:00:00,mock-device-uuid-12345,com.google.android.youtube,YouTube,10101,4080620,799432,4880052,MOBILE,0
4964,1780023600000,2026-05-29T11:00:00,mock-device-uuid-12345,com.tencent.ig,PUBG Mobile,10352,34059563,5057813,39117376,MOBILE,0
4965,1780023600000,2026-05-29T11:00:00,mock-device-uuid-12345,com.android.chrome,Chrome,10080,10756305,816514,11572819,MOBILE,0
4966,1780023600000,2026-05-29T11:00:00,mock-device-uuid-12345,com.zhiliaoapp.musically,TikTok,10310,18080370,4011828,22092198,MOBILE,0
4967,1780027200000,2026-05-29T12:00:00,mock-device-uuid-12345,com.spotify.music,Spotify,10299,18351022,3867586,22218608,MOBILE,0
4968,1780027200000,2026-05-29T12:00:00,mock-device-uuid-12345,com.facebook.katana,Facebook,10245,994671,80240,1074911,MOBILE,0
4969,1780027200000,2026-05-29T12:00:00,mock-device-uuid-12345,com.google.android.youtube,YouTube,10101,8559444,1060368,9619812,MOBILE,0
4970,1780030800000,2026-05-29T13:00:00,mock-device-uuid-12345,com.instagram.android,Instagram,10246,19186524,2671599,21858123,MOBILE,0
4971,1780030800000,2026-05-29T13:00:00,mock-device-uuid-12345,com.google.android.youtube,YouTube,10101,10915424,872701,11788125,MOBILE,0
4972,1780030800000,2026-05-29T13:00:00,mock-device-uuid-12345,com.zhiliaoapp.musically,TikTok,10310,17338880,1053915,18392795,MOBILE,0
4973,1780034400000,2026-05-29T14:00:00,mock-device-uuid-12345,com.tencent.ig,PUBG Mobile,10352,37103750,5131622,42235372,MOBILE,0
4974,1780034400000,2026-05-29T14:00:00,mock-device-uuid-12345,com.facebook.katana,Facebook,10245,2697016,206807,2903823,MOBILE,0
4975,1780034400000,2026-05-29T14:00:00,mock-device-uuid-12345,com.google.android.youtube,YouTube,10101,10468666,1400425,11869091,MOBILE,0
4976,1780034400000,2026-05-29T14:00:00,mock-device-uuid-12345,com.spotify.music,Spotify,10299,3761267,666292,4427559,MOBILE,0
4977,1780034400000,2026-05-29T14:00:00,mock-device-uuid-12345,com.instagram.android,Instagram,10246,11638236,2029963,13668199,MOBILE,0
4978,1780038000000,2026-05-29T15:00:00,mock-device-uuid-12345,com.zhiliaoapp.musically,TikTok,10310,2309458,502193,2811651,MOBILE,0
4979,1780038000000,2026-05-29T15:00:00,mock-device-uuid-12345,com.tencent.ig,PUBG Mobile,10352,5474126,1207007,6681133,MOBILE,0
4980,1780038000000,2026-05-29T15:00:00,mock-device-uuid-12345,com.google.android.youtube,YouTube,10101,24630745,4482311,29113056,MOBILE,0
4981,1780041600000,2026-05-29T16:00:00,mock-device-uuid-12345,com.zhiliaoapp.musically,TikTok,10310,37885695,2190017,40075712,MOBILE,0
4982,1780041600000,2026-05-29T16:00:00,mock-device-uuid-12345,com.facebook.katana,Facebook,10245,17242659,960643,18203302,MOBILE,0
4983,1780045200000,2026-05-29T17:00:00,mock-device-uuid-12345,com.spotify.music,Spotify,10299,6026725,561889,6588614,MOBILE,0
4984,1780045200000,2026-05-29T17:00:00,mock-device-uuid-12345,com.google.android.youtube,YouTube,10101,20166521,2622337,22788858,MOBILE,0
4985,1780045200000,2026-05-29T17:00:00,mock-device-uuid-12345,com.tencent.ig,PUBG Mobile,10352,4955034,437990,5393024,MOBILE,0
4986,1780045200000,2026-05-29T17:00:00,mock-device-uuid-12345,com.zhiliaoapp.musically,TikTok,10310,14489217,2368288,16857505,MOBILE,0
4987,1780048800000,2026-05-29T18:00:00,mock-device-uuid-12345,com.spotify.music,Spotify,10299,58421322,10475752,68897074,MOBILE,0
4988,1780048800000,2026-05-29T18:00:00,mock-device-uuid-12345,com.facebook.katana,Facebook,10245,69299711,5152608,74452319,MOBILE,0
4989,1780048800000,2026-05-29T18:00:00,mock-device-uuid-12345,com.google.android.youtube,YouTube,10101,26491944,2798746,29290690,MOBILE,0
4990,1780048800000,2026-05-29T18:00:00,mock-device-uuid-12345,com.android.chrome,Chrome,10080,20900939,2697877,23598816,MOBILE,0
4991,1780052400000,2026-05-29T19:00:00,mock-device-uuid-12345,com.instagram.android,Instagram,10246,73623436,11641362,85264798,MOBILE,0
4992,1780052400000,2026-05-29T19:00:00,mock-device-uuid-12345,com.android.chrome,Chrome,10080,121216060,18661935,139877995,MOBILE,0
4993,1780056000000,2026-05-29T20:00:00,mock-device-uuid-12345,com.spotify.music,Spotify,10299,31039052,5045111,36084163,MOBILE,0
4994,1780056000000,2026-05-29T20:00:00,mock-device-uuid-12345,com.zhiliaoapp.musically,TikTok,10310,20124217,2335499,22459716,MOBILE,0
4995,1780056000000,2026-05-29T20:00:00,mock-device-uuid-12345,com.android.chrome,Chrome,10080,49622423,7821407,57443830,MOBILE,0
4996,1780056000000,2026-05-29T20:00:00,mock-device-uuid-12345,com.facebook.katana,Facebook,10245,19508302,1502308,21010610,MOBILE,0
4997,1780056000000,2026-05-29T20:00:00,mock-device-uuid-12345,com.google.android.youtube,YouTube,10101,71046550,4614205,75660755,MOBILE,0
4998,1780059600000,2026-05-29T21:00:00,mock-device-uuid-12345,com.spotify.music,Spotify,10299,40269810,8078105,48347915,MOBILE,0
4999,1780059600000,2026-05-29T21:00:00,mock-device-uuid-12345,com.instagram.android,Instagram,10246,62969566,12572717,75542283,MOBILE,0
5000,1780063200000,2026-05-29T22:00:00,mock-device-uuid-12345,com.android.chrome,Chrome,10080,81890692,13341505,95232197,MOBILE,0
5001,1780063200000,2026-05-29T22:00:00,mock-device-uuid-12345,com.tencent.ig,PUBG Mobile,10352,34229450,7750918,41980368,MOBILE,0
5002,1780066800000,2026-05-29T23:00:00,mock-device-uuid-12345,com.zhiliaoapp.musically,TikTok,10310,43643616,8201976,51845592,MOBILE,0
5003,1780066800000,2026-05-29T23:00:00,mock-device-uuid-12345,com.facebook.katana,Facebook,10245,13208794,1112322,14321116,MOBILE,0
5004,1780066800000,2026-05-29T23:00:00,mock-device-uuid-12345,com.instagram.android,Instagram,10246,18847892,3580109,22428001,MOBILE,0
5005,1780070400000,2026-05-30T00:00:00,mock-device-uuid-12345,com.zhiliaoapp.musically,TikTok,10310,21073768,1260389,22334157,MOBILE,0
5006,1780070400000,2026-05-30T00:00:00,mock-device-uuid-12345,com.android.chrome,Chrome,10080,11234083,2605743,13839826,MOBILE,0
5007,1780074000000,2026-05-30T01:00:00,mock-device-uuid-12345,com.android.chrome,Chrome,10080,27230901,1695481,28926382,MOBILE,0
5008,1780074000000,2026-05-30T01:00:00,mock-device-uuid-12345,com.google.android.youtube,YouTube,10101,18798394,1857664,20656058,MOBILE,0
5009,1780077600000,2026-05-30T02:00:00,mock-device-uuid-12345,com.google.android.youtube,YouTube,10101,20189134,1551084,21740218,MOBILE,0
5010,1780077600000,2026-05-30T02:00:00,mock-device-uuid-12345,com.android.chrome,Chrome,10080,3905274,287960,4193234,MOBILE,0
5011,1780077600000,2026-05-30T02:00:00,mock-device-uuid-12345,com.facebook.katana,Facebook,10245,22767829,4204133,26971962,MOBILE,0
5012,1780077600000,2026-05-30T02:00:00,mock-device-uuid-12345,com.instagram.android,Instagram,10246,20730274,1751052,22481326,MOBILE,0
5013,1780081200000,2026-05-30T03:00:00,mock-device-uuid-12345,com.tencent.ig,PUBG Mobile,10352,22814924,3326242,26141166,MOBILE,0
5014,1780081200000,2026-05-30T03:00:00,mock-device-uuid-12345,com.zhiliaoapp.musically,TikTok,10310,27531424,6287187,33818611,MOBILE,0
5015,1780084800000,2026-05-30T04:00:00,mock-device-uuid-12345,com.facebook.katana,Facebook,10245,6457066,1575931,8032997,MOBILE,0
5016,1780084800000,2026-05-30T04:00:00,mock-device-uuid-12345,com.google.android.youtube,YouTube,10101,13658222,3146443,16804665,MOBILE,0
5017,1780084800000,2026-05-30T04:00:00,mock-device-uuid-12345,com.spotify.music,Spotify,10299,15185242,2786782,17972024,MOBILE,0
5018,1780088400000,2026-05-30T05:00:00,mock-device-uuid-12345,com.spotify.music,Spotify,10299,4046530,548532,4595062,MOBILE,0
5019,1780088400000,2026-05-30T05:00:00,mock-device-uuid-12345,com.google.android.youtube,YouTube,10101,18267803,4511021,22778824,MOBILE,0
5020,1780088400000,2026-05-30T05:00:00,mock-device-uuid-12345,com.instagram.android,Instagram,10246,2621016,326130,2947146,MOBILE,0
5021,1780088400000,2026-05-30T05:00:00,mock-device-uuid-12345,com.android.chrome,Chrome,10080,13395448,2909814,16305262,MOBILE,0
5022,1780092000000,2026-05-30T06:00:00,mock-device-uuid-12345,com.android.chrome,Chrome,10080,17064292,1455712,18520004,MOBILE,0
5023,1780092000000,2026-05-30T06:00:00,mock-device-uuid-12345,com.tencent.ig,PUBG Mobile,10352,20117464,4715181,24832645,MOBILE,0
5024,1780092000000,2026-05-30T06:00:00,mock-device-uuid-12345,com.google.android.youtube,YouTube,10101,4158908,912420,5071328,MOBILE,0
5025,1780092000000,2026-05-30T06:00:00,mock-device-uuid-12345,com.zhiliaoapp.musically,TikTok,10310,11893580,2780849,14674429,MOBILE,0
5026,1780092000000,2026-05-30T06:00:00,mock-device-uuid-12345,com.spotify.music,Spotify,10299,12020163,2051169,14071332,MOBILE,0
5027,1780095600000,2026-05-30T07:00:00,mock-device-uuid-12345,com.facebook.katana,Facebook,10245,11137090,2193597,13330687,MOBILE,0
5028,1780095600000,2026-05-30T07:00:00,mock-device-uuid-12345,com.android.chrome,Chrome,10080,62201934,9738207,71940141,MOBILE,0
5029,1780099200000,2026-05-30T08:00:00,mock-device-uuid-12345,com.facebook.katana,Facebook,10245,20947892,3149770,24097662,MOBILE,0
5030,1780099200000,2026-05-30T08:00:00,mock-device-uuid-12345,com.google.android.youtube,YouTube,10101,24607936,2312136,26920072,MOBILE,0
5031,1780099200000,2026-05-30T08:00:00,mock-device-uuid-12345,com.tencent.ig,PUBG Mobile,10352,27776191,5127491,32903682,MOBILE,0
5032,1780102800000,2026-05-30T09:00:00,mock-device-uuid-12345,com.tencent.ig,PUBG Mobile,10352,12310381,3038690,15349071,MOBILE,0
5033,1780102800000,2026-05-30T09:00:00,mock-device-uuid-12345,com.zhiliaoapp.musically,TikTok,10310,28123746,3613477,31737223,MOBILE,0
5034,1780102800000,2026-05-30T09:00:00,mock-device-uuid-12345,com.spotify.music,Spotify,10299,9052516,892307,9944823,MOBILE,0
5035,1780102800000,2026-05-30T09:00:00,mock-device-uuid-12345,com.facebook.katana,Facebook,10245,4058723,963312,5022035,MOBILE,0
5036,1780106400000,2026-05-30T10:00:00,mock-device-uuid-12345,com.android.chrome,Chrome,10080,51995756,8735499,60731255,MOBILE,0
5037,1780106400000,2026-05-30T10:00:00,mock-device-uuid-12345,com.zhiliaoapp.musically,TikTok,10310,21336695,4081373,25418068,MOBILE,0
5038,1780106400000,2026-05-30T10:00:00,mock-device-uuid-12345,com.spotify.music,Spotify,10299,16007410,1466764,17474174,MOBILE,0
5039,1780106400000,2026-05-30T10:00:00,mock-device-uuid-12345,com.instagram.android,Instagram,10246,2768679,604672,3373351,MOBILE,0
5040,1780106400000,2026-05-30T10:00:00,mock-device-uuid-12345,com.tencent.ig,PUBG Mobile,10352,5858608,670719,6529327,MOBILE,0
5041,1780110000000,2026-05-30T11:00:00,mock-device-uuid-12345,com.instagram.android,Instagram,10246,61206970,8817328,70024298,MOBILE,0
5042,1780110000000,2026-05-30T11:00:00,mock-device-uuid-12345,com.android.chrome,Chrome,10080,28207450,3082713,31290163,MOBILE,0
5043,1780113600000,2026-05-30T12:00:00,mock-device-uuid-12345,com.google.android.youtube,YouTube,10101,13311728,1969625,15281353,MOBILE,0
5044,1780113600000,2026-05-30T12:00:00,mock-device-uuid-12345,com.tencent.ig,PUBG Mobile,10352,12946887,1882930,14829817,MOBILE,0
5045,1780113600000,2026-05-30T12:00:00,mock-device-uuid-12345,com.instagram.android,Instagram,10246,8378305,1215262,9593567,MOBILE,0
5046,1780113600000,2026-05-30T12:00:00,mock-device-uuid-12345,com.android.chrome,Chrome,10080,37038894,6504284,43543178,MOBILE,0
5047,1780117200000,2026-05-30T13:00:00,mock-device-uuid-12345,com.tencent.ig,PUBG Mobile,10352,24867371,3184089,28051460,MOBILE,0
5048,1780117200000,2026-05-30T13:00:00,mock-device-uuid-12345,com.android.chrome,Chrome,10080,4096793,235563,4332356,MOBILE,0
5049,1780117200000,2026-05-30T13:00:00,mock-device-uuid-12345,com.google.android.youtube,YouTube,10101,6615902,1282102,7898004,MOBILE,0
5050,1780117200000,2026-05-30T13:00:00,mock-device-uuid-12345,com.instagram.android,Instagram,10246,7738207,1396607,9134814,MOBILE,0
5051,1780117200000,2026-05-30T13:00:00,mock-device-uuid-12345,com.facebook.katana,Facebook,10245,10987475,1007210,11994685,MOBILE,0
5052,1780120800000,2026-05-30T14:00:00,mock-device-uuid-12345,com.zhiliaoapp.musically,TikTok,10310,29173295,4027418,33200713,MOBILE,0
5053,1780120800000,2026-05-30T14:00:00,mock-device-uuid-12345,com.android.chrome,Chrome,10080,47500471,7814448,55314919,MOBILE,0
5054,1780120800000,2026-05-30T14:00:00,mock-device-uuid-12345,com.spotify.music,Spotify,10299,7690097,694701,8384798,MOBILE,0
5055,1780120800000,2026-05-30T14:00:00,mock-device-uuid-12345,com.google.android.youtube,YouTube,10101,6551502,1565622,8117124,MOBILE,0
5056,1780120800000,2026-05-30T14:00:00,mock-device-uuid-12345,com.facebook.katana,Facebook,10245,10867054,1148949,12016003,MOBILE,0
5057,1780124400000,2026-05-30T15:00:00,mock-device-uuid-12345,com.google.android.youtube,YouTube,10101,17656024,1750455,19406479,MOBILE,0
5058,1780124400000,2026-05-30T15:00:00,mock-device-uuid-12345,com.zhiliaoapp.musically,TikTok,10310,29131930,6430927,35562857,MOBILE,0
5059,1780124400000,2026-05-30T15:00:00,mock-device-uuid-12345,com.facebook.katana,Facebook,10245,38866459,2238826,41105285,MOBILE,0
5060,1780128000000,2026-05-30T16:00:00,mock-device-uuid-12345,com.google.android.youtube,YouTube,10101,7860848,473907,8334755,MOBILE,0
5061,1780128000000,2026-05-30T16:00:00,mock-device-uuid-12345,com.tencent.ig,PUBG Mobile,10352,15766594,965364,16731958,MOBILE,0
5062,1780128000000,2026-05-30T16:00:00,mock-device-uuid-12345,com.zhiliaoapp.musically,TikTok,10310,3299328,511415,3810743,MOBILE,0
5063,1780128000000,2026-05-30T16:00:00,mock-device-uuid-12345,com.spotify.music,Spotify,10299,21090405,2134650,23225055,MOBILE,0
5064,1780128000000,2026-05-30T16:00:00,mock-device-uuid-12345,com.facebook.katana,Facebook,10245,9359353,1420083,10779436,MOBILE,0
5065,1780131600000,2026-05-30T17:00:00,mock-device-uuid-12345,com.spotify.music,Spotify,10299,5339113,594851,5933964,MOBILE,0
5066,1780131600000,2026-05-30T17:00:00,mock-device-uuid-12345,com.instagram.android,Instagram,10246,32100193,6557158,38657351,MOBILE,0
5067,1780131600000,2026-05-30T17:00:00,mock-device-uuid-12345,com.zhiliaoapp.musically,TikTok,10310,23543013,5138378,28681391,MOBILE,0
5068,1780135200000,2026-05-30T18:00:00,mock-device-uuid-12345,com.zhiliaoapp.musically,TikTok,10310,80031309,12682426,92713735,MOBILE,0
5069,1780135200000,2026-05-30T18:00:00,mock-device-uuid-12345,com.tencent.ig,PUBG Mobile,10352,100141563,10129931,110271494,MOBILE,0
5070,1780138800000,2026-05-30T19:00:00,mock-device-uuid-12345,com.spotify.music,Spotify,10299,117931750,14775564,132707314,MOBILE,0
5071,1780138800000,2026-05-30T19:00:00,mock-device-uuid-12345,com.instagram.android,Instagram,10246,21114733,2340273,23455006,MOBILE,0
5072,1780138800000,2026-05-30T19:00:00,mock-device-uuid-12345,com.zhiliaoapp.musically,TikTok,10310,17158328,2212163,19370491,MOBILE,0
5073,1780138800000,2026-05-30T19:00:00,mock-device-uuid-12345,com.google.android.youtube,YouTube,10101,22048980,3934382,25983362,MOBILE,0
5074,1780142400000,2026-05-30T20:00:00,mock-device-uuid-12345,com.tencent.ig,PUBG Mobile,10352,30441911,3981680,34423591,MOBILE,0
5075,1780142400000,2026-05-30T20:00:00,mock-device-uuid-12345,com.google.android.youtube,YouTube,10101,163610572,13490249,177100821,MOBILE,0
5076,1780146000000,2026-05-30T21:00:00,mock-device-uuid-12345,com.facebook.katana,Facebook,10245,94666265,7066828,101733093,MOBILE,0
5077,1780146000000,2026-05-30T21:00:00,mock-device-uuid-12345,com.zhiliaoapp.musically,TikTok,10310,25215434,3470616,28686050,MOBILE,0
5078,1780146000000,2026-05-30T21:00:00,mock-device-uuid-12345,com.google.android.youtube,YouTube,10101,23421868,4076240,27498108,MOBILE,0
5079,1780146000000,2026-05-30T21:00:00,mock-device-uuid-12345,com.android.chrome,Chrome,10080,15954129,1973586,17927715,MOBILE,0
5080,1780146000000,2026-05-30T21:00:00,mock-device-uuid-12345,com.tencent.ig,PUBG Mobile,10352,31778208,3574290,35352498,MOBILE,0
5081,1780149600000,2026-05-30T22:00:00,mock-device-uuid-12345,com.instagram.android,Instagram,10246,126177202,17401529,143578731,MOBILE,0
5082,1780149600000,2026-05-30T22:00:00,mock-device-uuid-12345,com.facebook.katana,Facebook,10245,24159559,3499716,27659275,MOBILE,0
5083,1780149600000,2026-05-30T22:00:00,mock-device-uuid-12345,com.zhiliaoapp.musically,TikTok,10310,49065689,8721660,57787349,MOBILE,0
5084,1780153200000,2026-05-30T23:00:00,mock-device-uuid-12345,com.instagram.android,Instagram,10246,25952029,4367371,30319400,MOBILE,0
5085,1780153200000,2026-05-30T23:00:00,mock-device-uuid-12345,com.android.chrome,Chrome,10080,39605059,8828906,48433965,MOBILE,0
5086,1780153200000,2026-05-30T23:00:00,mock-device-uuid-12345,com.google.android.youtube,YouTube,10101,18270407,1325027,19595434,MOBILE,0
5087,1780153200000,2026-05-30T23:00:00,mock-device-uuid-12345,com.spotify.music,Spotify,10299,3522688,295144,3817832,MOBILE,0
5088,1780153200000,2026-05-30T23:00:00,mock-device-uuid-12345,com.zhiliaoapp.musically,TikTok,10310,10692923,2265700,12958623,MOBILE,0
