id,timestamp,datetime,hour,minute,day_of_week,is_weekend,time_period,bytes_rx,bytes_tx,bytes_total,mb_used,cumulative_mb_today,network_type,screen_on,battery_level
1,1774972800000,2026-04-01T00:00:00,0,30,3,0,Night,0,0,0,0.0,0.0,CELLULAR,0.011,95.0
2,1774976400000,2026-04-01T01:00:00,1,50,3,0,Night,0,0,0,0.0,0.0,CELLULAR,0.013,100.0
3,1774980000000,2026-04-01T02:00:00,2,35,3,0,Night,2917316,535015,3452331,3.2924,3.2924,CELLULAR,0.082,100.0
4,1774983600000,2026-04-01T03:00:00,3,54,3,0,Night,2831691,506555,3338246,3.1836,6.476,CELLULAR,0.062,100.0
5,1774987200000,2026-04-01T04:00:00,4,1,3,0,Night,2705436,402648,3108084,2.9641,9.4401,CELLULAR,0.019,100.0
6,1774990800000,2026-04-01T05:00:00,5,55,3,0,Night,14108603,2476409,16585012,15.8167,25.2568,CELLULAR,0.025,100.0
7,1774994400000,2026-04-01T06:00:00,6,7,3,0,Morning,31668290,4255818,35924108,34.2599,59.5167,CELLULAR,0.266,100.0
8,1774998000000,2026-04-01T07:00:00,7,39,3,0,Morning,45911501,9938487,55849988,53.2627,112.7794,CELLULAR,0.39,90.2
9,1775001600000,2026-04-01T08:00:00,8,11,3,0,Morning,48911365,15814610,64725975,61.7275,174.5069,CELLULAR,0.417,83.4
10,1775005200000,2026-04-01T09:00:00,9,26,3,0,Morning,66842858,9920874,76763732,73.2076,247.7145,CELLULAR,0.555,73.5
11,1775008800000,2026-04-01T10:00:00,10,20,3,0,Morning,43233693,10604917,53838610,51.3445,299.059,CELLULAR,0.516,64.9
12,1775012400000,2026-04-01T11:00:00,11,21,3,0,Morning,37460660,4859972,42320632,40.3601,339.4191,CELLULAR,0.3,57.9
13,1775016000000,2026-04-01T12:00:00,12,43,3,0,Afternoon,58472321,16078811,74551132,71.0975,410.5166,CELLULAR,0.569,49.8
14,1775019600000,2026-04-01T13:00:00,13,41,3,0,Afternoon,25776806,4161192,29937998,28.5511,439.0677,CELLULAR,0.22,43.8
15,1775023200000,2026-04-01T14:00:00,14,17,3,0,Afternoon,37824680,12021582,49846262,47.5371,486.6048,CELLULAR,0.511,35.1
16,1775026800000,2026-04-01T15:00:00,15,13,3,0,Afternoon,59108914,18567079,77675993,74.0776,560.6824,CELLULAR,0.527,28.2
17,1775030400000,2026-04-01T16:00:00,16,19,3,0,Afternoon,57610637,7430435,65041072,62.028,622.7104,CELLULAR,0.455,20.2
18,1775034000000,2026-04-01T17:00:00,17,47,3,0,Afternoon,38137218,11927881,50065099,47.7458,670.4562,CELLULAR,0.495,9.5
19,1775037600000,2026-04-01T18:00:00,18,55,3,0,Evening,120077311,36347683,156424994,149.1785,819.6347,CELLULAR,0.613,3.0
20,1775041200000,2026-04-01T19:00:00,19,41,3,0,Evening,180323276,58183409,238506685,227.4577,1047.0924,CELLULAR,0.622,3.0
21,1775044800000,2026-04-01T20:00:00,20,15,3,0,Evening,169068855,26513742,195582597,186.5221,1233.6145,CELLULAR,0.631,3.0
22,1775048400000,2026-04-01T21:00:00,21,28,3,0,Evening,139006176,27737645,166743821,159.0193,1392.6338,CELLULAR,0.64,3.0
23,1775052000000,2026-04-01T22:00:00,22,23,3,0,Evening,128784056,38249801,167033857,159.2959,1551.9297,CELLULAR,0.841,20.0
24,1775055600000,2026-04-01T23:00:00,23,38,3,0,Evening,76349863,21654978,98004841,93.4647,1645.3944,CELLULAR,0.789,42.6
25,1775059200000,2026-04-02T00:00:00,0,51,4,0,Night,0,0,0,0.0,0.0,CELLULAR,0.041,99.0
26,1775062800000,2026-04-02T01:00:00,1,34,4,0,Night,3569118,1068733,4637851,4.423,4.423,CELLULAR,0.041,100.0
27,1775066400000,2026-04-02T02:00:00,2,36,4,0,Night,12142516,3755049,15897565,15.1611,19.5841,CELLULAR,0.073,100.0
28,1775070000000,2026-04-02T03:00:00,3,6,4,0,Night,15379047,2780611,18159658,17.3184,36.9025,CELLULAR,0.034,100.0
29,1775073600000,2026-04-02T04:00:00,4,3,4,0,Night,129541,37497,167038,0.1593,37.0618,CELLULAR,0.057,100.0
30,1775077200000,2026-04-02T05:00:00,5,8,4,0,Night,16803957,2820142,19624099,18.715,55.7768,CELLULAR,0.091,100.0
31,1775080800000,2026-04-02T06:00:00,6,40,4,0,Morning,31092396,8545873,39638269,37.802,93.5788,CELLULAR,0.367,100.0
32,1775084400000,2026-04-02T07:00:00,7,24,4,0,Morning,55583689,16553935,72137624,68.7958,162.3746,CELLULAR,0.58,87.7
33,1775088000000,2026-04-02T08:00:00,8,40,4,0,Morning,71064187,14863155,85927342,81.9467,244.3213,CELLULAR,0.565,75.0
34,1775091600000,2026-04-02T09:00:00,9,55,4,0,Morning,65851319,12115654,77966973,74.3551,318.6764,CELLULAR,0.537,66.1
35,1775095200000,2026-04-02T10:00:00,10,36,4,0,Morning,37458837,7080686,44539523,42.4762,361.1526,CELLULAR,0.443,58.4
36,1775098800000,2026-04-02T11:00:00,11,50,4,0,Morning,36717866,6660779,43378645,41.3691,402.5217,CELLULAR,0.384,48.7
37,1775102400000,2026-04-02T12:00:00,12,8,4,0,Afternoon,30523579,3767267,34290846,32.7023,435.224,CELLULAR,0.203,43.9
38,1775106000000,2026-04-02T13:00:00,13,13,4,0,Afternoon,25629137,5630171,31259308,29.8112,465.0352,CELLULAR,0.288,38.1
39,1775109600000,2026-04-02T14:00:00,14,9,4,0,Afternoon,45586335,11334250,56920585,54.2837,519.3189,CELLULAR,0.466,28.6
40,1775113200000,2026-04-02T15:00:00,15,43,4,0,Afternoon,31409595,3492676,34902271,33.2854,552.6043,CELLULAR,0.261,24.5
41,1775116800000,2026-04-02T16:00:00,16,15,4,0,Afternoon,49196247,9994085,59190332,56.4483,609.0526,CELLULAR,0.592,13.3
42,1775120400000,2026-04-02T17:00:00,17,54,4,0,Afternoon,36044138,8000562,44044700,42.0043,651.0569,CELLULAR,0.284,9.0
43,1775124000000,2026-04-02T18:00:00,18,3,4,0,Evening,160849721,29537811,190387532,181.5677,832.6246,CELLULAR,0.56,3.0
44,1775127600000,2026-04-02T19:00:00,19,32,4,0,Evening,159747387,20975525,180722912,172.3508,1004.9754,CELLULAR,0.687,3.0
45,1775131200000,2026-04-02T20:00:00,20,5,4,0,Evening,152579762,27702329,180282091,171.9304,1176.9058,CELLULAR,0.589,3.0
46,1775134800000,2026-04-02T21:00:00,21,0,4,0,Evening,147397591,29882531,177280122,169.0675,1345.9733,CELLULAR,0.519,3.0
47,1775138400000,2026-04-02T22:00:00,22,0,4,0,Evening,111479995,29183749,140663744,134.1474,1480.1207,CELLULAR,0.504,22.5
48,1775142000000,2026-04-02T23:00:00,23,52,4,0,Evening,61807247,16736443,78543690,74.9051,1555.0258,CELLULAR,0.72,39.4
49,1775145600000,2026-04-03T00:00:00,0,18,5,0,Night,0,0,0,0.0,0.0,CELLULAR,0.017,95.0
50,1775149200000,2026-04-03T01:00:00,1,57,5,0,Night,0,0,0,0.0,0.0,CELLULAR,0.041,100.0
51,1775152800000,2026-04-03T02:00:00,2,32,5,0,Night,0,0,0,0.0,0.0,CELLULAR,0.019,100.0
52,1775156400000,2026-04-03T03:00:00,3,31,5,0,Night,12258594,2799271,15057865,14.3603,14.3603,CELLULAR,0.038,100.0
53,1775160000000,2026-04-03T04:00:00,4,2,5,0,Night,0,0,0,0.0,14.3603,CELLULAR,0.075,100.0
54,1775163600000,2026-04-03T05:00:00,5,38,5,0,Night,926353,278041,1204394,1.1486,15.5089,CELLULAR,0.092,100.0
55,1775167200000,2026-04-03T06:00:00,6,52,5,0,Morning,19143633,5304231,24447864,23.3153,38.8242,CELLULAR,0.244,100.0
56,1775170800000,2026-04-03T07:00:00,7,32,5,0,Morning,24987684,6136043,31123727,29.6819,68.5061,CELLULAR,0.318,92.2
57,1775174400000,2026-04-03T08:00:00,8,23,5,0,Morning,39088297,11223008,50311305,47.9806,116.4867,CELLULAR,0.409,83.7
58,1775178000000,2026-04-03T09:00:00,9,40,5,0,Morning,31787871,3771543,35559414,33.9121,150.3988,CELLULAR,0.311,78.3
59,1775181600000,2026-04-03T10:00:00,10,38,5,0,Morning,30834790,8424629,39259419,37.4407,187.8395,CELLULAR,0.432,70.9
60,1775185200000,2026-04-03T11:00:00,11,13,5,0,Morning,27130842,8664396,35795238,34.137,221.9765,CELLULAR,0.216,65.3
61,1775188800000,2026-04-03T12:00:00,12,29,5,0,Afternoon,32378722,8635489,41014211,39.1142,261.0907,CELLULAR,0.245,59.9
62,1775192400000,2026-04-03T13:00:00,13,3,5,0,Afternoon,45290403,10523724,55814127,53.2285,314.3192,CELLULAR,0.524,49.5
63,1775196000000,2026-04-03T14:00:00,14,7,5,0,Afternoon,24297379,3737244,28034623,26.7359,341.0551,CELLULAR,0.321,44.1
64,1775199600000,2026-04-03T15:00:00,15,1,5,0,Afternoon,44629829,5007137,49636966,47.3375,388.3926,CELLULAR,0.317,38.5
65,1775203200000,2026-04-03T16:00:00,16,21,5,0,Afternoon,41572560,4977503,46550063,44.3936,432.7862,CELLULAR,0.365,30.5
66,1775206800000,2026-04-03T17:00:00,17,7,5,0,Afternoon,65910297,10432956,76343253,72.8066,505.5928,CELLULAR,0.544,19.2
67,1775210400000,2026-04-03T18:00:00,18,43,5,0,Evening,114971343,20752559,135723902,129.4364,635.0292,CELLULAR,0.727,8.3
68,1775214000000,2026-04-03T19:00:00,19,52,5,0,Evening,140779458,28581818,169361276,161.5155,796.5447,CELLULAR,0.702,3.0
69,1775217600000,2026-04-03T20:00:00,20,7,5,0,Evening,96507387,29619109,126126496,120.2836,916.8283,CELLULAR,0.615,3.0
70,1775221200000,2026-04-03T21:00:00,21,12,5,0,Evening,165238871,44535049,209773920,200.056,1116.8843,CELLULAR,0.587,3.0
71,1775224800000,2026-04-03T22:00:00,22,6,5,0,Evening,216813165,35569116,252382281,240.6905,1357.5748,CELLULAR,0.768,25.3
72,1775228400000,2026-04-03T23:00:00,23,0,5,0,Evening,48565501,12493498,61058999,58.2304,1415.8052,CELLULAR,0.515,50.3
73,1775232000000,2026-04-04T00:00:00,0,46,6,1,Night,32788061,10606837,43394898,41.3846,41.3846,CELLULAR,0.229,100.0
74,1775235600000,2026-04-04T01:00:00,1,10,6,1,Night,45998903,9678280,55677183,53.0979,94.4825,CELLULAR,0.293,100.0
75,1775239200000,2026-04-04T02:00:00,2,57,6,1,Night,47192919,5591138,52784057,50.3388,144.8213,CELLULAR,0.155,100.0
76,1775242800000,2026-04-04T03:00:00,3,39,6,1,Night,29987964,4159332,34147296,32.5654,177.3867,CELLULAR,0.161,100.0
77,1775246400000,2026-04-04T04:00:00,4,38,6,1,Night,40999405,4797151,45796556,43.675,221.0617,CELLULAR,0.116,100.0
78,1775250000000,2026-04-04T05:00:00,5,44,6,1,Night,35323433,10586579,45910012,43.7832,264.8449,CELLULAR,0.128,100.0
79,1775253600000,2026-04-04T06:00:00,6,38,6,1,Morning,99959167,18769206,118728373,113.2282,378.0731,CELLULAR,0.638,100.0
80,1775257200000,2026-04-04T07:00:00,7,10,6,1,Morning,77167459,18572248,95739707,91.3045,469.3776,CELLULAR,0.752,85.9
81,1775260800000,2026-04-04T08:00:00,8,23,6,1,Morning,104790038,18330505,123120543,117.4169,586.7945,CELLULAR,0.749,73.8
82,1775264400000,2026-04-04T09:00:00,9,51,6,1,Morning,57041701,11274703,68316404,65.1516,651.9461,CELLULAR,0.541,63.1
83,1775268000000,2026-04-04T10:00:00,10,2,6,1,Morning,89079280,27787136,116866416,111.4525,763.3986,CELLULAR,0.729,54.2
84,1775271600000,2026-04-04T11:00:00,11,6,6,1,Morning,76246507,16368443,92614950,88.3245,851.7231,CELLULAR,0.629,44.6
85,1775275200000,2026-04-04T12:00:00,12,19,6,1,Afternoon,87935611,26630334,114565945,109.2586,960.9817,CELLULAR,0.649,32.8
86,1775278800000,2026-04-04T13:00:00,13,26,6,1,Afternoon,83911307,14113352,98024659,93.4836,1054.4653,CELLULAR,0.556,23.2
87,1775282400000,2026-04-04T14:00:00,14,2,6,1,Afternoon,75423060,20770680,96193740,91.7375,1146.2028,CELLULAR,0.562,15.5
88,1775286000000,2026-04-04T15:00:00,15,38,6,1,Afternoon,76825671,16890494,93716165,89.3747,1235.5775,CELLULAR,0.612,3.8
89,1775289600000,2026-04-04T16:00:00,16,37,6,1,Afternoon,62290919,7006742,69297661,66.0874,1301.6649,CELLULAR,0.496,3.0
90,1775293200000,2026-04-04T17:00:00,17,9,6,1,Afternoon,82852053,17227605,100079658,95.4434,1397.1083,CELLULAR,0.583,3.0
91,1775296800000,2026-04-04T18:00:00,18,21,6,1,Evening,174647686,57237136,231884822,221.1426,1618.2509,CELLULAR,0.968,3.0
92,1775300400000,2026-04-04T19:00:00,19,13,6,1,Evening,238913488,58552109,297465597,283.6853,1901.9362,CELLULAR,1.0,3.0
93,1775304000000,2026-04-04T20:00:00,20,47,6,1,Evening,226261107,36132139,262393246,250.2377,2152.1739,CELLULAR,0.915,3.0
94,1775307600000,2026-04-04T21:00:00,21,14,6,1,Evening,116224371,36792751,153017122,145.9285,2298.1024,CELLULAR,0.677,3.0
95,1775311200000,2026-04-04T22:00:00,22,46,6,1,Evening,172645065,54965237,227610302,217.0661,2515.1685,CELLULAR,0.956,23.8
96,1775314800000,2026-04-04T23:00:00,23,59,6,1,Evening,82139722,19793399,101933121,97.211,2612.3795,CELLULAR,0.771,40.0
97,1775318400000,2026-04-05T00:00:00,0,12,7,1,Night,58471055,8944727,67415782,64.2927,64.2927,CELLULAR,0.267,95.0
98,1775322000000,2026-04-05T01:00:00,1,38,7,1,Night,44070688,7252598,51323286,48.9457,113.2384,CELLULAR,0.22,100.0
99,1775325600000,2026-04-05T02:00:00,2,9,7,1,Night,58080204,6837660,64917864,61.9105,175.1489,CELLULAR,0.258,100.0
100,1775329200000,2026-04-05T03:00:00,3,11,7,1,Night,64723744,15893295,80617039,76.8824,252.0313,CELLULAR,0.247,100.0
101,1775332800000,2026-04-05T04:00:00,4,5,7,1,Night,46694763,5312090,52006853,49.5976,301.6289,CELLULAR,0.171,100.0
102,1775336400000,2026-04-05T05:00:00,5,26,7,1,Night,65898255,10931957,76830212,73.271,374.8999,CELLULAR,0.29,100.0
103,1775340000000,2026-04-05T06:00:00,6,53,7,1,Morning,94622281,13763672,108385953,103.3649,478.2648,CELLULAR,0.543,100.0
104,1775343600000,2026-04-05T07:00:00,7,1,7,1,Morning,84645641,17019883,101665524,96.9558,575.2206,CELLULAR,0.691,86.7
105,1775347200000,2026-04-05T08:00:00,8,26,7,1,Morning,83761089,20950758,104711847,99.861,675.0816,CELLULAR,0.673,75.6
106,1775350800000,2026-04-05T09:00:00,9,45,7,1,Morning,74366648,20123366,94490014,90.1127,765.1943,CELLULAR,0.44,69.2
107,1775354400000,2026-04-05T10:00:00,10,6,7,1,Morning,88538588,28952255,117490843,112.048,877.2423,CELLULAR,0.734,57.7
108,1775358000000,2026-04-05T11:00:00,11,5,7,1,Morning,89240127,23426637,112666764,107.4474,984.6897,CELLULAR,0.605,47.2
109,1775361600000,2026-04-05T12:00:00,12,16,7,1,Afternoon,78937634,12691236,91628870,87.3841,1072.0738,CELLULAR,0.56,39.0
110,1775365200000,2026-04-05T13:00:00,13,2,7,1,Afternoon,90176417,25579138,115755555,110.3931,1182.4669,CELLULAR,0.598,27.7
111,1775368800000,2026-04-05T14:00:00,14,51,7,1,Afternoon,75404543,12667452,88071995,83.992,1266.4589,CELLULAR,0.448,17.1
112,1775372400000,2026-04-05T15:00:00,15,3,7,1,Afternoon,97484509,15895916,113380425,108.128,1374.5869,CELLULAR,0.511,9.9
113,1775376000000,2026-04-05T16:00:00,16,47,7,1,Afternoon,56878152,18921309,75799461,72.288,1446.8749,CELLULAR,0.384,4.3
114,1775379600000,2026-04-05T17:00:00,17,18,7,1,Afternoon,54369065,15892237,70261302,67.0064,1513.8813,CELLULAR,0.56,3.0
115,1775383200000,2026-04-05T18:00:00,18,49,7,1,Evening,186437523,61839688,248277211,236.7756,1750.6569,CELLULAR,0.911,3.0
116,1775386800000,2026-04-05T19:00:00,19,32,7,1,Evening,155037420,26034773,181072193,172.6839,1923.3408,CELLULAR,0.797,3.0
117,1775390400000,2026-04-05T20:00:00,20,53,7,1,Evening,196259043,60290594,256549637,244.6648,2168.0056,CELLULAR,0.75,3.0
118,1775394000000,2026-04-05T21:00:00,21,32,7,1,Evening,244441181,41121715,285562896,272.334,2440.3396,CELLULAR,0.942,3.0
119,1775397600000,2026-04-05T22:00:00,22,32,7,1,Evening,170510258,44925028,215435286,205.4551,2645.7947,CELLULAR,0.936,18.4
120,1775401200000,2026-04-05T23:00:00,23,19,7,1,Evening,120968928,37636895,158605823,151.2583,2797.053,CELLULAR,0.842,43.1
121,1775404800000,2026-04-06T00:00:00,0,24,1,0,Night,0,0,0,0.0,0.0,CELLULAR,0.023,95.0
122,1775408400000,2026-04-06T01:00:00,1,53,1,0,Night,9830781,1107229,10938010,10.4313,10.4313,CELLULAR,0.083,100.0
123,1775412000000,2026-04-06T02:00:00,2,39,1,0,Night,7248527,1491773,8740300,8.3354,18.7667,CELLULAR,0.029,100.0
124,1775415600000,2026-04-06T03:00:00,3,18,1,0,Night,7723296,2250024,9973320,9.5113,28.278,CELLULAR,0.022,100.0
125,1775419200000,2026-04-06T04:00:00,4,57,1,0,Night,2253808,543163,2796971,2.6674,30.9454,CELLULAR,0.068,100.0
126,1775422800000,2026-04-06T05:00:00,5,26,1,0,Night,19488284,5885892,25374176,24.1987,55.1441,CELLULAR,0.084,100.0
127,1775426400000,2026-04-06T06:00:00,6,16,1,0,Morning,55860337,9649972,65510309,62.4755,117.6196,CELLULAR,0.581,100.0
128,1775430000000,2026-04-06T07:00:00,7,46,1,0,Morning,51277813,16202037,67479850,64.3538,181.9734,CELLULAR,0.594,91.0
129,1775433600000,2026-04-06T08:00:00,8,41,1,0,Morning,56916289,9923615,66839904,63.7435,245.7169,CELLULAR,0.446,84.1
130,1775437200000,2026-04-06T09:00:00,9,45,1,0,Morning,29748858,4172575,33921433,32.35,278.0669,CELLULAR,0.25,77.7
131,1775440800000,2026-04-06T10:00:00,10,21,1,0,Morning,54405815,7862927,62268742,59.3841,337.451,CELLULAR,0.541,68.6
132,1775444400000,2026-04-06T11:00:00,11,6,1,0,Morning,26354830,4733036,31087866,29.6477,367.0987,CELLULAR,0.349,60.9
133,1775448000000,2026-04-06T12:00:00,12,21,1,0,Afternoon,25731609,5677331,31408940,29.9539,397.0526,CELLULAR,0.275,55.1
134,1775451600000,2026-04-06T13:00:00,13,59,1,0,Afternoon,36988986,6803532,43792518,41.7638,438.8164,CELLULAR,0.251,48.3
135,1775455200000,2026-04-06T14:00:00,14,50,1,0,Afternoon,38459260,9316064,47775324,45.5621,484.3785,CELLULAR,0.346,41.2
136,1775458800000,2026-04-06T15:00:00,15,5,1,0,Afternoon,59182858,15649292,74832150,71.3655,555.744,CELLULAR,0.566,31.4
137,1775462400000,2026-04-06T16:00:00,16,48,1,0,Afternoon,22902172,7403666,30305838,28.9019,584.6459,CELLULAR,0.264,24.5
138,1775466000000,2026-04-06T17:00:00,17,31,1,0,Afternoon,47505145,10469154,57974299,55.2886,639.9345,CELLULAR,0.536,16.5
139,1775469600000,2026-04-06T18:00:00,18,43,1,0,Evening,174850354,21030039,195880393,186.8061,826.7406,CELLULAR,0.544,6.4
140,1775473200000,2026-04-06T19:00:00,19,26,1,0,Evening,135665892,17304674,152970566,145.8841,972.6247,CELLULAR,0.536,3.0
141,1775476800000,2026-04-06T20:00:00,20,36,1,0,Evening,164562928,38552429,203115357,193.7059,1166.3306,CELLULAR,0.509,3.0
142,1775480400000,2026-04-06T21:00:00,21,34,1,0,Evening,126105656,39318113,165423769,157.7604,1324.091,CELLULAR,0.648,3.0
143,1775484000000,2026-04-06T22:00:00,22,20,1,0,Evening,105854527,27999554,133854081,127.6532,1451.7442,CELLULAR,0.644,22.0
144,1775487600000,2026-04-06T23:00:00,23,39,1,0,Evening,51994580,14688981,66683561,63.5944,1515.3386,CELLULAR,0.53,40.1
145,1775491200000,2026-04-07T00:00:00,0,25,2,0,Night,18885388,5435388,24320776,23.1941,23.1941,CELLULAR,0.074,97.0
146,1775494800000,2026-04-07T01:00:00,1,50,2,0,Night,14736665,2274278,17010943,16.2229,39.417,CELLULAR,0.072,100.0
147,1775498400000,2026-04-07T02:00:00,2,50,2,0,Night,17061731,2843806,19905537,18.9834,58.4004,CELLULAR,0.048,100.0
148,1775502000000,2026-04-07T03:00:00,3,4,2,0,Night,10109213,2928676,13037889,12.4339,70.8343,CELLULAR,0.087,100.0
149,1775505600000,2026-04-07T04:00:00,4,36,2,0,Night,8707305,2887638,11594943,11.0578,81.8921,CELLULAR,0.067,100.0
150,1775509200000,2026-04-07T05:00:00,5,43,2,0,Night,2627622,855328,3482950,3.3216,85.2137,CELLULAR,0.013,100.0
151,1775512800000,2026-04-07T06:00:00,6,49,2,0,Morning,31494306,7285494,38779800,36.9833,122.197,CELLULAR,0.427,100.0
152,1775516400000,2026-04-07T07:00:00,7,53,2,0,Morning,23205069,6830971,30036040,28.6446,150.8416,CELLULAR,0.212,94.2
153,1775520000000,2026-04-07T08:00:00,8,32,2,0,Morning,37694155,9784422,47478577,45.2791,196.1207,CELLULAR,0.306,88.3
154,1775523600000,2026-04-07T09:00:00,9,20,2,0,Morning,28764281,7893726,36658007,34.9598,231.0805,CELLULAR,0.285,82.1
155,1775527200000,2026-04-07T10:00:00,10,24,2,0,Morning,15588847,4069226,19658073,18.7474,249.8279,CELLULAR,0.265,76.4
156,1775530800000,2026-04-07T11:00:00,11,25,2,0,Morning,26110988,7778254,33889242,32.3193,282.1472,CELLULAR,0.288,70.2
157,1775534400000,2026-04-07T12:00:00,12,57,2,0,Afternoon,30763380,5832656,36596036,34.9007,317.0479,CELLULAR,0.208,65.4
158,1775538000000,2026-04-07T13:00:00,13,54,2,0,Afternoon,31741751,5577697,37319448,35.5906,352.6385,CELLULAR,0.242,60.7
159,1775541600000,2026-04-07T14:00:00,14,37,2,0,Afternoon,28085895,7439755,35525650,33.8799,386.5184,CELLULAR,0.407,52.4
160,1775545200000,2026-04-07T15:00:00,15,54,2,0,Afternoon,59929555,16675318,76604873,73.0561,459.5745,CELLULAR,0.591,39.5
161,1775548800000,2026-04-07T16:00:00,16,39,2,0,Afternoon,59785714,17348480,77134194,73.5609,533.1354,CELLULAR,0.568,30.4
162,1775552400000,2026-04-07T17:00:00,17,35,2,0,Afternoon,22104187,7078941,29183128,27.8312,560.9666,CELLULAR,0.31,24.8
163,1775556000000,2026-04-07T18:00:00,18,47,2,0,Evening,191864167,31535369,223399536,213.0504,774.017,CELLULAR,0.699,15.7
164,1775559600000,2026-04-07T19:00:00,19,9,2,0,Evening,125144441,27244060,152388501,145.329,919.346,CELLULAR,0.827,3.5
165,1775563200000,2026-04-07T20:00:00,20,2,2,0,Evening,157483722,27881236,185364958,176.7778,1096.1238,CELLULAR,0.644,3.0
166,1775566800000,2026-04-07T21:00:00,21,11,2,0,Evening,148105030,18928198,167033228,159.2953,1255.4191,CELLULAR,0.627,3.0
167,1775570400000,2026-04-07T22:00:00,22,59,2,0,Evening,161826135,34469074,196295209,187.2017,1442.6208,CELLULAR,0.821,26.8
168,1775574000000,2026-04-07T23:00:00,23,32,2,0,Evening,54942748,16323510,71266258,67.9648,1510.5856,CELLULAR,0.581,42.6
169,1775577600000,2026-04-08T00:00:00,0,45,3,0,Night,0,0,0,0.0,0.0,CELLULAR,0.048,96.0
170,1775581200000,2026-04-08T01:00:00,1,26,3,0,Night,5810640,1494474,7305114,6.9667,6.9667,CELLULAR,0.091,100.0
171,1775584800000,2026-04-08T02:00:00,2,38,3,0,Night,0,0,0,0.0,6.9667,CELLULAR,0.099,100.0
172,1775588400000,2026-04-08T03:00:00,3,33,3,0,Night,16794326,3932456,20726782,19.7666,26.7333,CELLULAR,0.089,100.0
173,1775592000000,2026-04-08T04:00:00,4,28,3,0,Night,139646,20681,160327,0.1529,26.8862,CELLULAR,0.036,100.0
174,1775595600000,2026-04-08T05:00:00,5,59,3,0,Night,11158566,1642764,12801330,12.2083,39.0945,CELLULAR,0.085,100.0
175,1775599200000,2026-04-08T06:00:00,6,33,3,0,Morning,54723754,12348934,67072688,63.9655,103.06,CELLULAR,0.474,100.0
176,1775602800000,2026-04-08T07:00:00,7,42,3,0,Morning,52174557,8075047,60249604,57.4585,160.5185,CELLULAR,0.51,90.9
177,1775606400000,2026-04-08T08:00:00,8,6,3,0,Morning,39455579,8127961,47583540,45.3792,205.8977,CELLULAR,0.334,82.6
178,1775610000000,2026-04-08T09:00:00,9,19,3,0,Morning,12103865,1712172,13816037,13.176,219.0737,CELLULAR,0.23,76.2
179,1775613600000,2026-04-08T10:00:00,10,49,3,0,Morning,22115932,4589620,26705552,25.4684,244.5421,CELLULAR,0.266,70.1
180,1775617200000,2026-04-08T11:00:00,11,29,3,0,Morning,68545087,8646988,77192075,73.6161,318.1582,CELLULAR,0.52,60.7
181,1775620800000,2026-04-08T12:00:00,12,2,3,0,Afternoon,56270169,6375116,62645285,59.7432,377.9014,CELLULAR,0.484,50.7
182,1775624400000,2026-04-08T13:00:00,13,33,3,0,Afternoon,49734393,7220585,56954978,54.3165,432.2179,CELLULAR,0.521,42.6
183,1775628000000,2026-04-08T14:00:00,14,37,3,0,Afternoon,61522729,17353779,78876508,75.2225,507.4404,CELLULAR,0.573,30.2
184,1775631600000,2026-04-08T15:00:00,15,57,3,0,Afternoon,32371622,4371949,36743571,35.0414,542.4818,CELLULAR,0.314,25.5
185,1775635200000,2026-04-08T16:00:00,16,3,3,0,Afternoon,29034978,7188918,36223896,34.5458,577.0276,CELLULAR,0.224,21.2
186,1775638800000,2026-04-08T17:00:00,17,9,3,0,Afternoon,65870082,16936174,82806256,78.9702,655.9978,CELLULAR,0.584,10.2
187,1775642400000,2026-04-08T18:00:00,18,38,3,0,Evening,172835119,21076887,193912006,184.9289,840.9267,CELLULAR,0.507,3.0
188,1775646000000,2026-04-08T19:00:00,19,31,3,0,Evening,178367589,44987697,223355286,213.0082,1053.9349,CELLULAR,0.841,3.0
189,1775649600000,2026-04-08T20:00:00,20,29,3,0,Evening,119259817,25191488,144451305,137.7595,1191.6944,CELLULAR,0.713,3.0
190,1775653200000,2026-04-08T21:00:00,21,1,3,0,Evening,132602092,16568644,149170736,142.2603,1333.9547,CELLULAR,0.819,3.0
191,1775656800000,2026-04-08T22:00:00,22,55,3,0,Evening,122042423,35297034,157339457,150.0506,1484.0053,CELLULAR,0.749,21.2
192,1775660400000,2026-04-08T23:00:00,23,7,3,0,Evening,91594834,23961911,115556745,110.2035,1594.2088,CELLULAR,0.807,38.8
193,1775664000000,2026-04-09T00:00:00,0,21,4,0,Night,0,0,0,0.0,0.0,CELLULAR,0.06,100.0
194,1775667600000,2026-04-09T01:00:00,1,56,4,0,Night,10591917,1561288,12153205,11.5902,11.5902,CELLULAR,0.086,100.0
195,1775671200000,2026-04-09T02:00:00,2,50,4,0,Night,0,0,0,0.0,11.5902,CELLULAR,0.054,100.0
196,1775674800000,2026-04-09T03:00:00,3,12,4,0,Night,3650418,684290,4334708,4.1339,15.7241,CELLULAR,0.037,100.0
197,1775678400000,2026-04-09T04:00:00,4,17,4,0,Night,18209242,2454311,20663553,19.7063,35.4304,CELLULAR,0.095,100.0
198,1775682000000,2026-04-09T05:00:00,5,12,4,0,Night,0,0,0,0.0,35.4304,CELLULAR,0.067,100.0
199,1775685600000,2026-04-09T06:00:00,6,42,4,0,Morning,26257706,4502585,30760291,29.3353,64.7657,CELLULAR,0.289,100.0
200,1775689200000,2026-04-09T07:00:00,7,58,4,0,Morning,34248109,9840841,44088950,42.0465,106.8122,CELLULAR,0.278,94.9
201,1775692800000,2026-04-09T08:00:00,8,13,4,0,Morning,30103344,9569004,39672348,37.8345,144.6467,CELLULAR,0.239,88.4
202,1775696400000,2026-04-09T09:00:00,9,36,4,0,Morning,57742063,10602862,68344925,65.1788,209.8255,CELLULAR,0.575,77.6
203,1775700000000,2026-04-09T10:00:00,10,24,4,0,Morning,18748932,4182271,22931203,21.8689,231.6944,CELLULAR,0.283,72.0
204,1775703600000,2026-04-09T11:00:00,11,43,4,0,Morning,40507999,7052682,47560681,45.3574,277.0518,CELLULAR,0.442,64.5
205,1775707200000,2026-04-09T12:00:00,12,17,4,0,Afternoon,41798776,11709532,53508308,51.0295,328.0813,CELLULAR,0.319,57.2
206,1775710800000,2026-04-09T13:00:00,13,32,4,0,Afternoon,38217913,9747098,47965011,45.743,373.8243,CELLULAR,0.434,49.9
207,1775714400000,2026-04-09T14:00:00,14,28,4,0,Afternoon,36450680,10415004,46865684,44.6946,418.5189,CELLULAR,0.295,43.3
208,1775718000000,2026-04-09T15:00:00,15,34,4,0,Afternoon,49369377,15199101,64568478,61.5773,480.0962,CELLULAR,0.522,35.0
209,1775721600000,2026-04-09T16:00:00,16,37,4,0,Afternoon,44619667,8100846,52720513,50.2782,530.3744,CELLULAR,0.405,28.2
210,1775725200000,2026-04-09T17:00:00,17,15,4,0,Afternoon,37377414,11007238,48384652,46.1432,576.5176,CELLULAR,0.473,19.0
211,1775728800000,2026-04-09T18:00:00,18,1,4,0,Evening,152891930,41651214,194543144,185.5308,762.0484,CELLULAR,0.753,9.1
212,1775732400000,2026-04-09T19:00:00,19,18,4,0,Evening,177035212,54197396,231232608,220.5206,982.569,CELLULAR,0.708,3.0
213,1775736000000,2026-04-09T20:00:00,20,37,4,0,Evening,175633583,43125794,218759377,208.6252,1191.1942,CELLULAR,0.659,3.0
214,1775739600000,2026-04-09T21:00:00,21,30,4,0,Evening,105455945,32358608,137814553,131.4302,1322.6244,CELLULAR,0.53,3.0
215,1775743200000,2026-04-09T22:00:00,22,42,4,0,Evening,199321690,44348812,243670502,232.3823,1555.0067,CELLULAR,0.874,24.9
216,1775746800000,2026-04-09T23:00:00,23,20,4,0,Evening,83701094,20115479,103816573,99.0072,1654.0139,CELLULAR,0.761,39.9
217,1775750400000,2026-04-10T00:00:00,0,19,5,0,Night,0,0,0,0.0,0.0,CELLULAR,0.047,97.0
218,1775754000000,2026-04-10T01:00:00,1,23,5,0,Night,6077268,736903,6814171,6.4985,6.4985,CELLULAR,0.06,100.0
219,1775757600000,2026-04-10T02:00:00,2,6,5,0,Night,518287,152801,671088,0.64,7.1385,CELLULAR,0.01,100.0
220,1775761200000,2026-04-10T03:00:00,3,49,5,0,Night,16303960,2905428,19209388,18.3195,25.458,CELLULAR,0.044,100.0
221,1775764800000,2026-04-10T04:00:00,4,27,5,0,Night,0,0,0,0.0,25.458,CELLULAR,0.019,100.0
222,1775768400000,2026-04-10T05:00:00,5,24,5,0,Night,16169405,3772203,19941608,19.0178,44.4758,CELLULAR,0.062,100.0
223,1775772000000,2026-04-10T06:00:00,6,6,5,0,Morning,65453590,11137756,76591346,73.0432,117.519,CELLULAR,0.587,100.0
224,1775775600000,2026-04-10T07:00:00,7,31,5,0,Morning,66316308,11916164,78232472,74.6083,192.1273,CELLULAR,0.504,89.3
225,1775779200000,2026-04-10T08:00:00,8,35,5,0,Morning,61629559,7829478,69459037,66.2413,258.3686,CELLULAR,0.515,80.1
226,1775782800000,2026-04-10T09:00:00,9,33,5,0,Morning,53071154,7349158,60420312,57.6213,315.9899,CELLULAR,0.424,71.7
227,1775786400000,2026-04-10T10:00:00,10,57,5,0,Morning,27460218,5600020,33060238,31.5287,347.5186,CELLULAR,0.286,67.2
228,1775790000000,2026-04-10T11:00:00,11,19,5,0,Morning,71134283,12734914,83869197,79.9839,427.5025,CELLULAR,0.567,60.2
229,1775793600000,2026-04-10T12:00:00,12,26,5,0,Afternoon,49434869,6916863,56351732,53.7412,481.2437,CELLULAR,0.33,53.3
230,1775797200000,2026-04-10T13:00:00,13,24,5,0,Afternoon,47735541,8997139,56732680,54.1045,535.3482,CELLULAR,0.445,43.5
231,1775800800000,2026-04-10T14:00:00,14,5,5,0,Afternoon,26274297,7475170,33749467,32.186,567.5342,CELLULAR,0.302,37.0
232,1775804400000,2026-04-10T15:00:00,15,6,5,0,Afternoon,60201299,12979134,73180433,69.7903,637.3245,CELLULAR,0.536,26.6
233,1775808000000,2026-04-10T16:00:00,16,14,5,0,Afternoon,31851567,10555153,42406720,40.4422,677.7667,CELLULAR,0.231,20.2
234,1775811600000,2026-04-10T17:00:00,17,48,5,0,Afternoon,25987730,7074080,33061810,31.5302,709.2969,CELLULAR,0.336,13.5
235,1775815200000,2026-04-10T18:00:00,18,13,5,0,Evening,127360094,41855640,169215734,161.3767,870.6736,CELLULAR,0.86,3.0
236,1775818800000,2026-04-10T19:00:00,19,1,5,0,Evening,177484277,35551029,213035306,203.1663,1073.8399,CELLULAR,0.597,3.0
237,1775822400000,2026-04-10T20:00:00,20,6,5,0,Evening,125235721,37794358,163030079,155.4776,1229.3175,CELLULAR,0.779,3.0
238,1775826000000,2026-04-10T21:00:00,21,21,5,0,Evening,132527585,24176226,156703811,149.4444,1378.7619,CELLULAR,0.726,3.0
239,1775829600000,2026-04-10T22:00:00,22,52,5,0,Evening,133543958,37183613,170727571,162.8185,1541.5804,CELLULAR,0.712,24.3
240,1775833200000,2026-04-10T23:00:00,23,14,5,0,Evening,58666315,9513669,68179984,65.0215,1606.6019,CELLULAR,0.6,46.1
241,1775836800000,2026-04-11T00:00:00,0,27,6,1,Night,22186443,3748826,25935269,24.7338,24.7338,CELLULAR,0.131,95.0
242,1775840400000,2026-04-11T01:00:00,1,22,6,1,Night,52841981,8323134,61165115,58.3316,83.0654,CELLULAR,0.139,100.0
243,1775844000000,2026-04-11T02:00:00,2,50,6,1,Night,38808801,10202480,49011281,46.7408,129.8062,CELLULAR,0.208,100.0
244,1775847600000,2026-04-11T03:00:00,3,41,6,1,Night,43382407,13564811,56947218,54.3091,184.1153,CELLULAR,0.147,100.0
245,1775851200000,2026-04-11T04:00:00,4,58,6,1,Night,41480213,10926776,52406989,49.9792,234.0945,CELLULAR,0.248,100.0
246,1775854800000,2026-04-11T05:00:00,5,54,6,1,Night,21689051,4692177,26381228,25.1591,259.2536,CELLULAR,0.092,100.0
247,1775858400000,2026-04-11T06:00:00,6,7,6,1,Morning,81677364,17512053,99189417,94.5944,353.848,CELLULAR,0.539,100.0
248,1775862000000,2026-04-11T07:00:00,7,44,6,1,Morning,46975742,11166538,58142280,55.4488,409.2968,CELLULAR,0.386,93.3
249,1775865600000,2026-04-11T08:00:00,8,40,6,1,Morning,106997088,16866056,123863144,118.1251,527.4219,CELLULAR,0.66,84.0
250,1775869200000,2026-04-11T09:00:00,9,55,6,1,Morning,78369987,19086239,97456226,92.9415,620.3634,CELLULAR,0.587,73.2
251,1775872800000,2026-04-11T10:00:00,10,41,6,1,Morning,85025921,17824599,102850520,98.0859,718.4493,CELLULAR,0.591,63.1
252,1775876400000,2026-04-11T11:00:00,11,35,6,1,Morning,66509252,9732394,76241646,72.7097,791.159,CELLULAR,0.507,52.8
253,1775880000000,2026-04-11T12:00:00,12,3,6,1,Afternoon,69613211,9094161,78707372,75.0612,866.2202,CELLULAR,0.389,46.7
254,1775883600000,2026-04-11T13:00:00,13,4,6,1,Afternoon,68280293,12528006,80808299,77.0648,943.285,CELLULAR,0.553,35.0
255,1775887200000,2026-04-11T14:00:00,14,27,6,1,Afternoon,81060841,11291231,92352072,88.0738,1031.3588,CELLULAR,0.52,27.8
256,1775890800000,2026-04-11T15:00:00,15,42,6,1,Afternoon,65868002,16866741,82734743,78.902,1110.2608,CELLULAR,0.477,18.6
257,1775894400000,2026-04-11T16:00:00,16,21,6,1,Afternoon,59983571,13046811,73030382,69.6472,1179.908,CELLULAR,0.418,11.8
258,1775898000000,2026-04-11T17:00:00,17,19,6,1,Afternoon,83841289,14084594,97925883,93.3894,1273.2974,CELLULAR,0.65,3.0
259,1775901600000,2026-04-11T18:00:00,18,51,6,1,Evening,209350124,53075942,262426066,250.269,1523.5664,CELLULAR,0.667,3.0
260,1775905200000,2026-04-11T19:00:00,19,3,6,1,Evening,168284449,21603332,189887781,181.0911,1704.6575,CELLULAR,0.841,3.0
261,1775908800000,2026-04-11T20:00:00,20,36,6,1,Evening,224898767,43467378,268366145,255.9339,1960.5914,CELLULAR,0.913,3.0
262,1775912400000,2026-04-11T21:00:00,21,45,6,1,Evening,218386355,34187606,252573961,240.8733,2201.4647,CELLULAR,0.812,3.0
263,1775916000000,2026-04-11T22:00:00,22,2,6,1,Evening,240407323,69552896,309960219,295.6011,2497.0658,CELLULAR,0.992,26.7
264,1775919600000,2026-04-11T23:00:00,23,6,6,1,Evening,97051192,28100547,125151739,119.354,2616.4198,CELLULAR,0.782,48.0
265,1775923200000,2026-04-12T00:00:00,0,24,7,1,Night,28136939,5324903,33461842,31.9117,31.9117,CELLULAR,0.157,98.0
266,1775926800000,2026-04-12T01:00:00,1,53,7,1,Night,42140057,13099136,55239193,52.6802,84.5919,CELLULAR,0.182,100.0
267,1775930400000,2026-04-12T02:00:00,2,42,7,1,Night,41596041,12544559,54140600,51.6325,136.2244,CELLULAR,0.219,100.0
268,1775934000000,2026-04-12T03:00:00,3,48,7,1,Night,45081212,12805635,57886847,55.2052,191.4296,CELLULAR,0.172,100.0
269,1775937600000,2026-04-12T04:00:00,4,21,7,1,Night,49924790,15370456,65295246,62.2704,253.7,CELLULAR,0.216,100.0
270,1775941200000,2026-04-12T05:00:00,5,5,7,1,Night,52265427,8571799,60837226,58.0189,311.7189,CELLULAR,0.091,100.0
271,1775944800000,2026-04-12T06:00:00,6,45,7,1,Morning,81892449,20116904,102009353,97.2837,409.0026,CELLULAR,0.608,100.0
272,1775948400000,2026-04-12T07:00:00,7,51,7,1,Morning,84232172,12431330,96663502,92.1855,501.1881,CELLULAR,0.591,90.7
273,1775952000000,2026-04-12T08:00:00,8,8,7,1,Morning,87215101,19633849,106848950,101.8991,603.0872,CELLULAR,0.627,77.4
274,1775955600000,2026-04-12T09:00:00,9,44,7,1,Morning,72779632,9883598,82663230,78.8338,681.921,CELLULAR,0.409,69.5
275,1775959200000,2026-04-12T10:00:00,10,16,7,1,Morning,81681205,16167083,97848288,93.3154,775.2364,CELLULAR,0.515,62.3
276,1775962800000,2026-04-12T11:00:00,11,45,7,1,Morning,87129455,25856496,112985951,107.7518,882.9882,CELLULAR,0.568,53.0
277,1775966400000,2026-04-12T12:00:00,12,40,7,1,Afternoon,64953655,9480560,74434215,70.986,953.9742,CELLULAR,0.367,45.2
278,1775970000000,2026-04-12T13:00:00,13,26,7,1,Afternoon,80921327,19097304,100018631,95.3852,1049.3594,CELLULAR,0.45,37.5
279,1775973600000,2026-04-12T14:00:00,14,32,7,1,Afternoon,42001020,7694142,49695162,47.393,1096.7524,CELLULAR,0.38,29.3
280,1775977200000,2026-04-12T15:00:00,15,38,7,1,Afternoon,69671458,15622440,85293898,81.3426,1178.095,CELLULAR,0.518,20.6
281,1775980800000,2026-04-12T16:00:00,16,44,7,1,Afternoon,85178471,20976322,106154793,101.2371,1279.3321,CELLULAR,0.576,8.2
282,1775984400000,2026-04-12T17:00:00,17,41,7,1,Afternoon,41353761,5545373,46899134,44.7265,1324.0586,CELLULAR,0.312,3.0
283,1775988000000,2026-04-12T18:00:00,18,43,7,1,Evening,223146620,51026643,274173263,261.472,1585.5306,CELLULAR,0.86,3.0
284,1775991600000,2026-04-12T19:00:00,19,40,7,1,Evening,163917814,44595717,208513531,198.854,1784.3846,CELLULAR,0.975,3.0
285,1775995200000,2026-04-12T20:00:00,20,38,7,1,Evening,185182934,41381309,226564243,216.0685,2000.4531,CELLULAR,0.956,3.0
286,1775998800000,2026-04-12T21:00:00,21,39,7,1,Evening,175040765,52969569,228010334,217.4476,2217.9007,CELLULAR,0.698,3.0
287,1776002400000,2026-04-12T22:00:00,22,55,7,1,Evening,173990044,32113440,206103484,196.5556,2414.4563,CELLULAR,0.815,18.2
288,1776006000000,2026-04-12T23:00:00,23,27,7,1,Evening,149111052,22746989,171858041,163.8966,2578.3529,CELLULAR,1.0,34.4
289,1776009600000,2026-04-13T00:00:00,0,39,1,0,Night,17661305,3906330,21567635,20.5685,20.5685,CELLULAR,0.058,96.0
290,1776013200000,2026-04-13T01:00:00,1,0,1,0,Night,9496051,2999514,12495565,11.9167,32.4852,CELLULAR,0.065,100.0
291,1776016800000,2026-04-13T02:00:00,2,41,1,0,Night,16814185,4044298,20858483,19.8922,52.3774,CELLULAR,0.053,100.0
292,1776020400000,2026-04-13T03:00:00,3,34,1,0,Night,11759701,3557058,15316759,14.6072,66.9846,CELLULAR,0.053,100.0
293,1776024000000,2026-04-13T04:00:00,4,57,1,0,Night,0,0,0,0.0,66.9846,CELLULAR,0.024,100.0
294,1776027600000,2026-04-13T05:00:00,5,52,1,0,Night,0,0,0,0.0,66.9846,CELLULAR,0.042,100.0
295,1776031200000,2026-04-13T06:00:00,6,32,1,0,Morning,51847047,5955914,57802961,55.1252,122.1098,CELLULAR,0.447,100.0
296,1776034800000,2026-04-13T07:00:00,7,0,1,0,Morning,64010751,11056909,75067660,71.5901,193.6999,CELLULAR,0.491,93.2
297,1776038400000,2026-04-13T08:00:00,8,31,1,0,Morning,33450354,6477952,39928306,38.0786,231.7785,CELLULAR,0.237,88.0
298,1776042000000,2026-04-13T09:00:00,9,58,1,0,Morning,32342917,7563264,39906181,38.0575,269.836,CELLULAR,0.248,81.1
299,1776045600000,2026-04-13T10:00:00,10,35,1,0,Morning,29675586,9485372,39160958,37.3468,307.1828,CELLULAR,0.378,73.2
300,1776049200000,2026-04-13T11:00:00,11,26,1,0,Morning,30374770,9561924,39936694,38.0866,345.2694,CELLULAR,0.311,65.4
301,1776052800000,2026-04-13T12:00:00,12,33,1,0,Afternoon,32078624,4853481,36932105,35.2212,380.4906,CELLULAR,0.211,59.9
302,1776056400000,2026-04-13T13:00:00,13,20,1,0,Afternoon,15680873,4221414,19902287,18.9803,399.4709,CELLULAR,0.21,55.6
303,1776060000000,2026-04-13T14:00:00,14,51,1,0,Afternoon,15396864,2351228,17748092,16.9259,416.3968,CELLULAR,0.241,50.3
304,1776063600000,2026-04-13T15:00:00,15,22,1,0,Afternoon,49442838,12220980,61663818,58.8072,475.204,CELLULAR,0.524,40.8
305,1776067200000,2026-04-13T16:00:00,16,10,1,0,Afternoon,32796786,4126615,36923401,35.2129,510.4169,CELLULAR,0.36,32.7
306,1776070800000,2026-04-13T17:00:00,17,39,1,0,Afternoon,53980043,13035183,67015226,63.9107,574.3276,CELLULAR,0.546,25.2
307,1776074400000,2026-04-13T18:00:00,18,27,1,0,Evening,125250548,37687991,162938539,155.3903,729.7179,CELLULAR,0.74,12.6
308,1776078000000,2026-04-13T19:00:00,19,5,1,0,Evening,182340444,29061285,211401729,201.6084,931.3263,CELLULAR,0.859,3.0
309,1776081600000,2026-04-13T20:00:00,20,51,1,0,Evening,126642195,38852143,165494338,157.8277,1089.154,CELLULAR,0.648,3.0
310,1776085200000,2026-04-13T21:00:00,21,21,1,0,Evening,144655825,34354657,179010482,170.7177,1259.8717,CELLULAR,0.537,3.0
311,1776088800000,2026-04-13T22:00:00,22,35,1,0,Evening,110923968,27505784,138429752,132.0169,1391.8886,CELLULAR,0.561,25.4
312,1776092400000,2026-04-13T23:00:00,23,35,1,0,Evening,94960628,23506020,118466648,112.9786,1504.8672,CELLULAR,0.845,45.8
313,1776096000000,2026-04-14T00:00:00,0,51,2,0,Night,0,0,0,0.0,0.0,CELLULAR,0.074,96.0
314,1776099600000,2026-04-14T01:00:00,1,35,2,0,Night,12900348,3276558,16176906,15.4275,15.4275,CELLULAR,0.052,100.0
315,1776103200000,2026-04-14T02:00:00,2,49,2,0,Night,193623,60342,253965,0.2422,15.6697,CELLULAR,0.056,100.0
316,1776106800000,2026-04-14T03:00:00,3,52,2,0,Night,0,0,0,0.0,15.6697,CELLULAR,0.015,100.0
317,1776110400000,2026-04-14T04:00:00,4,29,2,0,Night,0,0,0,0.0,15.6697,CELLULAR,0.029,100.0
318,1776114000000,2026-04-14T05:00:00,5,16,2,0,Night,0,0,0,0.0,15.6697,CELLULAR,0.026,100.0
319,1776117600000,2026-04-14T06:00:00,6,47,2,0,Morning,35872718,10931310,46804028,44.6358,60.3055,CELLULAR,0.277,100.0
320,1776121200000,2026-04-14T07:00:00,7,26,2,0,Morning,19349418,4895861,24245279,23.1221,83.4276,CELLULAR,0.227,95.4
321,1776124800000,2026-04-14T08:00:00,8,45,2,0,Morning,23644223,5401017,29045240,27.6997,111.1273,CELLULAR,0.348,88.8
322,1776128400000,2026-04-14T09:00:00,9,54,2,0,Morning,9501132,1516990,11018122,10.5077,121.635,CELLULAR,0.203,83.5
323,1776132000000,2026-04-14T10:00:00,10,7,2,0,Morning,65827574,15799244,81626818,77.8454,199.4804,CELLULAR,0.579,74.4
324,1776135600000,2026-04-14T11:00:00,11,3,2,0,Morning,31376188,3790115,35166303,33.5372,233.0176,CELLULAR,0.29,67.8
325,1776139200000,2026-04-14T12:00:00,12,9,2,0,Afternoon,52278267,14602217,66880484,63.7822,296.7998,CELLULAR,0.407,60.3
326,1776142800000,2026-04-14T13:00:00,13,15,2,0,Afternoon,68623266,10362923,78986189,75.3271,372.1269,CELLULAR,0.51,51.4
327,1776146400000,2026-04-14T14:00:00,14,17,2,0,Afternoon,15701195,3056990,18758185,17.8892,390.0161,CELLULAR,0.264,45.8
328,1776150000000,2026-04-14T15:00:00,15,8,2,0,Afternoon,24417764,7184848,31602612,30.1386,420.1547,CELLULAR,0.338,39.6
329,1776153600000,2026-04-14T16:00:00,16,24,2,0,Afternoon,39572521,12232481,51805002,49.4051,469.5598,CELLULAR,0.309,31.0
330,1776157200000,2026-04-14T17:00:00,17,19,2,0,Afternoon,52858622,11461134,64319756,61.3401,530.8999,CELLULAR,0.5,23.1
331,1776160800000,2026-04-14T18:00:00,18,5,2,0,Evening,143251002,24793158,168044160,160.2594,691.1593,CELLULAR,0.662,10.9
332,1776164400000,2026-04-14T19:00:00,19,42,2,0,Evening,158844456,49187989,208032445,198.3952,889.5545,CELLULAR,0.544,3.0
333,1776168000000,2026-04-14T20:00:00,20,27,2,0,Evening,131185911,22942912,154128823,146.9887,1036.5432,CELLULAR,0.678,3.0
334,1776171600000,2026-04-14T21:00:00,21,46,2,0,Evening,200077330,25425544,225502874,215.0563,1251.5995,CELLULAR,0.825,3.0
335,1776175200000,2026-04-14T22:00:00,22,18,2,0,Evening,118872974,31280278,150153252,143.1973,1394.7968,CELLULAR,0.7,24.3
336,1776178800000,2026-04-14T23:00:00,23,10,2,0,Evening,55333541,9715395,65048936,62.0355,1456.8323,CELLULAR,0.617,48.6
337,1776182400000,2026-04-15T00:00:00,0,53,3,0,Night,7952769,923846,8876615,8.4654,8.4654,CELLULAR,0.074,96.0
338,1776186000000,2026-04-15T01:00:00,1,24,3,0,Night,13814755,3804572,17619327,16.8031,25.2685,CELLULAR,0.029,100.0
339,1776189600000,2026-04-15T02:00:00,2,1,3,0,Night,3752556,667925,4420481,4.2157,29.4842,CELLULAR,0.091,100.0
340,1776193200000,2026-04-15T03:00:00,3,10,3,0,Night,751219,141328,892547,0.8512,30.3354,CELLULAR,0.093,100.0
341,1776196800000,2026-04-15T04:00:00,4,20,3,0,Night,0,0,0,0.0,30.3354,CELLULAR,0.025,100.0
342,1776200400000,2026-04-15T05:00:00,5,3,3,0,Night,0,0,0,0.0,30.3354,CELLULAR,0.068,100.0
343,1776204000000,2026-04-15T06:00:00,6,26,3,0,Morning,31968815,7878226,39847041,38.0011,68.3365,CELLULAR,0.346,100.0
344,1776207600000,2026-04-15T07:00:00,7,22,3,0,Morning,27766118,7828108,35594226,33.9453,102.2818,CELLULAR,0.34,92.9
345,1776211200000,2026-04-15T08:00:00,8,15,3,0,Morning,55723419,7696240,63419659,60.4817,162.7635,CELLULAR,0.518,84.0
346,1776214800000,2026-04-15T09:00:00,9,40,3,0,Morning,66535687,10830766,77366453,73.7824,236.5459,CELLULAR,0.56,76.9
347,1776218400000,2026-04-15T10:00:00,10,35,3,0,Morning,31955908,6133510,38089418,36.3249,272.8708,CELLULAR,0.357,68.5
348,1776222000000,2026-04-15T11:00:00,11,3,3,0,Morning,55803187,11491274,67294461,64.177,337.0478,CELLULAR,0.41,58.4
349,1776225600000,2026-04-15T12:00:00,12,33,3,0,Afternoon,60128375,14105038,74233413,70.7945,407.8423,CELLULAR,0.535,49.2
350,1776229200000,2026-04-15T13:00:00,13,15,3,0,Afternoon,50506868,11161354,61668222,58.8114,466.6537,CELLULAR,0.415,41.2
351,1776232800000,2026-04-15T14:00:00,14,11,3,0,Afternoon,17788070,2043857,19831927,18.9132,485.5669,CELLULAR,0.26,35.6
352,1776236400000,2026-04-15T15:00:00,15,37,3,0,Afternoon,32631924,8195221,40827145,38.9358,524.5027,CELLULAR,0.413,28.5
353,1776240000000,2026-04-15T16:00:00,16,27,3,0,Afternoon,50580848,8828322,59409170,56.657,581.1597,CELLULAR,0.376,21.2
354,1776243600000,2026-04-15T17:00:00,17,54,3,0,Afternoon,47349445,13074537,60423982,57.6248,638.7845,CELLULAR,0.483,13.2
355,1776247200000,2026-04-15T18:00:00,18,0,3,0,Evening,201647296,55231699,256878995,244.9789,883.7634,CELLULAR,0.759,3.0
356,1776250800000,2026-04-15T19:00:00,19,9,3,0,Evening,115564849,30608952,146173801,139.4022,1023.1656,CELLULAR,0.649,3.0
357,1776254400000,2026-04-15T20:00:00,20,57,3,0,Evening,172189427,36366572,208555999,198.8945,1222.0601,CELLULAR,0.863,3.0
358,1776258000000,2026-04-15T21:00:00,21,46,3,0,Evening,202041533,32034289,234075822,223.2321,1445.2922,CELLULAR,0.621,3.0
359,1776261600000,2026-04-15T22:00:00,22,0,3,0,Evening,141900415,20052882,161953297,154.4507,1599.7429,CELLULAR,0.666,25.5
360,1776265200000,2026-04-15T23:00:00,23,7,3,0,Evening,66524318,8459980,74984298,71.5106,1671.2535,CELLULAR,0.614,43.6
361,1776268800000,2026-04-16T00:00:00,0,57,4,0,Night,0,0,0,0.0,0.0,CELLULAR,0.031,99.0
362,1776272400000,2026-04-16T01:00:00,1,27,4,0,Night,8777437,2898666,11676103,11.1352,11.1352,CELLULAR,0.097,100.0
363,1776276000000,2026-04-16T02:00:00,2,15,4,0,Night,6655425,1509836,8165261,7.787,18.9222,CELLULAR,0.041,100.0
364,1776279600000,2026-04-16T03:00:00,3,5,4,0,Night,16905590,3860094,20765684,19.8037,38.7259,CELLULAR,0.084,100.0
365,1776283200000,2026-04-16T04:00:00,4,45,4,0,Night,8293696,2076615,10370311,9.8899,48.6158,CELLULAR,0.022,100.0
366,1776286800000,2026-04-16T05:00:00,5,47,4,0,Night,1095637,364819,1460456,1.3928,50.0086,CELLULAR,0.039,100.0
367,1776290400000,2026-04-16T06:00:00,6,27,4,0,Morning,57997001,11473151,69470152,66.2519,116.2605,CELLULAR,0.457,100.0
368,1776294000000,2026-04-16T07:00:00,7,3,4,0,Morning,40509871,8034688,48544559,46.2957,162.5562,CELLULAR,0.28,95.5
369,1776297600000,2026-04-16T08:00:00,8,7,4,0,Morning,38653955,4356745,43010700,41.0182,203.5744,CELLULAR,0.258,89.7
370,1776301200000,2026-04-16T09:00:00,9,48,4,0,Morning,17920670,4775338,22696008,21.6446,225.219,CELLULAR,0.203,83.4
371,1776304800000,2026-04-16T10:00:00,10,59,4,0,Morning,41310938,8523055,49833993,47.5254,272.7444,CELLULAR,0.406,75.1
372,1776308400000,2026-04-16T11:00:00,11,37,4,0,Morning,60189925,10764486,70954411,67.6674,340.4118,CELLULAR,0.589,64.0
373,1776312000000,2026-04-16T12:00:00,12,8,4,0,Afternoon,58070603,14941743,73012346,69.63,410.0418,CELLULAR,0.6,52.0
374,1776315600000,2026-04-16T13:00:00,13,38,4,0,Afternoon,19607421,6079020,25686441,24.4965,434.5383,CELLULAR,0.248,47.5
375,1776319200000,2026-04-16T14:00:00,14,24,4,0,Afternoon,39925569,9660751,49586320,47.2892,481.8275,CELLULAR,0.44,39.7
376,1776322800000,2026-04-16T15:00:00,15,18,4,0,Afternoon,40384767,10555579,50940346,48.5805,530.408,CELLULAR,0.319,32.3
377,1776326400000,2026-04-16T16:00:00,16,14,4,0,Afternoon,18300888,4574636,22875524,21.8158,552.2238,CELLULAR,0.238,27.0
378,1776330000000,2026-04-16T17:00:00,17,40,4,0,Afternoon,62420091,19668729,82088820,78.286,630.5098,CELLULAR,0.585,15.8
379,1776333600000,2026-04-16T18:00:00,18,59,4,0,Evening,160492540,34436584,194929124,185.8989,816.4087,CELLULAR,0.595,3.2
380,1776337200000,2026-04-16T19:00:00,19,35,4,0,Evening,114086279,37488108,151574387,144.5526,960.9613,CELLULAR,0.733,3.0
381,1776340800000,2026-04-16T20:00:00,20,41,4,0,Evening,111869991,25232264,137102255,130.7509,1091.7122,CELLULAR,0.598,3.0
382,1776344400000,2026-04-16T21:00:00,21,59,4,0,Evening,150484446,46749239,197233685,188.0967,1279.8089,CELLULAR,0.827,3.0
383,1776348000000,2026-04-16T22:00:00,22,53,4,0,Evening,164123458,40446064,204569522,195.0927,1474.9016,CELLULAR,0.83,21.6
384,1776351600000,2026-04-16T23:00:00,23,9,4,0,Evening,51575130,6526571,58101701,55.4101,1530.3117,CELLULAR,0.57,44.7
385,1776355200000,2026-04-17T00:00:00,0,4,5,0,Night,7158121,1907342,9065463,8.6455,8.6455,CELLULAR,0.08,100.0
386,1776358800000,2026-04-17T01:00:00,1,17,5,0,Night,8215576,1865328,10080904,9.6139,18.2594,CELLULAR,0.027,100.0
387,1776362400000,2026-04-17T02:00:00,2,20,5,0,Night,14787290,1753681,16540971,15.7747,34.0341,CELLULAR,0.026,100.0
388,1776366000000,2026-04-17T03:00:00,3,26,5,0,Night,16132121,4205220,20337341,19.3952,53.4293,CELLULAR,0.099,100.0
389,1776369600000,2026-04-17T04:00:00,4,18,5,0,Night,15888503,2059657,17948160,17.1167,70.546,CELLULAR,0.054,100.0
390,1776373200000,2026-04-17T05:00:00,5,39,5,0,Night,0,0,0,0.0,70.546,CELLULAR,0.055,100.0
391,1776376800000,2026-04-17T06:00:00,6,39,5,0,Morning,39867201,9978536,49845737,47.5366,118.0826,CELLULAR,0.37,100.0
392,1776380400000,2026-04-17T07:00:00,7,31,5,0,Morning,61239611,10364183,71603794,68.2867,186.3693,CELLULAR,0.497,91.5
393,1776384000000,2026-04-17T08:00:00,8,14,5,0,Morning,40655778,7649706,48305484,46.0677,232.437,CELLULAR,0.382,83.0
394,1776387600000,2026-04-17T09:00:00,9,34,5,0,Morning,44989378,13106660,58096038,55.4047,287.8417,CELLULAR,0.397,75.5
395,1776391200000,2026-04-17T10:00:00,10,57,5,0,Morning,34490838,7646712,42137550,40.1855,328.0272,CELLULAR,0.273,71.4
396,1776394800000,2026-04-17T11:00:00,11,13,5,0,Morning,76815182,11098163,87913345,83.8407,411.8679,CELLULAR,0.587,61.6
397,1776398400000,2026-04-17T12:00:00,12,9,5,0,Afternoon,41888079,11523446,53411525,50.9372,462.8051,CELLULAR,0.416,55.0
398,1776402000000,2026-04-17T13:00:00,13,12,5,0,Afternoon,41396704,11353169,52749873,50.3062,513.1113,CELLULAR,0.463,44.2
399,1776405600000,2026-04-17T14:00:00,14,2,5,0,Afternoon,34412057,6925115,41337172,39.4222,552.5335,CELLULAR,0.406,34.6
400,1776409200000,2026-04-17T15:00:00,15,15,5,0,Afternoon,50017553,9968753,59986306,57.2074,609.7409,CELLULAR,0.504,26.3
401,1776412800000,2026-04-17T16:00:00,16,26,5,0,Afternoon,39992604,5551665,45544269,43.4344,653.1753,CELLULAR,0.351,19.0
402,1776416400000,2026-04-17T17:00:00,17,27,5,0,Afternoon,19364216,4213225,23577441,22.4852,675.6605,CELLULAR,0.217,14.0
403,1776420000000,2026-04-17T18:00:00,18,13,5,0,Evening,120905462,33228289,154133751,146.9934,822.6539,CELLULAR,0.862,3.0
404,1776423600000,2026-04-17T19:00:00,19,7,5,0,Evening,106012507,33686442,139698949,133.2273,955.8812,CELLULAR,0.686,3.0
405,1776427200000,2026-04-17T20:00:00,20,17,5,0,Evening,118590346,19336405,137926751,131.5372,1087.4184,CELLULAR,0.697,3.0
406,1776430800000,2026-04-17T21:00:00,21,26,5,0,Evening,167971146,43576755,211547901,201.7478,1289.1662,CELLULAR,0.818,3.0
407,1776434400000,2026-04-17T22:00:00,22,23,5,0,Evening,176683116,35205677,211888793,202.0729,1491.2391,CELLULAR,0.563,23.5
408,1776438000000,2026-04-17T23:00:00,23,29,5,0,Evening,70616499,17301041,87917540,83.8447,1575.0838,CELLULAR,0.643,43.8
409,1776441600000,2026-04-18T00:00:00,0,36,6,1,Night,23475591,7162960,30638551,29.2192,29.2192,CELLULAR,0.197,99.0
410,1776445200000,2026-04-18T01:00:00,1,26,6,1,Night,20571748,6549250,27120998,25.8646,55.0838,CELLULAR,0.167,100.0
411,1776448800000,2026-04-18T02:00:00,2,48,6,1,Night,31143164,8545542,39688706,37.8501,92.9339,CELLULAR,0.08,100.0
412,1776452400000,2026-04-18T03:00:00,3,27,6,1,Night,55353116,18281665,73634781,70.2236,163.1575,CELLULAR,0.138,100.0
413,1776456000000,2026-04-18T04:00:00,4,36,6,1,Night,52760871,16371010,69131881,65.9293,229.0868,CELLULAR,0.151,100.0
414,1776459600000,2026-04-18T05:00:00,5,44,6,1,Night,48220381,5981246,54201627,51.6907,280.7775,CELLULAR,0.202,100.0
415,1776463200000,2026-04-18T06:00:00,6,50,6,1,Morning,55634569,14315726,69950295,66.7098,347.4873,CELLULAR,0.359,100.0
416,1776466800000,2026-04-18T07:00:00,7,56,6,1,Morning,65993996,12900442,78894438,75.2396,422.7269,CELLULAR,0.427,93.1
417,1776470400000,2026-04-18T08:00:00,8,18,6,1,Morning,44662582,6437567,51100149,48.7329,471.4598,CELLULAR,0.299,88.1
418,1776474000000,2026-04-18T09:00:00,9,59,6,1,Morning,81263187,13824725,95087912,90.6829,562.1427,CELLULAR,0.558,76.4
419,1776477600000,2026-04-18T10:00:00,10,36,6,1,Morning,97518221,23882447,121400668,115.7767,677.9194,CELLULAR,0.555,65.7
420,1776481200000,2026-04-18T11:00:00,11,15,6,1,Morning,99241375,21260874,120502249,114.9199,792.8393,CELLULAR,0.572,57.0
421,1776484800000,2026-04-18T12:00:00,12,30,6,1,Afternoon,84799484,15316455,100115939,95.478,888.3173,CELLULAR,0.555,49.6
422,1776488400000,2026-04-18T13:00:00,13,31,6,1,Afternoon,90678404,18748156,109426560,104.3573,992.6746,CELLULAR,0.641,37.5
423,1776492000000,2026-04-18T14:00:00,14,31,6,1,Afternoon,75475633,21232644,96708277,92.2282,1084.9028,CELLULAR,0.466,28.9
424,1776495600000,2026-04-18T15:00:00,15,8,6,1,Afternoon,64394544,10066200,74460744,71.0113,1155.9141,CELLULAR,0.469,20.0
425,1776499200000,2026-04-18T16:00:00,16,23,6,1,Afternoon,56390218,17068507,73458725,70.0557,1225.9698,CELLULAR,0.476,11.3
426,1776502800000,2026-04-18T17:00:00,17,39,6,1,Afternoon,74683073,12099803,86782876,82.7626,1308.7324,CELLULAR,0.707,3.0
427,1776506400000,2026-04-18T18:00:00,18,12,6,1,Evening,207221471,57096541,264318012,252.0733,1560.8057,CELLULAR,0.792,3.0
428,1776510000000,2026-04-18T19:00:00,19,30,6,1,Evening,197759848,47304316,245064164,233.7114,1794.5171,CELLULAR,0.839,3.0
429,1776513600000,2026-04-18T20:00:00,20,53,6,1,Evening,206691615,23922648,230614263,219.9309,2014.448,CELLULAR,0.877,3.0
430,1776517200000,2026-04-18T21:00:00,21,8,6,1,Evening,165409936,31633642,197043578,187.9154,2202.3634,CELLULAR,0.658,3.0
431,1776520800000,2026-04-18T22:00:00,22,20,6,1,Evening,133265985,17530253,150796238,143.8105,2346.1739,CELLULAR,0.762,26.5
432,1776524400000,2026-04-18T23:00:00,23,50,6,1,Evening,101904125,29005450,130909575,124.8451,2471.019,CELLULAR,0.815,43.5
433,1776528000000,2026-04-19T00:00:00,0,32,7,1,Night,45084697,5020982,50105679,47.7845,47.7845,CELLULAR,0.182,95.0
434,1776531600000,2026-04-19T01:00:00,1,5,7,1,Night,41408401,5140194,46548595,44.3922,92.1767,CELLULAR,0.125,100.0
435,1776535200000,2026-04-19T02:00:00,2,24,7,1,Night,34389963,4040766,38430729,36.6504,128.8271,CELLULAR,0.122,100.0
436,1776538800000,2026-04-19T03:00:00,3,57,7,1,Night,55560021,9317578,64877599,61.8721,190.6992,CELLULAR,0.186,100.0
437,1776542400000,2026-04-19T04:00:00,4,30,7,1,Night,43113243,9858719,52971962,50.518,241.2172,CELLULAR,0.158,100.0
438,1776546000000,2026-04-19T05:00:00,5,46,7,1,Night,41360262,12353672,53713934,51.2256,292.4428,CELLULAR,0.236,100.0
439,1776549600000,2026-04-19T06:00:00,6,16,7,1,Morning,58654078,14403672,73057750,69.6733,362.1161,CELLULAR,0.45,100.0
440,1776553200000,2026-04-19T07:00:00,7,19,7,1,Morning,67522600,21841241,89363841,85.224,447.3401,CELLULAR,0.531,92.2
441,1776556800000,2026-04-19T08:00:00,8,22,7,1,Morning,74616614,22629058,97245672,92.7407,540.0808,CELLULAR,0.632,80.9
442,1776560400000,2026-04-19T09:00:00,9,29,7,1,Morning,57830823,18105373,75936196,72.4184,612.4992,CELLULAR,0.405,75.5
443,1776564000000,2026-04-19T10:00:00,10,54,7,1,Morning,87425309,21264626,108689935,103.6548,716.154,CELLULAR,0.643,63.3
444,1776567600000,2026-04-19T11:00:00,11,23,7,1,Morning,55140892,10615518,65756410,62.7102,778.8642,CELLULAR,0.398,57.2
445,1776571200000,2026-04-19T12:00:00,12,31,7,1,Afternoon,75536038,12049313,87585351,83.5279,862.3921,CELLULAR,0.44,50.8
446,1776574800000,2026-04-19T13:00:00,13,57,7,1,Afternoon,58477889,12564603,71042492,67.7514,930.1435,CELLULAR,0.583,41.2
447,1776578400000,2026-04-19T14:00:00,14,56,7,1,Afternoon,92678550,18538034,111216584,106.0644,1036.2079,CELLULAR,0.592,31.2
448,1776582000000,2026-04-19T15:00:00,15,32,7,1,Afternoon,77892913,23990715,101883628,97.1638,1133.3717,CELLULAR,0.48,21.8
449,1776585600000,2026-04-19T16:00:00,16,19,7,1,Afternoon,101882158,26289375,128171533,122.2339,1255.6056,CELLULAR,0.621,12.0
450,1776589200000,2026-04-19T17:00:00,17,19,7,1,Afternoon,109390812,18543534,127934346,122.0077,1377.6133,CELLULAR,0.63,3.9
451,1776592800000,2026-04-19T18:00:00,18,14,7,1,Evening,151592091,48642094,200234185,190.9582,1568.5715,CELLULAR,0.975,3.0
452,1776596400000,2026-04-19T19:00:00,19,36,7,1,Evening,181149747,24810187,205959934,196.4187,1764.9902,CELLULAR,0.6,3.0
453,1776600000000,2026-04-19T20:00:00,20,28,7,1,Evening,214681580,56304746,270986326,258.4327,2023.4229,CELLULAR,0.864,3.0
454,1776603600000,2026-04-19T21:00:00,21,12,7,1,Evening,187690068,24080131,211770199,201.9598,2225.3827,CELLULAR,0.741,3.0
455,1776607200000,2026-04-19T22:00:00,22,27,7,1,Evening,212851553,36294928,249146481,237.6046,2462.9873,CELLULAR,0.95,18.9
456,1776610800000,2026-04-19T23:00:00,23,23,7,1,Evening,101819733,24124415,125944148,120.1097,2583.097,CELLULAR,0.702,43.5
457,1776614400000,2026-04-20T00:00:00,0,49,1,0,Night,11450974,2458281,13909255,13.2649,13.2649,CELLULAR,0.037,98.0
458,1776618000000,2026-04-20T01:00:00,1,6,1,0,Night,3514399,822511,4336910,4.136,17.4009,CELLULAR,0.068,100.0
459,1776621600000,2026-04-20T02:00:00,2,15,1,0,Night,14677617,2868624,17546241,16.7334,34.1343,CELLULAR,0.087,100.0
460,1776625200000,2026-04-20T03:00:00,3,21,1,0,Night,7681212,1176528,8857740,8.4474,42.5817,CELLULAR,0.038,100.0
461,1776628800000,2026-04-20T04:00:00,4,57,1,0,Night,8908156,2424014,11332170,10.8072,53.3889,CELLULAR,0.056,100.0
462,1776632400000,2026-04-20T05:00:00,5,39,1,0,Night,6609694,1172941,7782635,7.4221,60.811,CELLULAR,0.015,100.0
463,1776636000000,2026-04-20T06:00:00,6,32,1,0,Morning,24814317,6106826,30921143,29.4887,90.2997,CELLULAR,0.324,100.0
464,1776639600000,2026-04-20T07:00:00,7,46,1,0,Morning,47674436,15231630,62906066,59.9919,150.2916,CELLULAR,0.529,93.1
465,1776643200000,2026-04-20T08:00:00,8,7,1,0,Morning,18739615,5861655,24601270,23.4616,173.7532,CELLULAR,0.313,85.8
466,1776646800000,2026-04-20T09:00:00,9,36,1,0,Morning,53210317,15010142,68220459,65.0601,238.8133,CELLULAR,0.485,78.1
467,1776650400000,2026-04-20T10:00:00,10,46,1,0,Morning,73648097,11150244,84798341,80.87,319.6833,CELLULAR,0.579,70.8
468,1776654000000,2026-04-20T11:00:00,11,30,1,0,Morning,33449737,8199492,41649229,39.7198,359.4031,CELLULAR,0.415,64.3
469,1776657600000,2026-04-20T12:00:00,12,49,1,0,Afternoon,48534243,10464305,58998548,56.2654,415.6685,CELLULAR,0.469,55.9
470,1776661200000,2026-04-20T13:00:00,13,16,1,0,Afternoon,25101927,3895079,28997006,27.6537,443.3222,CELLULAR,0.327,50.6
471,1776664800000,2026-04-20T14:00:00,14,40,1,0,Afternoon,31912225,6865164,38777389,36.981,480.3032,CELLULAR,0.319,43.8
472,1776668400000,2026-04-20T15:00:00,15,4,1,0,Afternoon,33916080,10560948,44477028,42.4166,522.7198,CELLULAR,0.349,35.2
473,1776672000000,2026-04-20T16:00:00,16,43,1,0,Afternoon,43907668,10749880,54657548,52.1255,574.8453,CELLULAR,0.489,27.7
474,1776675600000,2026-04-20T17:00:00,17,58,1,0,Afternoon,40855480,7414457,48269937,46.0338,620.8791,CELLULAR,0.326,19.5
475,1776679200000,2026-04-20T18:00:00,18,50,1,0,Evening,116168757,36646305,152815062,145.7358,766.6149,CELLULAR,0.677,6.8
476,1776682800000,2026-04-20T19:00:00,19,51,1,0,Evening,201800974,39797542,241598516,230.4063,997.0212,CELLULAR,0.884,3.0
477,1776686400000,2026-04-20T20:00:00,20,40,1,0,Evening,172712454,56364177,229076631,218.4645,1215.4857,CELLULAR,0.604,3.0
478,1776690000000,2026-04-20T21:00:00,21,53,1,0,Evening,119747980,36941675,156689655,149.4309,1364.9166,CELLULAR,0.803,3.0
479,1776693600000,2026-04-20T22:00:00,22,39,1,0,Evening,154835327,19090086,173925413,165.8682,1530.7848,CELLULAR,0.501,24.2
480,1776697200000,2026-04-20T23:00:00,23,56,1,0,Evening,74539210,16537584,91076794,86.8576,1617.6424,CELLULAR,0.753,49.0
481,1776700800000,2026-04-21T00:00:00,0,30,2,0,Night,2019547,580921,2600468,2.48,2.48,CELLULAR,0.051,97.0
482,1776704400000,2026-04-21T01:00:00,1,26,2,0,Night,1268598,170153,1438751,1.3721,3.8521,CELLULAR,0.043,100.0
483,1776708000000,2026-04-21T02:00:00,2,41,2,0,Night,0,0,0,0.0,3.8521,CELLULAR,0.056,100.0
484,1776711600000,2026-04-21T03:00:00,3,54,2,0,Night,0,0,0,0.0,3.8521,CELLULAR,0.093,100.0
485,1776715200000,2026-04-21T04:00:00,4,22,2,0,Night,4206893,781602,4988495,4.7574,8.6095,CELLULAR,0.082,100.0
486,1776718800000,2026-04-21T05:00:00,5,26,2,0,Night,976894,276573,1253467,1.1954,9.8049,CELLULAR,0.016,100.0
487,1776722400000,2026-04-21T06:00:00,6,52,2,0,Morning,48960169,12300157,61260326,58.4224,68.2273,CELLULAR,0.485,100.0
488,1776726000000,2026-04-21T07:00:00,7,3,2,0,Morning,26933467,6898208,33831675,32.2644,100.4917,CELLULAR,0.315,93.2
489,1776729600000,2026-04-21T08:00:00,8,4,2,0,Morning,66715100,18751603,85466703,81.5074,181.9991,CELLULAR,0.591,84.9
490,1776733200000,2026-04-21T09:00:00,9,48,2,0,Morning,10766511,2899475,13665986,13.0329,195.032,CELLULAR,0.226,79.9
491,1776736800000,2026-04-21T10:00:00,10,15,2,0,Morning,42603455,8473730,51077185,48.711,243.743,CELLULAR,0.443,73.0
492,1776740400000,2026-04-21T11:00:00,11,7,2,0,Morning,19505227,5400445,24905672,23.7519,267.4949,CELLULAR,0.257,68.0
493,1776744000000,2026-04-21T12:00:00,12,34,2,0,Afternoon,21547872,5757256,27305128,26.0402,293.5351,CELLULAR,0.34,62.6
494,1776747600000,2026-04-21T13:00:00,13,21,2,0,Afternoon,57915020,10912355,68827375,65.6389,359.174,CELLULAR,0.575,52.1
495,1776751200000,2026-04-21T14:00:00,14,50,2,0,Afternoon,43978253,7954885,51933138,49.5273,408.7013,CELLULAR,0.322,45.5
496,1776754800000,2026-04-21T15:00:00,15,48,2,0,Afternoon,41478560,11639364,53117924,50.6572,459.3585,CELLULAR,0.316,38.4
497,1776758400000,2026-04-21T16:00:00,16,36,2,0,Afternoon,61974913,17838812,79813725,76.1163,535.4748,CELLULAR,0.582,28.1
498,1776762000000,2026-04-21T17:00:00,17,42,2,0,Afternoon,31040272,6397666,37437938,35.7036,571.1784,CELLULAR,0.348,22.0
499,1776765600000,2026-04-21T18:00:00,18,53,2,0,Evening,179313554,28184746,207498300,197.8858,769.0642,CELLULAR,0.544,12.6
500,1776769200000,2026-04-21T19:00:00,19,13,2,0,Evening,178883151,24398406,203281557,193.8644,962.9286,CELLULAR,0.624,3.0
501,1776772800000,2026-04-21T20:00:00,20,46,2,0,Evening,178206041,27538830,205744871,196.2136,1159.1422,CELLULAR,0.695,3.0
502,1776776400000,2026-04-21T21:00:00,21,43,2,0,Evening,140215962,17243557,157459519,150.1651,1309.3073,CELLULAR,0.78,3.0
503,1776780000000,2026-04-21T22:00:00,22,59,2,0,Evening,160930229,39637823,200568052,191.2766,1500.5839,CELLULAR,0.596,26.2
504,1776783600000,2026-04-21T23:00:00,23,21,2,0,Evening,71344398,19719604,91064002,86.8454,1587.4293,CELLULAR,0.753,51.0
505,1776787200000,2026-04-22T00:00:00,0,51,3,0,Night,16029876,2404194,18434070,17.5801,17.5801,CELLULAR,0.058,95.0
506,1776790800000,2026-04-22T01:00:00,1,50,3,0,Night,21629089,4817990,26447079,25.2219,42.802,CELLULAR,0.086,100.0
507,1776794400000,2026-04-22T02:00:00,2,49,3,0,Night,0,0,0,0.0,42.802,CELLULAR,0.067,100.0
508,1776798000000,2026-04-22T03:00:00,3,50,3,0,Night,19192259,4091371,23283630,22.205,65.007,CELLULAR,0.065,100.0
509,1776801600000,2026-04-22T04:00:00,4,30,3,0,Night,8857682,1159469,10017151,9.5531,74.5601,CELLULAR,0.069,100.0
510,1776805200000,2026-04-22T05:00:00,5,48,3,0,Night,1988891,288930,2277821,2.1723,76.7324,CELLULAR,0.042,100.0
511,1776808800000,2026-04-22T06:00:00,6,27,3,0,Morning,28311552,8223457,36535009,34.8425,111.5749,CELLULAR,0.246,100.0
512,1776812400000,2026-04-22T07:00:00,7,9,3,0,Morning,21325293,6285181,27610474,26.3314,137.9063,CELLULAR,0.284,94.6
513,1776816000000,2026-04-22T08:00:00,8,9,3,0,Morning,37512170,11722352,49234522,46.9537,184.86,CELLULAR,0.509,84.9
514,1776819600000,2026-04-22T09:00:00,9,20,3,0,Morning,63041535,12197253,75238788,71.7533,256.6133,CELLULAR,0.538,76.5
515,1776823200000,2026-04-22T10:00:00,10,17,3,0,Morning,38444897,8982405,47427302,45.2302,301.8435,CELLULAR,0.4,67.2
516,1776826800000,2026-04-22T11:00:00,11,10,3,0,Morning,25585381,5730236,31315617,29.8649,331.7084,CELLULAR,0.353,60.3
517,1776830400000,2026-04-22T12:00:00,12,0,3,0,Afternoon,44999745,8532576,53532321,51.0524,382.7608,CELLULAR,0.327,53.3
518,1776834000000,2026-04-22T13:00:00,13,18,3,0,Afternoon,28578315,4469864,33048179,31.5172,414.278,CELLULAR,0.204,49.3
519,1776837600000,2026-04-22T14:00:00,14,42,3,0,Afternoon,40687045,6240715,46927760,44.7538,459.0318,CELLULAR,0.496,41.5
520,1776841200000,2026-04-22T15:00:00,15,24,3,0,Afternoon,47897113,9526473,57423586,54.7634,513.7952,CELLULAR,0.443,33.1
521,1776844800000,2026-04-22T16:00:00,16,0,3,0,Afternoon,35305108,4120301,39425409,37.599,551.3942,CELLULAR,0.244,27.8
522,1776848400000,2026-04-22T17:00:00,17,19,3,0,Afternoon,61188039,11512880,72700919,69.333,620.7272,CELLULAR,0.529,16.2
523,1776852000000,2026-04-22T18:00:00,18,30,3,0,Evening,179592647,31187486,210780133,201.0156,821.7428,CELLULAR,0.668,3.1
524,1776855600000,2026-04-22T19:00:00,19,54,3,0,Evening,133547664,34785169,168332833,160.5347,982.2775,CELLULAR,0.511,3.0
525,1776859200000,2026-04-22T20:00:00,20,55,3,0,Evening,139321563,28569610,167891173,160.1135,1142.391,CELLULAR,0.66,3.0
526,1776862800000,2026-04-22T21:00:00,21,14,3,0,Evening,227916987,31406658,259323645,247.3103,1389.7013,CELLULAR,0.862,3.0
527,1776866400000,2026-04-22T22:00:00,22,5,3,0,Evening,189533406,22984532,212517938,202.6729,1592.3742,CELLULAR,0.83,25.5
528,1776870000000,2026-04-22T23:00:00,23,12,3,0,Evening,67002556,17753527,84756083,80.8297,1673.2039,CELLULAR,0.617,44.7
529,1776873600000,2026-04-23T00:00:00,0,30,4,0,Night,15609034,2496413,18105447,17.2667,17.2667,CELLULAR,0.062,100.0
530,1776877200000,2026-04-23T01:00:00,1,34,4,0,Night,6942797,1003102,7945899,7.5778,24.8445,CELLULAR,0.098,100.0
531,1776880800000,2026-04-23T02:00:00,2,41,4,0,Night,0,0,0,0.0,24.8445,CELLULAR,0.099,100.0
532,1776884400000,2026-04-23T03:00:00,3,27,4,0,Night,14880688,1996562,16877250,16.0954,40.9399,CELLULAR,0.065,100.0
533,1776888000000,2026-04-23T04:00:00,4,27,4,0,Night,10766942,1472561,12239503,11.6725,52.6124,CELLULAR,0.089,100.0
534,1776891600000,2026-04-23T05:00:00,5,39,4,0,Night,15709803,3609056,19318859,18.4239,71.0363,CELLULAR,0.09,100.0
535,1776895200000,2026-04-23T06:00:00,6,49,4,0,Morning,30462743,4906040,35368783,33.7303,104.7666,CELLULAR,0.344,100.0
536,1776898800000,2026-04-23T07:00:00,7,56,4,0,Morning,20240974,5952139,26193113,24.9797,129.7463,CELLULAR,0.289,92.5
537,1776902400000,2026-04-23T08:00:00,8,58,4,0,Morning,22630879,4341851,26972730,25.7232,155.4695,CELLULAR,0.323,84.6
538,1776906000000,2026-04-23T09:00:00,9,13,4,0,Morning,42165057,5324530,47489587,45.2896,200.7591,CELLULAR,0.462,77.3
539,1776909600000,2026-04-23T10:00:00,10,57,4,0,Morning,46534617,5479471,52014088,49.6045,250.3636,CELLULAR,0.45,67.4
540,1776913200000,2026-04-23T11:00:00,11,20,4,0,Morning,27349443,5389406,32738849,31.2222,281.5858,CELLULAR,0.318,60.0
541,1776916800000,2026-04-23T12:00:00,12,50,4,0,Afternoon,27571295,4225304,31796599,30.3236,311.9094,CELLULAR,0.274,53.7
542,1776920400000,2026-04-23T13:00:00,13,47,4,0,Afternoon,36278903,11927386,48206289,45.9731,357.8825,CELLULAR,0.404,44.9
543,1776924000000,2026-04-23T14:00:00,14,51,4,0,Afternoon,39831047,9463978,49295025,47.0114,404.8939,CELLULAR,0.401,38.0
544,1776927600000,2026-04-23T15:00:00,15,59,4,0,Afternoon,36892124,6425074,43317198,41.3105,446.2044,CELLULAR,0.363,31.2
545,1776931200000,2026-04-23T16:00:00,16,47,4,0,Afternoon,24600863,7545331,32146194,30.657,476.8614,CELLULAR,0.293,25.3
546,1776934800000,2026-04-23T17:00:00,17,43,4,0,Afternoon,39921245,9966960,49888205,47.5771,524.4385,CELLULAR,0.327,18.6
547,1776938400000,2026-04-23T18:00:00,18,31,4,0,Evening,120025569,31989954,152015523,144.9733,669.4118,CELLULAR,0.503,11.5
548,1776942000000,2026-04-23T19:00:00,19,40,4,0,Evening,179732671,35256656,214989327,205.0298,874.4416,CELLULAR,0.85,3.0
549,1776945600000,2026-04-23T20:00:00,20,10,4,0,Evening,133863168,15593515,149456683,142.533,1016.9746,CELLULAR,0.511,3.0
550,1776949200000,2026-04-23T21:00:00,21,2,4,0,Evening,135303269,29622636,164925905,157.2856,1174.2602,CELLULAR,0.69,3.0
551,1776952800000,2026-04-23T22:00:00,22,34,4,0,Evening,220701465,30668940,251370405,239.7255,1413.9857,CELLULAR,0.818,25.6
552,1776956400000,2026-04-23T23:00:00,23,57,4,0,Evening,88541677,15271541,103813218,99.004,1512.9897,CELLULAR,0.878,45.0
553,1776960000000,2026-04-24T00:00:00,0,49,5,0,Night,0,0,0,0.0,0.0,CELLULAR,0.03,100.0
554,1776963600000,2026-04-24T01:00:00,1,8,5,0,Night,0,0,0,0.0,0.0,CELLULAR,0.023,100.0
555,1776967200000,2026-04-24T02:00:00,2,16,5,0,Night,1259522,399639,1659161,1.5823,1.5823,CELLULAR,0.071,100.0
556,1776970800000,2026-04-24T03:00:00,3,3,5,0,Night,18992654,5104356,24097010,22.9807,24.563,CELLULAR,0.075,100.0
557,1776974400000,2026-04-24T04:00:00,4,2,5,0,Night,4772915,1489495,6262410,5.9723,30.5353,CELLULAR,0.069,100.0
558,1776978000000,2026-04-24T05:00:00,5,0,5,0,Night,0,0,0,0.0,30.5353,CELLULAR,0.043,100.0
559,1776981600000,2026-04-24T06:00:00,6,29,5,0,Morning,58932336,10920965,69853301,66.6173,97.1526,CELLULAR,0.592,100.0
560,1776985200000,2026-04-24T07:00:00,7,24,5,0,Morning,18651666,3805581,22457247,21.4169,118.5695,CELLULAR,0.247,93.1
561,1776988800000,2026-04-24T08:00:00,8,17,5,0,Morning,50484888,6969422,57454310,54.7927,173.3622,CELLULAR,0.465,84.1
562,1776992400000,2026-04-24T09:00:00,9,50,5,0,Morning,57539711,9823642,67363353,64.2427,237.6049,CELLULAR,0.437,77.8
563,1776996000000,2026-04-24T10:00:00,10,59,5,0,Morning,49277118,9377182,58654300,55.9371,293.542,CELLULAR,0.524,69.3
564,1776999600000,2026-04-24T11:00:00,11,56,5,0,Morning,55236883,7666037,62902920,59.9889,353.5309,CELLULAR,0.581,60.8
565,1777003200000,2026-04-24T12:00:00,12,22,5,0,Afternoon,37180051,12294910,49474961,47.183,400.7139,CELLULAR,0.358,53.6
566,1777006800000,2026-04-24T13:00:00,13,16,5,0,Afternoon,58931258,18921105,77852363,74.2458,474.9597,CELLULAR,0.569,44.9
567,1777010400000,2026-04-24T14:00:00,14,2,5,0,Afternoon,51178848,10529535,61708383,58.8497,533.8094,CELLULAR,0.445,36.0
568,1777014000000,2026-04-24T15:00:00,15,41,5,0,Afternoon,43816314,7197747,51014061,48.6508,582.4602,CELLULAR,0.29,29.8
569,1777017600000,2026-04-24T16:00:00,16,40,5,0,Afternoon,36952859,4651805,41604664,39.6773,622.1375,CELLULAR,0.406,20.4
570,1777021200000,2026-04-24T17:00:00,17,41,5,0,Afternoon,45032086,14842442,59874528,57.1008,679.2383,CELLULAR,0.41,12.7
571,1777024800000,2026-04-24T18:00:00,18,54,5,0,Evening,213486857,54032563,267519420,255.1264,934.3647,CELLULAR,0.861,3.0
572,1777028400000,2026-04-24T19:00:00,19,0,5,0,Evening,187259053,42501459,229760512,219.1167,1153.4814,CELLULAR,0.584,3.0
573,1777032000000,2026-04-24T20:00:00,20,0,5,0,Evening,226043620,29664744,255708364,243.8625,1397.3439,CELLULAR,0.796,3.0
574,1777035600000,2026-04-24T21:00:00,21,11,5,0,Evening,131445574,42059046,173504620,165.4669,1562.8108,CELLULAR,0.5,3.0
575,1777039200000,2026-04-24T22:00:00,22,48,5,0,Evening,150831673,26284452,177116125,168.9111,1731.7219,CELLULAR,0.548,24.3
576,1777042800000,2026-04-24T23:00:00,23,40,5,0,Evening,83563990,23147806,106711796,101.7683,1833.4902,CELLULAR,0.89,48.0
577,1777046400000,2026-04-25T00:00:00,0,38,6,1,Night,29497163,7140397,36637560,34.9403,34.9403,CELLULAR,0.179,99.0
578,1777050000000,2026-04-25T01:00:00,1,26,6,1,Night,31766314,9963026,41729340,39.7962,74.7365,CELLULAR,0.135,100.0
579,1777053600000,2026-04-25T02:00:00,2,41,6,1,Night,51784529,6114062,57898591,55.2164,129.9529,CELLULAR,0.187,100.0
580,1777057200000,2026-04-25T03:00:00,3,7,6,1,Night,54722592,6537210,61259802,58.4219,188.3748,CELLULAR,0.185,100.0
581,1777060800000,2026-04-25T04:00:00,4,45,6,1,Night,50584060,14797694,65381754,62.3529,250.7277,CELLULAR,0.215,100.0
582,1777064400000,2026-04-25T05:00:00,5,27,6,1,Night,52819777,9077035,61896812,59.0294,309.7571,CELLULAR,0.192,100.0
583,1777068000000,2026-04-25T06:00:00,6,59,6,1,Morning,52806794,6057850,58864644,56.1377,365.8948,CELLULAR,0.374,100.0
584,1777071600000,2026-04-25T07:00:00,7,23,6,1,Morning,98201104,21975876,120176980,114.6097,480.5045,CELLULAR,0.635,89.5
585,1777075200000,2026-04-25T08:00:00,8,5,6,1,Morning,56802482,17171409,73973891,70.547,551.0515,CELLULAR,0.337,82.2
586,1777078800000,2026-04-25T09:00:00,9,48,6,1,Morning,80923427,15682194,96605621,92.1303,643.1818,CELLULAR,0.547,72.9
587,1777082400000,2026-04-25T10:00:00,10,14,6,1,Morning,37481015,6682908,44163923,42.118,685.2998,CELLULAR,0.316,65.8
588,1777086000000,2026-04-25T11:00:00,11,11,6,1,Morning,66017577,15481734,81499311,77.7238,763.0236,CELLULAR,0.434,59.5
589,1777089600000,2026-04-25T12:00:00,12,58,6,1,Afternoon,78712845,8918119,87630964,83.5714,846.595,CELLULAR,0.651,46.0
590,1777093200000,2026-04-25T13:00:00,13,48,6,1,Afternoon,84678052,22324515,107002567,102.0456,948.6406,CELLULAR,0.669,33.0
591,1777096800000,2026-04-25T14:00:00,14,34,6,1,Afternoon,107953602,31212356,139165958,132.719,1081.3596,CELLULAR,0.738,19.1
592,1777100400000,2026-04-25T15:00:00,15,42,6,1,Afternoon,81269990,16622234,97892224,93.3573,1174.7169,CELLULAR,0.597,8.9
593,1777104000000,2026-04-25T16:00:00,16,45,6,1,Afternoon,62481520,15185665,77667185,74.0692,1248.7861,CELLULAR,0.484,3.0
594,1777107600000,2026-04-25T17:00:00,17,42,6,1,Afternoon,77019697,23561600,100581297,95.9218,1344.7079,CELLULAR,0.514,3.0
595,1777111200000,2026-04-25T18:00:00,18,33,6,1,Evening,216752462,66154076,282906538,269.8007,1614.5086,CELLULAR,0.983,3.0
596,1777114800000,2026-04-25T19:00:00,19,20,6,1,Evening,176301121,43470971,219772092,209.591,1824.0996,CELLULAR,0.893,3.0
597,1777118400000,2026-04-25T20:00:00,20,44,6,1,Evening,183090918,59817374,242908292,231.6554,2055.755,CELLULAR,0.642,3.0
598,1777122000000,2026-04-25T21:00:00,21,39,6,1,Evening,151012644,18544611,169557255,161.7024,2217.4574,CELLULAR,0.57,3.0
599,1777125600000,2026-04-25T22:00:00,22,42,6,1,Evening,186097313,52283962,238381275,227.3381,2444.7955,CELLULAR,0.802,23.4
600,1777129200000,2026-04-25T23:00:00,23,39,6,1,Evening,126291370,21891398,148182768,141.3181,2586.1136,CELLULAR,0.882,47.8
601,1777132800000,2026-04-26T00:00:00,0,41,7,1,Night,52157175,6016248,58173423,55.4785,55.4785,CELLULAR,0.279,100.0
602,1777136400000,2026-04-26T01:00:00,1,56,7,1,Night,71121507,8593757,79715264,76.0224,131.5009,CELLULAR,0.242,100.0
603,1777140000000,2026-04-26T02:00:00,2,16,7,1,Night,45318671,10606291,55924962,53.3342,184.8351,CELLULAR,0.26,100.0
604,1777143600000,2026-04-26T03:00:00,3,24,7,1,Night,52413410,16105474,68518884,65.3447,250.1798,CELLULAR,0.255,100.0
605,1777147200000,2026-04-26T04:00:00,4,26,7,1,Night,52823239,9251831,62075070,59.1994,309.3792,CELLULAR,0.242,100.0
606,1777150800000,2026-04-26T05:00:00,5,13,7,1,Night,48302458,9909553,58212011,55.5153,364.8945,CELLULAR,0.259,100.0
607,1777154400000,2026-04-26T06:00:00,6,3,7,1,Morning,84201644,15556940,99758584,95.1372,460.0317,CELLULAR,0.669,100.0
608,1777158000000,2026-04-26T07:00:00,7,41,7,1,Morning,82245152,19288252,101533404,96.8298,556.8615,CELLULAR,0.523,89.7
609,1777161600000,2026-04-26T08:00:00,8,29,7,1,Morning,56016276,14625869,70642145,67.3696,624.2311,CELLULAR,0.366,81.1
610,1777165200000,2026-04-26T09:00:00,9,6,7,1,Morning,83222536,16811194,100033730,95.3996,719.6307,CELLULAR,0.508,72.9
611,1777168800000,2026-04-26T10:00:00,10,38,7,1,Morning,66037392,16511963,82549355,78.7252,798.3559,CELLULAR,0.363,66.9
612,1777172400000,2026-04-26T11:00:00,11,1,7,1,Morning,79598513,23294684,102893197,98.1266,896.4825,CELLULAR,0.573,56.1
613,1777176000000,2026-04-26T12:00:00,12,57,7,1,Afternoon,63526568,18562567,82089135,78.2863,974.7688,CELLULAR,0.4,49.4
614,1777179600000,2026-04-26T13:00:00,13,52,7,1,Afternoon,73617246,15076974,88694220,84.5854,1059.3542,CELLULAR,0.606,40.5
615,1777183200000,2026-04-26T14:00:00,14,9,7,1,Afternoon,61257442,18974350,80231792,76.515,1135.8692,CELLULAR,0.502,32.5
616,1777186800000,2026-04-26T15:00:00,15,7,7,1,Afternoon,87033586,20498826,107532412,102.5509,1238.4201,CELLULAR,0.765,20.0
617,1777190400000,2026-04-26T16:00:00,16,12,7,1,Afternoon,87570770,23098457,110669227,105.5424,1343.9625,CELLULAR,0.458,10.6
618,1777194000000,2026-04-26T17:00:00,17,6,7,1,Afternoon,75881339,10180641,86061980,82.0751,1426.0376,CELLULAR,0.386,3.0
619,1777197600000,2026-04-26T18:00:00,18,17,7,1,Evening,206227805,23041240,229269045,218.648,1644.6856,CELLULAR,0.765,3.0
620,1777201200000,2026-04-26T19:00:00,19,29,7,1,Evening,158480644,35211685,193692329,184.7194,1829.405,CELLULAR,1.0,3.0
621,1777204800000,2026-04-26T20:00:00,20,43,7,1,Evening,161277028,35024368,196301396,187.2076,2016.6126,CELLULAR,0.888,3.0
622,1777208400000,2026-04-26T21:00:00,21,48,7,1,Evening,202840951,59870118,262711069,250.5408,2267.1534,CELLULAR,0.849,3.0
623,1777212000000,2026-04-26T22:00:00,22,39,7,1,Evening,231977236,65394513,297371749,283.5958,2550.7492,CELLULAR,0.92,24.8
624,1777215600000,2026-04-26T23:00:00,23,37,7,1,Evening,145607468,23658912,169266380,161.425,2712.1742,CELLULAR,1.0,45.1
625,1777219200000,2026-04-27T00:00:00,0,50,1,0,Night,9443876,1589764,11033640,10.5225,10.5225,CELLULAR,0.036,99.0
626,1777222800000,2026-04-27T01:00:00,1,6,1,0,Night,18683921,3570322,22254243,21.2233,31.7458,CELLULAR,0.086,100.0
627,1777226400000,2026-04-27T02:00:00,2,3,1,0,Night,11124563,1768832,12893395,12.2961,44.0419,CELLULAR,0.061,100.0
628,1777230000000,2026-04-27T03:00:00,3,13,1,0,Night,0,0,0,0.0,44.0419,CELLULAR,0.074,100.0
629,1777233600000,2026-04-27T04:00:00,4,54,1,0,Night,15252851,3310194,18563045,17.7031,61.745,CELLULAR,0.054,100.0
630,1777237200000,2026-04-27T05:00:00,5,20,1,0,Night,8827703,1349146,10176849,9.7054,71.4504,CELLULAR,0.066,100.0
631,1777240800000,2026-04-27T06:00:00,6,28,1,0,Morning,50940306,6725082,57665388,54.994,126.4444,CELLULAR,0.553,100.0
632,1777244400000,2026-04-27T07:00:00,7,10,1,0,Morning,18222105,2515163,20737268,19.7766,146.221,CELLULAR,0.202,94.8
633,1777248000000,2026-04-27T08:00:00,8,56,1,0,Morning,44991468,8729177,53720645,51.232,197.453,CELLULAR,0.353,88.0
634,1777251600000,2026-04-27T09:00:00,9,11,1,0,Morning,23598196,4044783,27642979,26.3624,223.8154,CELLULAR,0.337,80.6
635,1777255200000,2026-04-27T10:00:00,10,36,1,0,Morning,55622480,10894148,66516628,63.4352,287.2506,CELLULAR,0.565,72.6
636,1777258800000,2026-04-27T11:00:00,11,12,1,0,Morning,66833022,12801082,79634104,75.945,363.1956,CELLULAR,0.563,63.4
637,1777262400000,2026-04-27T12:00:00,12,29,1,0,Afternoon,31149832,10241866,41391698,39.4742,402.6698,CELLULAR,0.335,55.7
638,1777266000000,2026-04-27T13:00:00,13,46,1,0,Afternoon,66514989,21007447,87522436,83.4679,486.1377,CELLULAR,0.586,42.8
639,1777269600000,2026-04-27T14:00:00,14,33,1,0,Afternoon,29199820,8899350,38099170,36.3342,522.4719,CELLULAR,0.212,37.6
640,1777273200000,2026-04-27T15:00:00,15,4,1,0,Afternoon,25534595,7547558,33082153,31.5496,554.0215,CELLULAR,0.376,31.6
641,1777276800000,2026-04-27T16:00:00,16,15,1,0,Afternoon,53694122,16768822,70462944,67.1987,621.2202,CELLULAR,0.5,23.1
642,1777280400000,2026-04-27T17:00:00,17,12,1,0,Afternoon,46823722,7993943,54817665,52.2782,673.4984,CELLULAR,0.392,15.4
643,1777284000000,2026-04-27T18:00:00,18,7,1,0,Evening,159977757,51218976,211196733,201.4129,874.9113,CELLULAR,0.63,6.8
644,1777287600000,2026-04-27T19:00:00,19,12,1,0,Evening,145796450,41155947,186952397,178.2917,1053.203,CELLULAR,0.808,3.0
645,1777291200000,2026-04-27T20:00:00,20,46,1,0,Evening,190941593,57196787,248138380,236.6432,1289.8462,CELLULAR,0.832,3.0
646,1777294800000,2026-04-27T21:00:00,21,0,1,0,Evening,130723744,41256036,171979780,164.0127,1453.8589,CELLULAR,0.569,3.0
647,1777298400000,2026-04-27T22:00:00,22,42,1,0,Evening,192645451,53563234,246208685,234.8029,1688.6618,CELLULAR,0.775,23.2
648,1777302000000,2026-04-27T23:00:00,23,43,1,0,Evening,82263074,18424444,100687518,96.0231,1784.6849,CELLULAR,0.781,46.9
649,1777305600000,2026-04-28T00:00:00,0,12,2,0,Night,0,0,0,0.0,0.0,CELLULAR,0.024,95.0
650,1777309200000,2026-04-28T01:00:00,1,51,2,0,Night,0,0,0,0.0,0.0,CELLULAR,0.088,100.0
651,1777312800000,2026-04-28T02:00:00,2,31,2,0,Night,1744721,205525,1950246,1.8599,1.8599,CELLULAR,0.013,100.0
652,1777316400000,2026-04-28T03:00:00,3,10,2,0,Night,0,0,0,0.0,1.8599,CELLULAR,0.053,100.0
653,1777320000000,2026-04-28T04:00:00,4,12,2,0,Night,0,0,0,0.0,1.8599,CELLULAR,0.025,100.0
654,1777323600000,2026-04-28T05:00:00,5,41,2,0,Night,19000275,3836766,22837041,21.7791,23.639,CELLULAR,0.063,100.0
655,1777327200000,2026-04-28T06:00:00,6,42,2,0,Morning,46475402,10005724,56481126,53.8646,77.5036,CELLULAR,0.327,100.0
656,1777330800000,2026-04-28T07:00:00,7,49,2,0,Morning,37705686,11003814,48709500,46.453,123.9566,CELLULAR,0.387,93.1
657,1777334400000,2026-04-28T08:00:00,8,14,2,0,Morning,32629802,4153300,36783102,35.0791,159.0357,CELLULAR,0.349,86.1
658,1777338000000,2026-04-28T09:00:00,9,20,2,0,Morning,41455348,5440326,46895674,44.7232,203.7589,CELLULAR,0.458,76.3
659,1777341600000,2026-04-28T10:00:00,10,32,2,0,Morning,28588955,7711278,36300233,34.6186,238.3775,CELLULAR,0.331,69.0
660,1777345200000,2026-04-28T11:00:00,11,26,2,0,Morning,46105342,12566155,58671497,55.9535,294.331,CELLULAR,0.439,61.9
661,1777348800000,2026-04-28T12:00:00,12,41,2,0,Afternoon,16398007,3559435,19957442,19.0329,313.3639,CELLULAR,0.283,56.5
662,1777352400000,2026-04-28T13:00:00,13,37,2,0,Afternoon,50501236,16448768,66950004,63.8485,377.2124,CELLULAR,0.548,44.1
663,1777356000000,2026-04-28T14:00:00,14,36,2,0,Afternoon,64907133,19177757,84084890,80.1896,457.402,CELLULAR,0.544,36.3
664,1777359600000,2026-04-28T15:00:00,15,54,2,0,Afternoon,53298256,15953582,69251838,66.0437,523.4457,CELLULAR,0.57,26.3
665,1777363200000,2026-04-28T16:00:00,16,15,2,0,Afternoon,23447922,5064746,28512668,27.1918,550.6375,CELLULAR,0.301,20.6
666,1777366800000,2026-04-28T17:00:00,17,59,2,0,Afternoon,30766585,7768163,38534748,36.7496,587.3871,CELLULAR,0.254,16.3
667,1777370400000,2026-04-28T18:00:00,18,41,2,0,Evening,130533182,40193445,170726627,162.8176,750.2047,CELLULAR,0.81,3.3
668,1777374000000,2026-04-28T19:00:00,19,24,2,0,Evening,142585420,28645258,171230678,163.2983,913.503,CELLULAR,0.731,3.0
669,1777377600000,2026-04-28T20:00:00,20,46,2,0,Evening,214065571,54004980,268070551,255.652,1169.155,CELLULAR,0.818,3.0
670,1777381200000,2026-04-28T21:00:00,21,1,2,0,Evening,221855219,41406458,263261677,251.0659,1420.2209,CELLULAR,0.797,3.0
671,1777384800000,2026-04-28T22:00:00,22,17,2,0,Evening,142959381,20500195,163459576,155.8872,1576.1081,CELLULAR,0.739,19.3
672,1777388400000,2026-04-28T23:00:00,23,37,2,0,Evening,80284897,9592117,89877014,85.7134,1661.8215,CELLULAR,0.695,35.6
673,1777392000000,2026-04-29T00:00:00,0,30,3,0,Night,2272798,729799,3002597,2.8635,2.8635,CELLULAR,0.074,95.0
674,1777395600000,2026-04-29T01:00:00,1,38,3,0,Night,15336659,4704040,20040699,19.1123,21.9758,CELLULAR,0.064,100.0
675,1777399200000,2026-04-29T02:00:00,2,20,3,0,Night,6679910,1223731,7903641,7.5375,29.5133,CELLULAR,0.05,100.0
676,1777402800000,2026-04-29T03:00:00,3,54,3,0,Night,0,0,0,0.0,29.5133,CELLULAR,0.077,100.0
677,1777406400000,2026-04-29T04:00:00,4,58,3,0,Night,0,0,0,0.0,29.5133,CELLULAR,0.022,100.0
678,1777410000000,2026-04-29T05:00:00,5,43,3,0,Night,0,0,0,0.0,29.5133,CELLULAR,0.037,100.0
679,1777413600000,2026-04-29T06:00:00,6,34,3,0,Morning,43128869,11599877,54728746,52.1934,81.7067,CELLULAR,0.559,100.0
680,1777417200000,2026-04-29T07:00:00,7,16,3,0,Morning,25640103,7864836,33504939,31.9528,113.6595,CELLULAR,0.223,94.7
681,1777420800000,2026-04-29T08:00:00,8,41,3,0,Morning,53833564,14642957,68476521,65.3043,178.9638,CELLULAR,0.458,84.0
682,1777424400000,2026-04-29T09:00:00,9,42,3,0,Morning,58919854,15640715,74560569,71.1065,250.0703,CELLULAR,0.482,76.2
683,1777428000000,2026-04-29T10:00:00,10,7,3,0,Morning,66781686,14541045,81322731,77.5554,327.6257,CELLULAR,0.594,64.0
684,1777431600000,2026-04-29T11:00:00,11,49,3,0,Morning,39554575,11262458,50817033,48.4629,376.0886,CELLULAR,0.389,57.9
685,1777435200000,2026-04-29T12:00:00,12,47,3,0,Afternoon,30139023,5423117,35562140,33.9147,410.0033,CELLULAR,0.23,54.5
686,1777438800000,2026-04-29T13:00:00,13,2,3,0,Afternoon,63395023,9909562,73304585,69.9087,479.912,CELLULAR,0.588,43.3
687,1777442400000,2026-04-29T14:00:00,14,49,3,0,Afternoon,65647204,11876221,77523425,73.9321,553.8441,CELLULAR,0.51,33.8
688,1777446000000,2026-04-29T15:00:00,15,6,3,0,Afternoon,51977331,9156746,61134077,58.302,612.1461,CELLULAR,0.548,24.7
689,1777449600000,2026-04-29T16:00:00,16,16,3,0,Afternoon,41934174,9455906,51390080,49.0094,661.1555,CELLULAR,0.431,15.0
690,1777453200000,2026-04-29T17:00:00,17,14,3,0,Afternoon,29906888,4792169,34699057,33.0916,694.2471,CELLULAR,0.219,9.2
691,1777456800000,2026-04-29T18:00:00,18,14,3,0,Evening,106101316,29057194,135158510,128.8972,823.1443,CELLULAR,0.539,3.0
692,1777460400000,2026-04-29T19:00:00,19,53,3,0,Evening,159891128,45520611,205411739,195.8959,1019.0402,CELLULAR,0.567,3.0
693,1777464000000,2026-04-29T20:00:00,20,21,3,0,Evening,212596731,58343877,270940608,258.3891,1277.4293,CELLULAR,0.853,3.0
694,1777467600000,2026-04-29T21:00:00,21,59,3,0,Evening,156724790,35130329,191855119,182.9673,1460.3966,CELLULAR,0.703,3.0
695,1777471200000,2026-04-29T22:00:00,22,30,3,0,Evening,227052886,41381731,268434617,255.9992,1716.3958,CELLULAR,0.897,25.7
696,1777474800000,2026-04-29T23:00:00,23,18,3,0,Evening,70998332,13998714,84997046,81.0595,1797.4553,CELLULAR,0.759,45.7
697,1777478400000,2026-04-30T00:00:00,0,23,4,0,Night,6156414,2038312,8194726,7.8151,7.8151,CELLULAR,0.095,95.0
698,1777482000000,2026-04-30T01:00:00,1,3,4,0,Night,0,0,0,0.0,7.8151,CELLULAR,0.051,100.0
699,1777485600000,2026-04-30T02:00:00,2,44,4,0,Night,0,0,0,0.0,7.8151,CELLULAR,0.015,100.0
700,1777489200000,2026-04-30T03:00:00,3,46,4,0,Night,0,0,0,0.0,7.8151,CELLULAR,0.021,100.0
701,1777492800000,2026-04-30T04:00:00,4,56,4,0,Night,5869158,761092,6630250,6.3231,14.1382,CELLULAR,0.02,100.0
702,1777496400000,2026-04-30T05:00:00,5,36,4,0,Night,0,0,0,0.0,14.1382,CELLULAR,0.015,100.0
703,1777500000000,2026-04-30T06:00:00,6,2,4,0,Morning,42915013,6192946,49107959,46.833,60.9712,CELLULAR,0.379,100.0
704,1777503600000,2026-04-30T07:00:00,7,15,4,0,Morning,26350124,8467527,34817651,33.2047,94.1759,CELLULAR,0.313,95.3
705,1777507200000,2026-04-30T08:00:00,8,44,4,0,Morning,59563945,13779017,73342962,69.9453,164.1212,CELLULAR,0.484,86.5
706,1777510800000,2026-04-30T09:00:00,9,40,4,0,Morning,31422904,9537725,40960629,39.0631,203.1843,CELLULAR,0.22,82.2
707,1777514400000,2026-04-30T10:00:00,10,45,4,0,Morning,41930868,11256891,53187759,50.7238,253.9081,CELLULAR,0.381,75.8
708,1777518000000,2026-04-30T11:00:00,11,38,4,0,Morning,46704374,8404586,55108960,52.556,306.4641,CELLULAR,0.398,68.4
709,1777521600000,2026-04-30T12:00:00,12,34,4,0,Afternoon,37920786,6184417,44105203,42.062,348.5261,CELLULAR,0.332,62.3
710,1777525200000,2026-04-30T13:00:00,13,39,4,0,Afternoon,30397678,8055701,38453379,36.672,385.1981,CELLULAR,0.308,55.1
711,1777528800000,2026-04-30T14:00:00,14,31,4,0,Afternoon,53662324,12772095,66434419,63.3568,448.5549,CELLULAR,0.545,45.8
712,1777532400000,2026-04-30T15:00:00,15,27,4,0,Afternoon,13498553,2241935,15740488,15.0113,463.5662,CELLULAR,0.248,41.0
713,1777536000000,2026-04-30T16:00:00,16,42,4,0,Afternoon,33995850,7940898,41936748,39.994,503.5602,CELLULAR,0.307,34.7
714,1777539600000,2026-04-30T17:00:00,17,36,4,0,Afternoon,39516321,10475064,49991385,47.6755,551.2357,CELLULAR,0.316,29.1
715,1777543200000,2026-04-30T18:00:00,18,58,4,0,Evening,140095193,37672727,177767920,169.5327,720.7684,CELLULAR,0.595,21.7
716,1777546800000,2026-04-30T19:00:00,19,7,4,0,Evening,191252142,24871954,216124096,206.112,926.8804,CELLULAR,0.655,12.1
717,1777550400000,2026-04-30T20:00:00,20,14,4,0,Evening,159667091,24769248,184436339,175.8922,1102.7726,CELLULAR,0.877,3.0
718,1777554000000,2026-04-30T21:00:00,21,39,4,0,Evening,90075761,28371908,118447669,112.9605,1215.7331,CELLULAR,0.513,3.0
719,1777557600000,2026-04-30T22:00:00,22,44,4,0,Evening,173915544,33295866,207211410,197.6122,1413.3453,CELLULAR,0.835,24.8
720,1777561200000,2026-04-30T23:00:00,23,37,4,0,Evening,76265987,18837654,95103641,90.6979,1504.0432,CELLULAR,0.704,44.5
721,1777564800000,2026-05-01T00:00:00,0,17,5,0,Night,6132208,1030509,7162717,6.8309,6.8309,CELLULAR,0.026,97.0
722,1777568400000,2026-05-01T01:00:00,1,34,5,0,Night,6777464,809507,7586971,7.2355,14.0664,CELLULAR,0.075,100.0
723,1777572000000,2026-05-01T02:00:00,2,41,5,0,Night,530603,155585,686188,0.6544,14.7208,CELLULAR,0.083,100.0
724,1777575600000,2026-05-01T03:00:00,3,7,5,0,Night,13006716,2009206,15015922,14.3203,29.0411,CELLULAR,0.055,100.0
725,1777579200000,2026-05-01T04:00:00,4,15,5,0,Night,10079369,2623290,12702659,12.1142,41.1553,CELLULAR,0.078,100.0
726,1777582800000,2026-05-01T05:00:00,5,37,5,0,Night,13907566,3556676,17464242,16.6552,57.8105,CELLULAR,0.08,100.0
727,1777586400000,2026-05-01T06:00:00,6,38,5,0,Morning,19951529,2866113,22817642,21.7606,79.5711,CELLULAR,0.292,100.0
728,1777590000000,2026-05-01T07:00:00,7,0,5,0,Morning,26350619,3176652,29527271,28.1594,107.7305,CELLULAR,0.344,94.6
729,1777593600000,2026-05-01T08:00:00,8,10,5,0,Morning,43086929,7821330,50908259,48.5499,156.2804,CELLULAR,0.427,87.4
730,1777597200000,2026-05-01T09:00:00,9,49,5,0,Morning,24135444,5287388,29422832,28.0598,184.3402,CELLULAR,0.343,80.4
731,1777600800000,2026-05-01T10:00:00,10,51,5,0,Morning,30278441,6447199,36725640,35.0243,219.3645,CELLULAR,0.204,75.7
732,1777604400000,2026-05-01T11:00:00,11,43,5,0,Morning,33078296,10584723,43663019,41.6403,261.0048,CELLULAR,0.457,65.9
733,1777608000000,2026-05-01T12:00:00,12,46,5,0,Afternoon,61648155,6984919,68633074,65.4536,326.4584,CELLULAR,0.591,55.3
734,1777611600000,2026-05-01T13:00:00,13,21,5,0,Afternoon,15517143,2999975,18517118,17.6593,344.1177,CELLULAR,0.251,49.7
735,1777615200000,2026-05-01T14:00:00,14,40,5,0,Afternoon,37841699,8327731,46169430,44.0306,388.1483,CELLULAR,0.411,42.1
736,1777618800000,2026-05-01T15:00:00,15,10,5,0,Afternoon,53848549,9879705,63728254,60.776,448.9243,CELLULAR,0.444,35.4
737,1777622400000,2026-05-01T16:00:00,16,0,5,0,Afternoon,29793280,6199196,35992476,34.3251,483.2494,CELLULAR,0.356,27.4
738,1777626000000,2026-05-01T17:00:00,17,39,5,0,Afternoon,57031984,8450433,65482417,62.4489,545.6983,CELLULAR,0.571,15.7
739,1777629600000,2026-05-01T18:00:00,18,0,5,0,Evening,130804433,24001350,154805783,147.6343,693.3326,CELLULAR,0.771,4.6
740,1777633200000,2026-05-01T19:00:00,19,15,5,0,Evening,178817419,33125900,211943319,202.1249,895.4575,CELLULAR,0.747,3.0
741,1777636800000,2026-05-01T20:00:00,20,23,5,0,Evening,180985870,30557627,211543497,201.7436,1097.2011,CELLULAR,0.612,3.0
742,1777640400000,2026-05-01T21:00:00,21,41,5,0,Evening,166336206,23882925,190219131,181.4071,1278.6082,CELLULAR,0.708,3.0
743,1777644000000,2026-05-01T22:00:00,22,46,5,0,Evening,163932131,40736692,204668823,195.1874,1473.7956,CELLULAR,0.828,19.4
744,1777647600000,2026-05-01T23:00:00,23,6,5,0,Evening,70565768,11953912,82519680,78.6969,1552.4925,CELLULAR,0.728,40.6
745,1777651200000,2026-05-02T00:00:00,0,14,6,1,Night,38448966,12680124,51129090,48.7605,48.7605,CELLULAR,0.189,95.0
746,1777654800000,2026-05-02T01:00:00,1,21,6,1,Night,37849995,12493501,50343496,48.0113,96.7718,CELLULAR,0.088,100.0
747,1777658400000,2026-05-02T02:00:00,2,42,6,1,Night,40049156,13052724,53101880,50.6419,147.4137,CELLULAR,0.252,100.0
748,1777662000000,2026-05-02T03:00:00,3,32,6,1,Night,51053625,10709493,61763118,58.9019,206.3156,CELLULAR,0.263,100.0
749,1777665600000,2026-05-02T04:00:00,4,51,6,1,Night,33081427,8251866,41333293,39.4185,245.7341,CELLULAR,0.097,100.0
750,1777669200000,2026-05-02T05:00:00,5,17,6,1,Night,36447069,7850443,44297512,42.2454,287.9795,CELLULAR,0.2,100.0
751,1777672800000,2026-05-02T06:00:00,6,16,6,1,Morning,53988226,10284449,64272675,61.2952,349.2747,CELLULAR,0.381,100.0
752,1777676400000,2026-05-02T07:00:00,7,29,6,1,Morning,101657620,11753529,113411149,108.1573,457.432,CELLULAR,0.51,88.5
753,1777680000000,2026-05-02T08:00:00,8,50,6,1,Morning,81657862,18890614,100548476,95.8905,553.3225,CELLULAR,0.443,80.1
754,1777683600000,2026-05-02T09:00:00,9,5,6,1,Morning,39911840,7044127,46955967,44.7807,598.1032,CELLULAR,0.389,71.9
755,1777687200000,2026-05-02T10:00:00,10,23,6,1,Morning,70286642,18094368,88381010,84.2867,682.3899,CELLULAR,0.379,64.8
756,1777690800000,2026-05-02T11:00:00,11,59,6,1,Morning,53702891,11121440,64824331,61.8213,744.2112,CELLULAR,0.398,56.3
757,1777694400000,2026-05-02T12:00:00,12,50,6,1,Afternoon,82858098,14367861,97225959,92.7219,836.9331,CELLULAR,0.458,49.3
758,1777698000000,2026-05-02T13:00:00,13,51,6,1,Afternoon,111107781,16760504,127868285,121.9447,958.8778,CELLULAR,0.663,39.7
759,1777701600000,2026-05-02T14:00:00,14,4,6,1,Afternoon,76305099,13374258,89679357,85.5249,1044.4027,CELLULAR,0.453,31.7
760,1777705200000,2026-05-02T15:00:00,15,49,6,1,Afternoon,39156349,5129000,44285349,42.2338,1086.6365,CELLULAR,0.355,23.9
761,1777708800000,2026-05-02T16:00:00,16,58,6,1,Afternoon,63771594,19203273,82974867,79.131,1165.7675,CELLULAR,0.494,16.5
762,1777712400000,2026-05-02T17:00:00,17,14,6,1,Afternoon,84861116,17944106,102805222,98.0427,1263.8102,CELLULAR,0.43,8.0
763,1777716000000,2026-05-02T18:00:00,18,51,6,1,Evening,253093765,42947446,296041211,282.3269,1546.1371,CELLULAR,0.872,3.0
764,1777719600000,2026-05-02T19:00:00,19,53,6,1,Evening,146355538,47577125,193932663,184.9486,1731.0857,CELLULAR,1.0,3.0
765,1777723200000,2026-05-02T20:00:00,20,25,6,1,Evening,202450537,36903397,239353934,228.2657,1959.3514,CELLULAR,0.686,3.0
766,1777726800000,2026-05-02T21:00:00,21,30,6,1,Evening,145424440,21698232,167122672,159.3806,2118.732,CELLULAR,0.783,3.0
767,1777730400000,2026-05-02T22:00:00,22,14,6,1,Evening,147208871,27398641,174607512,166.5187,2285.2507,CELLULAR,0.792,23.9
768,1777734000000,2026-05-02T23:00:00,23,1,6,1,Evening,96667328,12567342,109234670,104.1743,2389.425,CELLULAR,0.684,45.0
769,1777737600000,2026-05-03T00:00:00,0,23,7,1,Night,30080404,6332865,36413269,34.7264,34.7264,CELLULAR,0.19,100.0
770,1777741200000,2026-05-03T01:00:00,1,42,7,1,Night,39786185,9250891,49037076,46.7654,81.4918,CELLULAR,0.082,100.0
771,1777744800000,2026-05-03T02:00:00,2,29,7,1,Night,32585343,8514851,41100194,39.1962,120.688,CELLULAR,0.25,100.0
772,1777748400000,2026-05-03T03:00:00,3,8,7,1,Night,16974637,4486777,21461414,20.4672,141.1552,CELLULAR,0.168,100.0
773,1777752000000,2026-05-03T04:00:00,4,40,7,1,Night,47498460,7547061,55045521,52.4955,193.6507,CELLULAR,0.283,100.0
774,1777755600000,2026-05-03T05:00:00,5,23,7,1,Night,60007616,8889070,68896686,65.705,259.3557,CELLULAR,0.222,100.0
775,1777759200000,2026-05-03T06:00:00,6,5,7,1,Morning,71998026,23825252,95823278,91.3842,350.7399,CELLULAR,0.586,100.0
776,1777762800000,2026-05-03T07:00:00,7,53,7,1,Morning,72742124,10560318,83302442,79.4434,430.1833,CELLULAR,0.387,93.2
777,1777766400000,2026-05-03T08:00:00,8,29,7,1,Morning,59268283,13842105,73110388,69.7235,499.9068,CELLULAR,0.514,84.4
778,1777770000000,2026-05-03T09:00:00,9,31,7,1,Morning,69186422,20795030,89981452,85.813,585.7198,CELLULAR,0.625,73.5
779,1777773600000,2026-05-03T10:00:00,10,58,7,1,Morning,102265858,22388437,124654295,118.8796,704.5994,CELLULAR,0.657,63.6
780,1777777200000,2026-05-03T11:00:00,11,19,7,1,Morning,77085229,19636889,96722118,92.2414,796.8408,CELLULAR,0.508,56.2
781,1777780800000,2026-05-03T12:00:00,12,36,7,1,Afternoon,79134240,12102986,91237226,87.0106,883.8514,CELLULAR,0.389,49.6
782,1777784400000,2026-05-03T13:00:00,13,17,7,1,Afternoon,75734413,9691605,85426018,81.4686,965.32,CELLULAR,0.628,39.5
783,1777788000000,2026-05-03T14:00:00,14,33,7,1,Afternoon,78823685,16416375,95240060,90.828,1056.148,CELLULAR,0.619,29.5
784,1777791600000,2026-05-03T15:00:00,15,37,7,1,Afternoon,104839990,24394275,129234265,123.2474,1179.3954,CELLULAR,0.62,19.1
785,1777795200000,2026-05-03T16:00:00,16,54,7,1,Afternoon,81435758,10405763,91841521,87.5869,1266.9823,CELLULAR,0.375,13.3
786,1777798800000,2026-05-03T17:00:00,17,42,7,1,Afternoon,90569869,12906022,103475891,98.6823,1365.6646,CELLULAR,0.528,3.0
787,1777802400000,2026-05-03T18:00:00,18,31,7,1,Evening,197703545,57931838,255635383,243.7929,1609.4575,CELLULAR,0.771,3.0
788,1777806000000,2026-05-03T19:00:00,19,59,7,1,Evening,204175332,25368440,229543772,218.91,1828.3675,CELLULAR,0.762,3.0
789,1777809600000,2026-05-03T20:00:00,20,52,7,1,Evening,168135807,26165011,194300818,185.2997,2013.6672,CELLULAR,0.835,3.0
790,1777813200000,2026-05-03T21:00:00,21,54,7,1,Evening,156937582,22709910,179647492,171.3252,2184.9924,CELLULAR,0.682,3.0
791,1777816800000,2026-05-03T22:00:00,22,30,7,1,Evening,182087204,30573341,212660545,202.8089,2387.8013,CELLULAR,0.6,20.5
792,1777820400000,2026-05-03T23:00:00,23,12,7,1,Evening,86444245,16566183,103010428,98.2384,2486.0397,CELLULAR,0.645,42.2
793,1777824000000,2026-05-04T00:00:00,0,52,1,0,Night,0,0,0,0.0,0.0,CELLULAR,0.025,98.0
794,1777827600000,2026-05-04T01:00:00,1,53,1,0,Night,14486260,2926393,17412653,16.606,16.606,CELLULAR,0.081,100.0
795,1777831200000,2026-05-04T02:00:00,2,58,1,0,Night,0,0,0,0.0,16.606,CELLULAR,0.053,100.0
796,1777834800000,2026-05-04T03:00:00,3,17,1,0,Night,0,0,0,0.0,16.606,CELLULAR,0.031,100.0
797,1777838400000,2026-05-04T04:00:00,4,47,1,0,Night,5618900,1229769,6848669,6.5314,23.1374,CELLULAR,0.074,100.0
798,1777842000000,2026-05-04T05:00:00,5,21,1,0,Night,9081267,2034896,11116163,10.6012,33.7386,CELLULAR,0.046,100.0
799,1777845600000,2026-05-04T06:00:00,6,33,1,0,Morning,41300437,11183098,52483535,50.0522,83.7908,CELLULAR,0.296,100.0
800,1777849200000,2026-05-04T07:00:00,7,47,1,0,Morning,47425034,9645916,57070950,54.4271,138.2179,CELLULAR,0.41,93.9
801,1777852800000,2026-05-04T08:00:00,8,17,1,0,Morning,15723373,4168847,19892220,18.9707,157.1886,CELLULAR,0.212,89.4
802,1777856400000,2026-05-04T09:00:00,9,27,1,0,Morning,45562279,14058074,59620353,56.8584,214.047,CELLULAR,0.539,81.5
803,1777860000000,2026-05-04T10:00:00,10,35,1,0,Morning,39421720,6603006,46024726,43.8926,257.9396,CELLULAR,0.313,75.0
804,1777863600000,2026-05-04T11:00:00,11,14,1,0,Morning,50737463,13350558,64088021,61.1191,319.0587,CELLULAR,0.464,64.9
805,1777867200000,2026-05-04T12:00:00,12,21,1,0,Afternoon,68319030,10394110,78713140,75.0667,394.1254,CELLULAR,0.592,55.7
806,1777870800000,2026-05-04T13:00:00,13,9,1,0,Afternoon,52622629,8339377,60962006,58.1379,452.2633,CELLULAR,0.471,49.1
807,1777874400000,2026-05-04T14:00:00,14,56,1,0,Afternoon,33119162,9778606,42897768,40.9105,493.1738,CELLULAR,0.216,45.5
808,1777878000000,2026-05-04T15:00:00,15,54,1,0,Afternoon,74894451,10449569,85344020,81.3904,574.5642,CELLULAR,0.598,35.3
809,1777881600000,2026-05-04T16:00:00,16,58,1,0,Afternoon,59382270,7096399,66478669,63.399,637.9632,CELLULAR,0.494,27.9
810,1777885200000,2026-05-04T17:00:00,17,45,1,0,Afternoon,27067068,7019306,34086374,32.5073,670.4705,CELLULAR,0.246,23.2
811,1777888800000,2026-05-04T18:00:00,18,36,1,0,Evening,175008576,48267018,223275594,212.9322,883.4027,CELLULAR,0.858,8.2
812,1777892400000,2026-05-04T19:00:00,19,29,1,0,Evening,172728052,51329151,224057203,213.6776,1097.0803,CELLULAR,0.564,3.0
813,1777896000000,2026-05-04T20:00:00,20,51,1,0,Evening,183076206,22301349,205377555,195.8633,1292.9436,CELLULAR,0.746,3.0
814,1777899600000,2026-05-04T21:00:00,21,21,1,0,Evening,144628107,19307732,163935839,156.3414,1449.285,CELLULAR,0.71,3.0
815,1777903200000,2026-05-04T22:00:00,22,12,1,0,Evening,115739879,20759235,136499114,130.1757,1579.4607,CELLULAR,0.586,21.2
816,1777906800000,2026-05-04T23:00:00,23,52,1,0,Evening,60624154,19324942,79949096,76.2454,1655.7061,CELLULAR,0.649,44.3
817,1777910400000,2026-05-05T00:00:00,0,25,2,0,Night,17806142,3667226,21473368,20.4786,20.4786,CELLULAR,0.07,96.0
818,1777914000000,2026-05-05T01:00:00,1,20,2,0,Night,2860401,635027,3495428,3.3335,23.8121,CELLULAR,0.028,100.0
819,1777917600000,2026-05-05T02:00:00,2,3,2,0,Night,10565680,2291539,12857219,12.2616,36.0737,CELLULAR,0.011,100.0
820,1777921200000,2026-05-05T03:00:00,3,46,2,0,Night,13633786,2855071,16488857,15.725,51.7987,CELLULAR,0.02,100.0
821,1777924800000,2026-05-05T04:00:00,4,42,2,0,Night,5448998,1431023,6880021,6.5613,58.36,CELLULAR,0.046,100.0
822,1777928400000,2026-05-05T05:00:00,5,41,2,0,Night,15846256,2828358,18674614,17.8095,76.1695,CELLULAR,0.099,100.0
823,1777932000000,2026-05-05T06:00:00,6,26,2,0,Morning,42463203,6346017,48809220,46.5481,122.7176,CELLULAR,0.497,100.0
824,1777935600000,2026-05-05T07:00:00,7,17,2,0,Morning,37847523,10937789,48785312,46.5253,169.2429,CELLULAR,0.392,93.6
825,1777939200000,2026-05-05T08:00:00,8,24,2,0,Morning,34182621,4094597,38277218,36.504,205.7469,CELLULAR,0.28,88.2
826,1777942800000,2026-05-05T09:00:00,9,37,2,0,Morning,15197589,2934911,18132500,17.2925,223.0394,CELLULAR,0.247,81.8
827,1777946400000,2026-05-05T10:00:00,10,56,2,0,Morning,66917256,10010997,76928253,73.3645,296.4039,CELLULAR,0.495,71.4
828,1777950000000,2026-05-05T11:00:00,11,53,2,0,Morning,69090557,13631813,82722370,78.8902,375.2941,CELLULAR,0.54,60.4
829,1777953600000,2026-05-05T12:00:00,12,44,2,0,Afternoon,43217503,12320534,55538037,52.9652,428.2593,CELLULAR,0.407,53.8
830,1777957200000,2026-05-05T13:00:00,13,32,2,0,Afternoon,32054986,4671912,36726898,35.0255,463.2848,CELLULAR,0.367,45.8
831,1777960800000,2026-05-05T14:00:00,14,49,2,0,Afternoon,43521341,7433895,50955236,48.5947,511.8795,CELLULAR,0.282,40.8
832,1777964400000,2026-05-05T15:00:00,15,55,2,0,Afternoon,39222152,7099951,46322103,44.1762,556.0557,CELLULAR,0.339,33.8
833,1777968000000,2026-05-05T16:00:00,16,54,2,0,Afternoon,38872598,8868542,47741140,45.5295,601.5852,CELLULAR,0.351,27.5
834,1777971600000,2026-05-05T17:00:00,17,6,2,0,Afternoon,28988407,4228593,33217000,31.6782,633.2634,CELLULAR,0.308,21.2
835,1777975200000,2026-05-05T18:00:00,18,37,2,0,Evening,223487789,26447955,249935744,238.3573,871.6207,CELLULAR,0.765,7.5
836,1777978800000,2026-05-05T19:00:00,19,39,2,0,Evening,156431397,25433729,181865126,173.4401,1045.0608,CELLULAR,0.661,3.0
837,1777982400000,2026-05-05T20:00:00,20,3,2,0,Evening,192754813,35478448,228233261,217.6602,1262.721,CELLULAR,0.8,3.0
838,1777986000000,2026-05-05T21:00:00,21,53,2,0,Evening,153428628,50968299,204396927,194.9281,1457.6491,CELLULAR,0.663,3.0
839,1777989600000,2026-05-05T22:00:00,22,57,2,0,Evening,211559693,38451129,250010822,238.4289,1696.078,CELLULAR,0.756,20.8
840,1777993200000,2026-05-05T23:00:00,23,46,2,0,Evening,60033420,16024620,76058040,72.5346,1768.6126,CELLULAR,0.602,37.1
841,1777996800000,2026-05-06T00:00:00,0,30,3,0,Night,0,0,0,0.0,0.0,CELLULAR,0.064,97.0
842,1778000400000,2026-05-06T01:00:00,1,25,3,0,Night,16775242,1956309,18731551,17.8638,17.8638,CELLULAR,0.098,100.0
843,1778004000000,2026-05-06T02:00:00,2,27,3,0,Night,8916090,2555960,11472050,10.9406,28.8044,CELLULAR,0.016,100.0
844,1778007600000,2026-05-06T03:00:00,3,33,3,0,Night,17231673,5331585,22563258,21.518,50.3224,CELLULAR,0.063,100.0
845,1778011200000,2026-05-06T04:00:00,4,9,3,0,Night,0,0,0,0.0,50.3224,CELLULAR,0.066,100.0
846,1778014800000,2026-05-06T05:00:00,5,52,3,0,Night,9134599,2999837,12134436,11.5723,61.8947,CELLULAR,0.096,100.0
847,1778018400000,2026-05-06T06:00:00,6,1,3,0,Morning,46881027,9975490,56856517,54.2226,116.1173,CELLULAR,0.5,100.0
848,1778022000000,2026-05-06T07:00:00,7,40,3,0,Morning,37335247,11105923,48441170,46.1971,162.3144,CELLULAR,0.476,89.7
849,1778025600000,2026-05-06T08:00:00,8,21,3,0,Morning,57958532,9788495,67747027,64.6086,226.923,CELLULAR,0.427,81.0
850,1778029200000,2026-05-06T09:00:00,9,21,3,0,Morning,44153841,12437281,56591122,53.9695,280.8925,CELLULAR,0.43,72.7
851,1778032800000,2026-05-06T10:00:00,10,9,3,0,Morning,26591426,7900747,34492173,32.8943,313.7868,CELLULAR,0.281,67.3
852,1778036400000,2026-05-06T11:00:00,11,40,3,0,Morning,35983176,10612395,46595571,44.437,358.2238,CELLULAR,0.343,60.6
853,1778040000000,2026-05-06T12:00:00,12,58,3,0,Afternoon,29302137,9066621,38368758,36.5913,394.8151,CELLULAR,0.414,54.6
854,1778043600000,2026-05-06T13:00:00,13,11,3,0,Afternoon,42784960,6194129,48979089,46.7101,441.5252,CELLULAR,0.485,44.7
855,1778047200000,2026-05-06T14:00:00,14,56,3,0,Afternoon,14757920,3175560,17933480,17.1027,458.6279,CELLULAR,0.26,39.5
856,1778050800000,2026-05-06T15:00:00,15,2,3,0,Afternoon,62801413,8696580,71497993,68.1858,526.8137,CELLULAR,0.521,31.0
857,1778054400000,2026-05-06T16:00:00,16,52,3,0,Afternoon,26959473,5215242,32174715,30.6842,557.4979,CELLULAR,0.333,24.7
858,1778058000000,2026-05-06T17:00:00,17,10,3,0,Afternoon,22901860,4093729,26995589,25.745,583.2429,CELLULAR,0.218,18.4
859,1778061600000,2026-05-06T18:00:00,18,56,3,0,Evening,154450120,22489949,176940069,168.7432,751.9861,CELLULAR,0.898,3.0
860,1778065200000,2026-05-06T19:00:00,19,51,3,0,Evening,198263210,26286404,224549614,214.1472,966.1333,CELLULAR,0.88,3.0
861,1778068800000,2026-05-06T20:00:00,20,52,3,0,Evening,208026278,33478915,241505193,230.3173,1196.4506,CELLULAR,0.7,3.0
862,1778072400000,2026-05-06T21:00:00,21,35,3,0,Evening,190642389,38902117,229544506,218.9107,1415.3613,CELLULAR,0.503,3.0
863,1778076000000,2026-05-06T22:00:00,22,18,3,0,Evening,131171815,18274906,149446721,142.5235,1557.8848,CELLULAR,0.577,20.2
864,1778079600000,2026-05-06T23:00:00,23,26,3,0,Evening,62458106,15170387,77628493,74.0323,1631.9171,CELLULAR,0.685,43.5
865,1778083200000,2026-05-07T00:00:00,0,36,4,0,Night,22166156,3426438,25592594,24.407,24.407,CELLULAR,0.089,97.0
866,1778086800000,2026-05-07T01:00:00,1,40,4,0,Night,0,0,0,0.0,24.407,CELLULAR,0.046,100.0
867,1778090400000,2026-05-07T02:00:00,2,13,4,0,Night,6047143,1249373,7296516,6.9585,31.3655,CELLULAR,0.073,100.0
868,1778094000000,2026-05-07T03:00:00,3,8,4,0,Night,5566370,1027809,6594179,6.2887,37.6542,CELLULAR,0.068,100.0
869,1778097600000,2026-05-07T04:00:00,4,48,4,0,Night,0,0,0,0.0,37.6542,CELLULAR,0.033,100.0
870,1778101200000,2026-05-07T05:00:00,5,33,4,0,Night,637129,147939,785068,0.7487,38.4029,CELLULAR,0.096,100.0
871,1778104800000,2026-05-07T06:00:00,6,42,4,0,Morning,43726369,5300011,49026380,46.7552,85.1581,CELLULAR,0.323,100.0
872,1778108400000,2026-05-07T07:00:00,7,24,4,0,Morning,44358644,13943544,58302188,55.6013,140.7594,CELLULAR,0.515,91.4
873,1778112000000,2026-05-07T08:00:00,8,19,4,0,Morning,8777022,2242463,11019485,10.509,151.2684,CELLULAR,0.206,86.7
874,1778115600000,2026-05-07T09:00:00,9,10,4,0,Morning,38456824,7658919,46115743,43.9794,195.2478,CELLULAR,0.394,79.0
875,1778119200000,2026-05-07T10:00:00,10,10,4,0,Morning,20941777,4815339,25757116,24.5639,219.8117,CELLULAR,0.313,72.1
876,1778122800000,2026-05-07T11:00:00,11,8,4,0,Morning,38887833,5388917,44276750,42.2256,262.0373,CELLULAR,0.266,68.0
877,1778126400000,2026-05-07T12:00:00,12,6,4,0,Afternoon,50077568,11040361,61117929,58.2866,320.3239,CELLULAR,0.498,58.7
878,1778130000000,2026-05-07T13:00:00,13,14,4,0,Afternoon,57828009,16070174,73898183,70.4748,390.7987,CELLULAR,0.588,49.8
879,1778133600000,2026-05-07T14:00:00,14,19,4,0,Afternoon,49352178,16368266,65720444,62.6759,453.4746,CELLULAR,0.51,40.1
880,1778137200000,2026-05-07T15:00:00,15,58,4,0,Afternoon,47391870,7120240,54512110,51.9868,505.4614,CELLULAR,0.427,32.9
881,1778140800000,2026-05-07T16:00:00,16,11,4,0,Afternoon,44611006,11078655,55689661,53.1098,558.5712,CELLULAR,0.357,26.5
882,1778144400000,2026-05-07T17:00:00,17,19,4,0,Afternoon,34290479,7124602,41415081,39.4965,598.0677,CELLULAR,0.273,20.6
883,1778148000000,2026-05-07T18:00:00,18,47,4,0,Evening,135699632,15902647,151602279,144.5792,742.6469,CELLULAR,0.726,8.2
884,1778151600000,2026-05-07T19:00:00,19,6,4,0,Evening,134485295,29314334,163799629,156.2115,898.8584,CELLULAR,0.61,3.0
885,1778155200000,2026-05-07T20:00:00,20,17,4,0,Evening,165326659,29341580,194668239,185.6501,1084.5085,CELLULAR,0.502,3.0
886,1778158800000,2026-05-07T21:00:00,21,19,4,0,Evening,142874891,46929947,189804838,181.012,1265.5205,CELLULAR,0.763,3.0
887,1778162400000,2026-05-07T22:00:00,22,46,4,0,Evening,193701274,39447712,233148986,222.3482,1487.8687,CELLULAR,0.685,19.0
888,1778166000000,2026-05-07T23:00:00,23,13,4,0,Evening,40296243,8090506,48386749,46.1452,1534.0139,CELLULAR,0.503,39.6
889,1778169600000,2026-05-08T00:00:00,0,54,5,0,Night,0,0,0,0.0,0.0,CELLULAR,0.095,95.0
890,1778173200000,2026-05-08T01:00:00,1,55,5,0,Night,15715443,4305857,20021300,19.0938,19.0938,CELLULAR,0.082,100.0
891,1778176800000,2026-05-08T02:00:00,2,6,5,0,Night,3117314,414814,3532128,3.3685,22.4623,CELLULAR,0.088,100.0
892,1778180400000,2026-05-08T03:00:00,3,3,5,0,Night,9075265,1728632,10803897,10.3034,32.7657,CELLULAR,0.087,100.0
893,1778184000000,2026-05-08T04:00:00,4,47,5,0,Night,4820193,1347635,6167828,5.8821,38.6478,CELLULAR,0.04,100.0
894,1778187600000,2026-05-08T05:00:00,5,49,5,0,Night,15413793,1728117,17141910,16.3478,54.9956,CELLULAR,0.078,100.0
895,1778191200000,2026-05-08T06:00:00,6,46,5,0,Morning,34733791,11480413,46214204,44.0733,99.0689,CELLULAR,0.377,100.0
896,1778194800000,2026-05-08T07:00:00,7,34,5,0,Morning,50636018,16697555,67333573,64.2143,163.2832,CELLULAR,0.531,91.7
897,1778198400000,2026-05-08T08:00:00,8,7,5,0,Morning,51677274,5999858,57677132,55.0052,218.2884,CELLULAR,0.341,86.0
898,1778202000000,2026-05-08T09:00:00,9,47,5,0,Morning,66413628,15229757,81643385,77.8612,296.1496,CELLULAR,0.573,78.0
899,1778205600000,2026-05-08T10:00:00,10,56,5,0,Morning,35339701,8860084,44199785,42.1522,338.3018,CELLULAR,0.379,71.1
900,1778209200000,2026-05-08T11:00:00,11,49,5,0,Morning,50517993,7338655,57856648,55.1764,393.4782,CELLULAR,0.388,64.5
901,1778212800000,2026-05-08T12:00:00,12,22,5,0,Afternoon,23259960,3052691,26312651,25.0937,418.5719,CELLULAR,0.288,58.5
902,1778216400000,2026-05-08T13:00:00,13,7,5,0,Afternoon,49202936,11111365,60314301,57.5202,476.0921,CELLULAR,0.52,46.7
903,1778220000000,2026-05-08T14:00:00,14,30,5,0,Afternoon,46603847,7631020,54234867,51.7224,527.8145,CELLULAR,0.495,36.1
904,1778223600000,2026-05-08T15:00:00,15,0,5,0,Afternoon,51194531,6452402,57646933,54.9764,582.7909,CELLULAR,0.379,28.0
905,1778227200000,2026-05-08T16:00:00,16,52,5,0,Afternoon,17269271,4241112,21510383,20.5139,603.3048,CELLULAR,0.239,23.1
906,1778230800000,2026-05-08T17:00:00,17,29,5,0,Afternoon,51999879,7986742,59986621,57.2077,660.5125,CELLULAR,0.491,15.9
907,1778234400000,2026-05-08T18:00:00,18,10,5,0,Evening,132373496,35069515,167443011,159.6861,820.1986,CELLULAR,0.542,5.6
908,1778238000000,2026-05-08T19:00:00,19,34,5,0,Evening,129090775,40729253,169820028,161.953,982.1516,CELLULAR,0.821,3.0
909,1778241600000,2026-05-08T20:00:00,20,48,5,0,Evening,127395266,31642570,159037836,151.6703,1133.8219,CELLULAR,0.553,3.0
910,1778245200000,2026-05-08T21:00:00,21,21,5,0,Evening,196389922,27745714,224135636,213.7524,1347.5743,CELLULAR,0.762,3.0
911,1778248800000,2026-05-08T22:00:00,22,17,5,0,Evening,121426051,28350342,149776393,142.8379,1490.4122,CELLULAR,0.561,21.2
912,1778252400000,2026-05-08T23:00:00,23,15,5,0,Evening,75181052,20085118,95266170,90.8529,1581.2651,CELLULAR,0.75,37.1
913,1778256000000,2026-05-09T00:00:00,0,22,6,1,Night,53236670,7922364,61159034,58.3258,58.3258,CELLULAR,0.17,98.0
914,1778259600000,2026-05-09T01:00:00,1,5,6,1,Night,45529545,8289561,53819106,51.3259,109.6517,CELLULAR,0.172,100.0
915,1778263200000,2026-05-09T02:00:00,2,16,6,1,Night,34991296,7579736,42571032,40.5989,150.2506,CELLULAR,0.111,100.0
916,1778266800000,2026-05-09T03:00:00,3,47,6,1,Night,26827002,4625139,31452141,29.9951,180.2457,CELLULAR,0.199,100.0
917,1778270400000,2026-05-09T04:00:00,4,3,6,1,Night,41047441,5527473,46574914,44.4173,224.663,CELLULAR,0.199,100.0
918,1778274000000,2026-05-09T05:00:00,5,25,6,1,Night,11807830,3182717,14990547,14.2961,238.9591,CELLULAR,0.093,100.0
919,1778277600000,2026-05-09T06:00:00,6,43,6,1,Morning,41694329,12267069,53961398,51.4616,290.4207,CELLULAR,0.325,100.0
920,1778281200000,2026-05-09T07:00:00,7,49,6,1,Morning,61189709,18745860,79935569,76.2325,366.6532,CELLULAR,0.637,87.9
921,1778284800000,2026-05-09T08:00:00,8,28,6,1,Morning,75145709,11849189,86994898,82.9648,449.618,CELLULAR,0.464,79.6
922,1778288400000,2026-05-09T09:00:00,9,2,6,1,Morning,63367453,14723357,78090810,74.4732,524.0912,CELLULAR,0.596,68.3
923,1778292000000,2026-05-09T10:00:00,10,7,6,1,Morning,54987996,17544207,72532203,69.1721,593.2633,CELLULAR,0.327,63.7
924,1778295600000,2026-05-09T11:00:00,11,48,6,1,Morning,46752895,7192145,53945040,51.446,644.7093,CELLULAR,0.339,58.0
925,1778299200000,2026-05-09T12:00:00,12,33,6,1,Afternoon,54420382,6886501,61306883,58.4668,703.1761,CELLULAR,0.377,49.8
926,1778302800000,2026-05-09T13:00:00,13,26,6,1,Afternoon,73782775,11956767,85739542,81.7676,784.9437,CELLULAR,0.505,40.2
927,1778306400000,2026-05-09T14:00:00,14,6,6,1,Afternoon,63084478,9672121,72756599,69.3861,854.3298,CELLULAR,0.477,29.7
928,1778310000000,2026-05-09T15:00:00,15,52,6,1,Afternoon,76602986,10236618,86839604,82.8167,937.1465,CELLULAR,0.416,22.7
929,1778313600000,2026-05-09T16:00:00,16,5,6,1,Afternoon,94814265,25629368,120443633,114.864,1052.0105,CELLULAR,0.74,11.9
930,1778317200000,2026-05-09T17:00:00,17,2,6,1,Afternoon,93298044,30375832,123673876,117.9446,1169.9551,CELLULAR,0.615,3.0
931,1778320800000,2026-05-09T18:00:00,18,27,6,1,Evening,185840924,52925912,238766836,227.7058,1397.6609,CELLULAR,0.916,3.0
932,1778324400000,2026-05-09T19:00:00,19,28,6,1,Evening,173639561,30470161,204109722,194.6542,1592.3151,CELLULAR,0.85,3.0
933,1778328000000,2026-05-09T20:00:00,20,58,6,1,Evening,166592545,33463277,200055822,190.7881,1783.1032,CELLULAR,0.828,3.0
934,1778331600000,2026-05-09T21:00:00,21,6,6,1,Evening,154434863,39936000,194370863,185.3665,1968.4697,CELLULAR,0.819,3.0
935,1778335200000,2026-05-09T22:00:00,22,50,6,1,Evening,186022209,32664502,218686711,208.5559,2177.0256,CELLULAR,1.0,19.6
936,1778338800000,2026-05-09T23:00:00,23,43,6,1,Evening,126987986,24235966,151223952,144.2184,2321.244,CELLULAR,0.901,36.0
937,1778342400000,2026-05-10T00:00:00,0,58,7,1,Night,16585121,5450179,22035300,21.0145,21.0145,CELLULAR,0.106,98.0
938,1778346000000,2026-05-10T01:00:00,1,17,7,1,Night,66778383,8379350,75157733,71.676,92.6905,CELLULAR,0.254,100.0
939,1778349600000,2026-05-10T02:00:00,2,24,7,1,Night,34634803,8253003,42887806,40.901,133.5915,CELLULAR,0.187,100.0
940,1778353200000,2026-05-10T03:00:00,3,7,7,1,Night,70365361,8974408,79339769,75.6643,209.2558,CELLULAR,0.219,100.0
941,1778356800000,2026-05-10T04:00:00,4,21,7,1,Night,20448883,6654814,27103697,25.8481,235.1039,CELLULAR,0.101,100.0
942,1778360400000,2026-05-10T05:00:00,5,23,7,1,Night,43476318,10191164,53667482,51.1813,286.2852,CELLULAR,0.182,100.0
943,1778364000000,2026-05-10T06:00:00,6,17,7,1,Morning,85889340,21213261,107102601,102.141,388.4262,CELLULAR,0.626,100.0
944,1778367600000,2026-05-10T07:00:00,7,59,7,1,Morning,62057703,8678919,70736622,67.4597,455.8859,CELLULAR,0.401,94.1
945,1778371200000,2026-05-10T08:00:00,8,8,7,1,Morning,92296887,26995515,119292402,113.7661,569.652,CELLULAR,0.704,82.2
946,1778374800000,2026-05-10T09:00:00,9,18,7,1,Morning,93761985,10543225,104305210,99.4732,669.1252,CELLULAR,0.551,70.8
947,1778378400000,2026-05-10T10:00:00,10,25,7,1,Morning,84616369,20870166,105486535,100.5998,769.725,CELLULAR,0.649,60.9
948,1778382000000,2026-05-10T11:00:00,11,10,7,1,Morning,80290533,17477225,97767758,93.2386,862.9636,CELLULAR,0.376,54.6
949,1778385600000,2026-05-10T12:00:00,12,0,7,1,Afternoon,80108319,14599799,94708118,90.3207,953.2843,CELLULAR,0.599,46.2
950,1778389200000,2026-05-10T13:00:00,13,27,7,1,Afternoon,89711606,19497689,109209295,104.1501,1057.4344,CELLULAR,0.647,33.5
951,1778392800000,2026-05-10T14:00:00,14,46,7,1,Afternoon,61554596,9528371,71082967,67.79,1125.2244,CELLULAR,0.37,28.3
952,1778396400000,2026-05-10T15:00:00,15,6,7,1,Afternoon,93021134,21167429,114188563,108.8987,1234.1231,CELLULAR,0.694,13.9
953,1778400000000,2026-05-10T16:00:00,16,15,7,1,Afternoon,70568135,15486400,86054535,82.068,1316.1911,CELLULAR,0.369,6.9
954,1778403600000,2026-05-10T17:00:00,17,15,7,1,Afternoon,73131707,13121113,86252820,82.2571,1398.4482,CELLULAR,0.436,3.0
955,1778407200000,2026-05-10T18:00:00,18,8,7,1,Evening,213627448,39074020,252701468,240.9949,1639.4431,CELLULAR,0.855,3.0
956,1778410800000,2026-05-10T19:00:00,19,55,7,1,Evening,178508631,40693770,219202401,209.0477,1848.4908,CELLULAR,0.662,3.0
957,1778414400000,2026-05-10T20:00:00,20,11,7,1,Evening,205386340,65569053,270955393,258.4032,2106.894,CELLULAR,0.785,3.0
958,1778418000000,2026-05-10T21:00:00,21,38,7,1,Evening,180828037,22609128,203437165,194.0128,2300.9068,CELLULAR,0.809,3.0
959,1778421600000,2026-05-10T22:00:00,22,23,7,1,Evening,142235996,23096022,165332018,157.6729,2458.5797,CELLULAR,0.637,27.1
960,1778425200000,2026-05-10T23:00:00,23,29,7,1,Evening,95110822,21872406,116983228,111.5639,2570.1436,CELLULAR,0.696,45.8
961,1778428800000,2026-05-11T00:00:00,0,1,1,0,Night,14725380,1793152,16518532,15.7533,15.7533,CELLULAR,0.012,99.0
962,1778432400000,2026-05-11T01:00:00,1,33,1,0,Night,0,0,0,0.0,15.7533,CELLULAR,0.041,100.0
963,1778436000000,2026-05-11T02:00:00,2,52,1,0,Night,0,0,0,0.0,15.7533,CELLULAR,0.092,100.0
964,1778439600000,2026-05-11T03:00:00,3,14,1,0,Night,0,0,0,0.0,15.7533,CELLULAR,0.059,100.0
965,1778443200000,2026-05-11T04:00:00,4,11,1,0,Night,0,0,0,0.0,15.7533,CELLULAR,0.052,100.0
966,1778446800000,2026-05-11T05:00:00,5,6,1,0,Night,15947730,4364025,20311755,19.3708,35.1241,CELLULAR,0.097,100.0
967,1778450400000,2026-05-11T06:00:00,6,1,1,0,Morning,36162848,8850317,45013165,42.9279,78.052,CELLULAR,0.391,100.0
968,1778454000000,2026-05-11T07:00:00,7,36,1,0,Morning,47662927,12151518,59814445,57.0435,135.0955,CELLULAR,0.438,91.2
969,1778457600000,2026-05-11T08:00:00,8,10,1,0,Morning,29549631,5877348,35426979,33.7858,168.8813,CELLULAR,0.304,85.5
970,1778461200000,2026-05-11T09:00:00,9,34,1,0,Morning,37161925,7548726,44710651,42.6394,211.5207,CELLULAR,0.426,76.8
971,1778464800000,2026-05-11T10:00:00,10,37,1,0,Morning,66584083,14799884,81383967,77.6138,289.1345,CELLULAR,0.569,68.0
972,1778468400000,2026-05-11T11:00:00,11,16,1,0,Morning,48207695,7997551,56205246,53.6015,342.736,CELLULAR,0.571,57.8
973,1778472000000,2026-05-11T12:00:00,12,31,1,0,Afternoon,30705964,3555522,34261486,32.6743,375.4103,CELLULAR,0.343,52.4
974,1778475600000,2026-05-11T13:00:00,13,33,1,0,Afternoon,24192061,4038960,28231021,26.9232,402.3335,CELLULAR,0.319,47.1
975,1778479200000,2026-05-11T14:00:00,14,48,1,0,Afternoon,12514300,1575835,14090135,13.4374,415.7709,CELLULAR,0.202,41.9
976,1778482800000,2026-05-11T15:00:00,15,54,1,0,Afternoon,17376605,4077784,21454389,20.4605,436.2314,CELLULAR,0.28,36.4
977,1778486400000,2026-05-11T16:00:00,16,48,1,0,Afternoon,57441787,7071222,64513009,61.5244,497.7558,CELLULAR,0.544,26.9
978,1778490000000,2026-05-11T17:00:00,17,39,1,0,Afternoon,63286449,9160295,72446744,69.0906,566.8464,CELLULAR,0.564,17.1
979,1778493600000,2026-05-11T18:00:00,18,21,1,0,Evening,148150609,16692458,164843067,157.2066,724.053,CELLULAR,0.849,3.0
980,1778497200000,2026-05-11T19:00:00,19,35,1,0,Evening,135995040,40347655,176342695,168.1735,892.2265,CELLULAR,0.696,3.0
981,1778500800000,2026-05-11T20:00:00,20,13,1,0,Evening,158320987,35359388,193680375,184.708,1076.9345,CELLULAR,0.725,3.0
982,1778504400000,2026-05-11T21:00:00,21,39,1,0,Evening,186576409,30982663,217559072,207.4805,1284.415,CELLULAR,0.756,3.0
983,1778508000000,2026-05-11T22:00:00,22,1,1,0,Evening,190468793,50198587,240667380,229.5183,1513.9333,CELLULAR,0.814,24.4
984,1778511600000,2026-05-11T23:00:00,23,41,1,0,Evening,49465966,15509674,64975640,61.9656,1575.8989,CELLULAR,0.513,42.7
985,1778515200000,2026-05-12T00:00:00,0,56,2,0,Night,0,0,0,0.0,0.0,CELLULAR,0.02,98.0
986,1778518800000,2026-05-12T01:00:00,1,38,2,0,Night,13883622,3538573,17422195,16.6151,16.6151,CELLULAR,0.069,100.0
987,1778522400000,2026-05-12T02:00:00,2,15,2,0,Night,18209851,4078261,22288112,21.2556,37.8707,CELLULAR,0.088,100.0
988,1778526000000,2026-05-12T03:00:00,3,11,2,0,Night,14084063,3978602,18062665,17.2259,55.0966,CELLULAR,0.035,100.0
989,1778529600000,2026-05-12T04:00:00,4,48,2,0,Night,0,0,0,0.0,55.0966,CELLULAR,0.015,100.0
990,1778533200000,2026-05-12T05:00:00,5,53,2,0,Night,16665348,3793313,20458661,19.5109,74.6075,CELLULAR,0.062,100.0
991,1778536800000,2026-05-12T06:00:00,6,54,2,0,Morning,30345211,8179680,38524891,36.7402,111.3477,CELLULAR,0.33,100.0
992,1778540400000,2026-05-12T07:00:00,7,21,2,0,Morning,64321938,7887828,72209766,68.8646,180.2123,CELLULAR,0.569,89.5
993,1778544000000,2026-05-12T08:00:00,8,47,2,0,Morning,26177288,7223842,33401130,31.8538,212.0661,CELLULAR,0.295,83.7
994,1778547600000,2026-05-12T09:00:00,9,21,2,0,Morning,39525804,7594265,47120069,44.9372,257.0033,CELLULAR,0.41,75.2
995,1778551200000,2026-05-12T10:00:00,10,13,2,0,Morning,38752217,12330525,51082742,48.7163,305.7196,CELLULAR,0.327,69.6
996,1778554800000,2026-05-12T11:00:00,11,0,2,0,Morning,51567108,13673193,65240301,62.218,367.9376,CELLULAR,0.509,59.1
997,1778558400000,2026-05-12T12:00:00,12,0,2,0,Afternoon,35923073,9097852,45020925,42.9353,410.8729,CELLULAR,0.417,53.5
998,1778562000000,2026-05-12T13:00:00,13,3,2,0,Afternoon,32880516,5432878,38313394,36.5385,447.4114,CELLULAR,0.299,47.7
999,1778565600000,2026-05-12T14:00:00,14,21,2,0,Afternoon,52600539,8784672,61385211,58.5415,505.9529,CELLULAR,0.508,38.2
1000,1778569200000,2026-05-12T15:00:00,15,5,2,0,Afternoon,56832257,13326390,70158647,66.9085,572.8614,CELLULAR,0.55,27.6
1001,1778572800000,2026-05-12T16:00:00,16,18,2,0,Afternoon,55078592,7266800,62345392,59.4572,632.3186,CELLULAR,0.471,19.6
1002,1778576400000,2026-05-12T17:00:00,17,7,2,0,Afternoon,42740691,5466961,48207652,45.9744,678.293,CELLULAR,0.356,11.8
1003,1778580000000,2026-05-12T18:00:00,18,51,2,0,Evening,159130774,42251811,201382585,192.0534,870.3464,CELLULAR,0.601,3.0
1004,1778583600000,2026-05-12T19:00:00,19,0,2,0,Evening,198248386,57807372,256055758,244.1938,1114.5402,CELLULAR,0.865,3.0
1005,1778587200000,2026-05-12T20:00:00,20,21,2,0,Evening,102839230,33901266,136740496,130.4059,1244.9461,CELLULAR,0.587,3.0
1006,1778590800000,2026-05-12T21:00:00,21,42,2,0,Evening,126575614,37826842,164402456,156.7864,1401.7325,CELLULAR,0.541,3.0
1007,1778594400000,2026-05-12T22:00:00,22,10,2,0,Evening,147020792,39176526,186197318,177.5716,1579.3041,CELLULAR,0.749,25.8
1008,1778598000000,2026-05-12T23:00:00,23,24,2,0,Evening,82952422,15477407,98429829,93.87,1673.1741,CELLULAR,0.832,46.0
1009,1778601600000,2026-05-13T00:00:00,0,39,3,0,Night,4368435,1438474,5806909,5.5379,5.5379,CELLULAR,0.078,97.0
1010,1778605200000,2026-05-13T01:00:00,1,46,3,0,Night,580867,168235,749102,0.7144,6.2523,CELLULAR,0.096,100.0
1011,1778608800000,2026-05-13T02:00:00,2,39,3,0,Night,14485352,1650135,16135487,15.388,21.6403,CELLULAR,0.089,100.0
1012,1778612400000,2026-05-13T03:00:00,3,34,3,0,Night,1340456,390218,1730674,1.6505,23.2908,CELLULAR,0.024,100.0
1013,1778616000000,2026-05-13T04:00:00,4,23,3,0,Night,11890313,3427809,15318122,14.6085,37.8993,CELLULAR,0.041,100.0
1014,1778619600000,2026-05-13T05:00:00,5,13,3,0,Night,3550227,1145610,4695837,4.4783,42.3776,CELLULAR,0.059,100.0
1015,1778623200000,2026-05-13T06:00:00,6,25,3,0,Morning,42359071,9316432,51675503,49.2816,91.6592,CELLULAR,0.37,100.0
1016,1778626800000,2026-05-13T07:00:00,7,19,3,0,Morning,27981371,3686253,31667624,30.2006,121.8598,CELLULAR,0.371,94.1
1017,1778630400000,2026-05-13T08:00:00,8,39,3,0,Morning,57049641,11604194,68653835,65.4734,187.3332,CELLULAR,0.463,85.1
1018,1778634000000,2026-05-13T09:00:00,9,14,3,0,Morning,31293949,3942503,35236452,33.6041,220.9373,CELLULAR,0.332,78.7
1019,1778637600000,2026-05-13T10:00:00,10,11,3,0,Morning,16300773,4844181,21144954,20.1654,241.1027,CELLULAR,0.255,74.0
1020,1778641200000,2026-05-13T11:00:00,11,42,3,0,Morning,54714193,7884116,62598309,59.6984,300.8011,CELLULAR,0.509,65.4
1021,1778644800000,2026-05-13T12:00:00,12,8,3,0,Afternoon,63355826,8767643,72123469,68.7823,369.5834,CELLULAR,0.546,56.1
1022,1778648400000,2026-05-13T13:00:00,13,50,3,0,Afternoon,16932606,3802040,20734646,19.7741,389.3575,CELLULAR,0.235,50.8
1023,1778652000000,2026-05-13T14:00:00,14,45,3,0,Afternoon,42997269,8407491,51404760,49.0234,438.3809,CELLULAR,0.507,41.9
1024,1778655600000,2026-05-13T15:00:00,15,2,3,0,Afternoon,27290804,8870073,36160877,34.4857,472.8666,CELLULAR,0.246,35.6
1025,1778659200000,2026-05-13T16:00:00,16,44,3,0,Afternoon,39283518,4846117,44129635,42.0853,514.9519,CELLULAR,0.428,29.7
1026,1778662800000,2026-05-13T17:00:00,17,49,3,0,Afternoon,52423087,14106438,66529525,63.4475,578.3994,CELLULAR,0.456,21.6
1027,1778666400000,2026-05-13T18:00:00,18,13,3,0,Evening,130484445,42663764,173148209,165.127,743.5264,CELLULAR,0.857,9.4
1028,1778670000000,2026-05-13T19:00:00,19,15,3,0,Evening,150259129,17383636,167642765,159.8766,903.403,CELLULAR,0.561,3.0
1029,1778673600000,2026-05-13T20:00:00,20,51,3,0,Evening,143616057,32739012,176355069,168.1853,1071.5883,CELLULAR,0.878,3.0
1030,1778677200000,2026-05-13T21:00:00,21,35,3,0,Evening,179162678,54147579,233310257,222.502,1294.0903,CELLULAR,0.849,3.0
1031,1778680800000,2026-05-13T22:00:00,22,9,3,0,Evening,153868043,30622717,184490760,175.9441,1470.0344,CELLULAR,0.823,21.4
1032,1778684400000,2026-05-13T23:00:00,23,48,3,0,Evening,79003406,16242002,95245408,90.8331,1560.8675,CELLULAR,0.824,41.0
1033,1778688000000,2026-05-14T00:00:00,0,18,4,0,Night,14342738,4262879,18605617,17.7437,17.7437,CELLULAR,0.03,99.0
1034,1778691600000,2026-05-14T01:00:00,1,20,4,0,Night,0,0,0,0.0,17.7437,CELLULAR,0.065,100.0
1035,1778695200000,2026-05-14T02:00:00,2,25,4,0,Night,0,0,0,0.0,17.7437,CELLULAR,0.032,100.0
1036,1778698800000,2026-05-14T03:00:00,3,32,4,0,Night,15529848,3529383,19059231,18.1763,35.92,CELLULAR,0.078,100.0
1037,1778702400000,2026-05-14T04:00:00,4,52,4,0,Night,4911370,944088,5855458,5.5842,41.5042,CELLULAR,0.087,100.0
1038,1778706000000,2026-05-14T05:00:00,5,13,4,0,Night,8338008,1153177,9491185,9.0515,50.5557,CELLULAR,0.035,100.0
1039,1778709600000,2026-05-14T06:00:00,6,4,4,0,Morning,53121657,9022304,62143961,59.2651,109.8208,CELLULAR,0.441,100.0
1040,1778713200000,2026-05-14T07:00:00,7,56,4,0,Morning,42062096,12190072,54252168,51.7389,161.5597,CELLULAR,0.436,92.7
1041,1778716800000,2026-05-14T08:00:00,8,6,4,0,Morning,40363566,9537117,49900683,47.589,209.1487,CELLULAR,0.469,84.4
1042,1778720400000,2026-05-14T09:00:00,9,40,4,0,Morning,74077693,10257177,84334870,80.428,289.5767,CELLULAR,0.582,74.4
1043,1778724000000,2026-05-14T10:00:00,10,8,4,0,Morning,46051337,13710993,59762330,56.9938,346.5705,CELLULAR,0.376,68.0
1044,1778727600000,2026-05-14T11:00:00,11,3,4,0,Morning,37958700,8756514,46715214,44.5511,391.1216,CELLULAR,0.488,60.2
1045,1778731200000,2026-05-14T12:00:00,12,58,4,0,Afternoon,23166167,5356987,28523154,27.2018,418.3234,CELLULAR,0.348,52.2
1046,1778734800000,2026-05-14T13:00:00,13,26,4,0,Afternoon,51597642,9833182,61430824,58.585,476.9084,CELLULAR,0.508,42.5
1047,1778738400000,2026-05-14T14:00:00,14,42,4,0,Afternoon,24209054,4928041,29137095,27.7873,504.6957,CELLULAR,0.342,36.0
1048,1778742000000,2026-05-14T15:00:00,15,40,4,0,Afternoon,65050520,11342645,76393165,72.8542,577.5499,CELLULAR,0.549,25.5
1049,1778745600000,2026-05-14T16:00:00,16,6,4,0,Afternoon,17322449,4614599,21937048,20.9208,598.4707,CELLULAR,0.252,21.4
1050,1778749200000,2026-05-14T17:00:00,17,47,4,0,Afternoon,36661895,11099483,47761378,45.5488,644.0195,CELLULAR,0.495,14.2
1051,1778752800000,2026-05-14T18:00:00,18,59,4,0,Evening,142454180,40539318,182993498,174.5162,818.5357,CELLULAR,0.666,3.0
1052,1778756400000,2026-05-14T19:00:00,19,8,4,0,Evening,121145546,14340015,135485561,129.2091,947.7448,CELLULAR,0.731,3.0
1053,1778760000000,2026-05-14T20:00:00,20,7,4,0,Evening,177872528,33717630,211590158,201.7881,1149.5329,CELLULAR,0.808,3.0
1054,1778763600000,2026-05-14T21:00:00,21,36,4,0,Evening,185451504,35517852,220969356,210.7328,1360.2657,CELLULAR,0.843,3.0
1055,1778767200000,2026-05-14T22:00:00,22,46,4,0,Evening,147201700,47542980,194744680,185.723,1545.9887,CELLULAR,0.571,19.5
1056,1778770800000,2026-05-14T23:00:00,23,39,4,0,Evening,81287586,19065855,100353441,95.7045,1641.6932,CELLULAR,0.813,34.7
1057,1778774400000,2026-05-15T00:00:00,0,38,5,0,Night,0,0,0,0.0,0.0,CELLULAR,0.013,96.0
1058,1778778000000,2026-05-15T01:00:00,1,4,5,0,Night,10264110,2785628,13049738,12.4452,12.4452,CELLULAR,0.043,100.0
1059,1778781600000,2026-05-15T02:00:00,2,33,5,0,Night,15414853,1848377,17263230,16.4635,28.9087,CELLULAR,0.029,100.0
1060,1778785200000,2026-05-15T03:00:00,3,23,5,0,Night,5723101,756574,6479675,6.1795,35.0882,CELLULAR,0.099,100.0
1061,1778788800000,2026-05-15T04:00:00,4,12,5,0,Night,14995424,3493592,18489016,17.6325,52.7207,CELLULAR,0.022,100.0
1062,1778792400000,2026-05-15T05:00:00,5,35,5,0,Night,11470124,2827209,14297333,13.635,66.3557,CELLULAR,0.083,100.0
1063,1778796000000,2026-05-15T06:00:00,6,14,5,0,Morning,49230280,9938766,59169046,56.428,122.7837,CELLULAR,0.441,100.0
1064,1778799600000,2026-05-15T07:00:00,7,57,5,0,Morning,12274548,2423341,14697889,14.017,136.8007,CELLULAR,0.234,93.6
1065,1778803200000,2026-05-15T08:00:00,8,40,5,0,Morning,50500444,14490925,64991369,61.9806,198.7813,CELLULAR,0.562,83.6
1066,1778806800000,2026-05-15T09:00:00,9,38,5,0,Morning,57546140,7928623,65474763,62.4416,261.2229,CELLULAR,0.49,73.6
1067,1778810400000,2026-05-15T10:00:00,10,13,5,0,Morning,20962530,5118805,26081335,24.8731,286.096,CELLULAR,0.25,66.3
1068,1778814000000,2026-05-15T11:00:00,11,40,5,0,Morning,29985021,4294815,34279836,32.6918,318.7878,CELLULAR,0.272,59.6
1069,1778817600000,2026-05-15T12:00:00,12,26,5,0,Afternoon,57458614,8473433,65932047,62.8777,381.6655,CELLULAR,0.575,47.3
1070,1778821200000,2026-05-15T13:00:00,13,28,5,0,Afternoon,28586253,6483161,35069414,33.4448,415.1103,CELLULAR,0.202,41.5
1071,1778824800000,2026-05-15T14:00:00,14,49,5,0,Afternoon,44338451,10966802,55305253,52.7432,467.8535,CELLULAR,0.532,32.7
1072,1778828400000,2026-05-15T15:00:00,15,2,5,0,Afternoon,26366627,7675812,34042439,32.4654,500.3189,CELLULAR,0.224,26.2
1073,1778832000000,2026-05-15T16:00:00,16,28,5,0,Afternoon,32899166,9719366,42618532,40.6442,540.9631,CELLULAR,0.425,19.7
1074,1778835600000,2026-05-15T17:00:00,17,27,5,0,Afternoon,56510812,8189787,64700599,61.7033,602.6664,CELLULAR,0.413,12.6
1075,1778839200000,2026-05-15T18:00:00,18,28,5,0,Evening,158595483,30533024,189128507,180.367,783.0334,CELLULAR,0.628,3.0
1076,1778842800000,2026-05-15T19:00:00,19,44,5,0,Evening,126084011,34193137,160277148,152.8522,935.8856,CELLULAR,0.816,3.0
1077,1778846400000,2026-05-15T20:00:00,20,8,5,0,Evening,176255721,24311597,200567318,191.2759,1127.1615,CELLULAR,0.626,3.0
1078,1778850000000,2026-05-15T21:00:00,21,50,5,0,Evening,175512316,48370404,223882720,213.5112,1340.6727,CELLULAR,0.895,3.0
1079,1778853600000,2026-05-15T22:00:00,22,41,5,0,Evening,118741386,38639176,157380562,150.0898,1490.7625,CELLULAR,0.538,26.4
1080,1778857200000,2026-05-15T23:00:00,23,42,5,0,Evening,86281703,19155759,105437462,100.553,1591.3155,CELLULAR,0.821,42.4
1081,1778860800000,2026-05-16T00:00:00,0,49,6,1,Night,50757647,11251782,62009429,59.1368,59.1368,CELLULAR,0.154,98.0
1082,1778864400000,2026-05-16T01:00:00,1,21,6,1,Night,50511139,11001684,61512823,58.6632,117.8,CELLULAR,0.244,100.0
1083,1778868000000,2026-05-16T02:00:00,2,28,6,1,Night,48044834,12778131,60822965,58.0053,175.8053,CELLULAR,0.102,100.0
1084,1778871600000,2026-05-16T03:00:00,3,35,6,1,Night,49319429,11859842,61179271,58.3451,234.1504,CELLULAR,0.123,100.0
1085,1778875200000,2026-05-16T04:00:00,4,41,6,1,Night,38978554,5207285,44185839,42.1389,276.2893,CELLULAR,0.083,100.0
1086,1778878800000,2026-05-16T05:00:00,5,17,6,1,Night,37010207,9847613,46857820,44.6871,320.9764,CELLULAR,0.226,100.0
1087,1778882400000,2026-05-16T06:00:00,6,15,6,1,Morning,98959940,11443368,110403308,105.2888,426.2652,CELLULAR,0.713,100.0
1088,1778886000000,2026-05-16T07:00:00,7,38,6,1,Morning,74944366,14837017,89781383,85.6222,511.8874,CELLULAR,0.447,93.8
1089,1778889600000,2026-05-16T08:00:00,8,27,6,1,Morning,75064288,20606318,95670606,91.2386,603.126,CELLULAR,0.528,83.7
1090,1778893200000,2026-05-16T09:00:00,9,44,6,1,Morning,104373375,13771360,118144735,112.6716,715.7976,CELLULAR,0.614,71.6
1091,1778896800000,2026-05-16T10:00:00,10,20,6,1,Morning,96563095,18621405,115184500,109.8485,825.6461,CELLULAR,0.657,63.7
1092,1778900400000,2026-05-16T11:00:00,11,49,6,1,Morning,91368362,25079043,116447405,111.0529,936.699,CELLULAR,0.576,53.6
1093,1778904000000,2026-05-16T12:00:00,12,46,6,1,Afternoon,76865421,20142329,97007750,92.5138,1029.2128,CELLULAR,0.494,42.7
1094,1778907600000,2026-05-16T13:00:00,13,27,6,1,Afternoon,78225336,16852929,95078265,90.6737,1119.8865,CELLULAR,0.626,30.5
1095,1778911200000,2026-05-16T14:00:00,14,24,6,1,Afternoon,84117317,25992075,110109392,105.0085,1224.895,CELLULAR,0.731,19.2
1096,1778914800000,2026-05-16T15:00:00,15,57,6,1,Afternoon,116942303,14226585,131168888,125.0924,1349.9874,CELLULAR,0.669,11.0
1097,1778918400000,2026-05-16T16:00:00,16,9,6,1,Afternoon,61955135,13328637,75283772,71.7962,1421.7836,CELLULAR,0.473,4.0
1098,1778922000000,2026-05-16T17:00:00,17,42,6,1,Afternoon,52950509,15274773,68225282,65.0647,1486.8483,CELLULAR,0.374,3.0
1099,1778925600000,2026-05-16T18:00:00,18,19,6,1,Evening,197071092,42909995,239981087,228.8638,1715.7121,CELLULAR,0.877,3.0
1100,1778929200000,2026-05-16T19:00:00,19,15,6,1,Evening,242124275,47257954,289382229,275.9764,1991.6885,CELLULAR,1.0,3.0
1101,1778932800000,2026-05-16T20:00:00,20,6,6,1,Evening,248324482,29507787,277832269,264.9615,2256.65,CELLULAR,0.757,3.0
1102,1778936400000,2026-05-16T21:00:00,21,53,6,1,Evening,168780548,27222213,196002761,186.9228,2443.5728,CELLULAR,0.831,3.0
1103,1778940000000,2026-05-16T22:00:00,22,56,6,1,Evening,173917867,44288596,218206463,208.0979,2651.6707,CELLULAR,0.952,18.3
1104,1778943600000,2026-05-16T23:00:00,23,59,6,1,Evening,121335502,22348560,143684062,137.0278,2788.6985,CELLULAR,0.739,35.9
1105,1778947200000,2026-05-17T00:00:00,0,1,7,1,Night,31746848,9520279,41267127,39.3554,39.3554,CELLULAR,0.124,97.0
1106,1778950800000,2026-05-17T01:00:00,1,53,7,1,Night,11948101,2098203,14046304,13.3956,52.751,CELLULAR,0.077,100.0
1107,1778954400000,2026-05-17T02:00:00,2,9,7,1,Night,46874391,15098862,61973253,59.1023,111.8533,CELLULAR,0.148,100.0
1108,1778958000000,2026-05-17T03:00:00,3,27,7,1,Night,25055776,4364225,29420001,28.0571,139.9104,CELLULAR,0.141,100.0
1109,1778961600000,2026-05-17T04:00:00,4,28,7,1,Night,46254926,8068860,54323786,51.8072,191.7176,CELLULAR,0.247,100.0
1110,1778965200000,2026-05-17T05:00:00,5,9,7,1,Night,39048049,8216619,47264668,45.0751,236.7927,CELLULAR,0.091,100.0
1111,1778968800000,2026-05-17T06:00:00,6,39,7,1,Morning,50972877,12968763,63941640,60.9795,297.7722,CELLULAR,0.417,100.0
1112,1778972400000,2026-05-17T07:00:00,7,38,7,1,Morning,76964271,8772545,85736816,81.765,379.5372,CELLULAR,0.512,89.8
1113,1778976000000,2026-05-17T08:00:00,8,52,7,1,Morning,94226242,15344602,109570844,104.4949,484.0321,CELLULAR,0.672,80.0
1114,1778979600000,2026-05-17T09:00:00,9,16,7,1,Morning,82631618,19355924,101987542,97.2629,581.295,CELLULAR,0.426,69.6
1115,1778983200000,2026-05-17T10:00:00,10,41,7,1,Morning,93851109,14130198,107981307,102.979,684.274,CELLULAR,0.495,60.9
1116,1778986800000,2026-05-17T11:00:00,11,45,7,1,Morning,58719091,15076437,73795528,70.3769,754.6509,CELLULAR,0.525,51.6
1117,1778990400000,2026-05-17T12:00:00,12,1,7,1,Afternoon,70694394,12616961,83311355,79.4519,834.1028,CELLULAR,0.395,44.2
1118,1778994000000,2026-05-17T13:00:00,13,15,7,1,Afternoon,84581312,14404786,98986098,94.4005,928.5033,CELLULAR,0.565,36.1
1119,1778997600000,2026-05-17T14:00:00,14,55,7,1,Afternoon,82769625,12433945,95203570,90.7932,1019.2965,CELLULAR,0.614,26.0
1120,1779001200000,2026-05-17T15:00:00,15,21,7,1,Afternoon,52744282,8427020,61171302,58.3375,1077.634,CELLULAR,0.333,19.0
1121,1779004800000,2026-05-17T16:00:00,16,28,7,1,Afternoon,50409227,11979786,62389013,59.4988,1137.1328,CELLULAR,0.388,11.2
1122,1779008400000,2026-05-17T17:00:00,17,17,7,1,Afternoon,78512297,23744624,102256921,97.5198,1234.6526,CELLULAR,0.471,4.6
1123,1779012000000,2026-05-17T18:00:00,18,40,7,1,Evening,194238565,29295608,223534173,213.1788,1447.8314,CELLULAR,0.64,3.0
1124,1779015600000,2026-05-17T19:00:00,19,24,7,1,Evening,195621928,40172405,235794333,224.871,1672.7024,CELLULAR,0.864,3.0
1125,1779019200000,2026-05-17T20:00:00,20,52,7,1,Evening,223059658,74134357,297194015,283.4263,1956.1287,CELLULAR,1.0,3.0
1126,1779022800000,2026-05-17T21:00:00,21,7,7,1,Evening,166103452,29495503,195598955,186.5377,2142.6664,CELLULAR,0.864,3.0
1127,1779026400000,2026-05-17T22:00:00,22,4,7,1,Evening,191471417,28316823,219788240,209.6064,2352.2728,CELLULAR,0.787,24.1
1128,1779030000000,2026-05-17T23:00:00,23,14,7,1,Evening,97095264,20273944,117369208,111.932,2464.2048,CELLULAR,0.663,47.1
1129,1779033600000,2026-05-18T00:00:00,0,10,1,0,Night,0,0,0,0.0,0.0,CELLULAR,0.091,96.0
1130,1779037200000,2026-05-18T01:00:00,1,19,1,0,Night,0,0,0,0.0,0.0,CELLULAR,0.04,100.0
1131,1779040800000,2026-05-18T02:00:00,2,43,1,0,Night,13237667,1712090,14949757,14.2572,14.2572,CELLULAR,0.072,100.0
1132,1779044400000,2026-05-18T03:00:00,3,36,1,0,Night,18013941,4390353,22404294,21.3664,35.6236,CELLULAR,0.085,100.0
1133,1779048000000,2026-05-18T04:00:00,4,14,1,0,Night,16097481,1911602,18009083,17.1748,52.7984,CELLULAR,0.042,100.0
1134,1779051600000,2026-05-18T05:00:00,5,41,1,0,Night,11997816,3969689,15967505,15.2278,68.0262,CELLULAR,0.099,100.0
1135,1779055200000,2026-05-18T06:00:00,6,26,1,0,Morning,26224315,8520355,34744670,33.1351,101.1613,CELLULAR,0.335,100.0
1136,1779058800000,2026-05-18T07:00:00,7,51,1,0,Morning,42612524,6505397,49117921,46.8425,148.0038,CELLULAR,0.514,90.1
1137,1779062400000,2026-05-18T08:00:00,8,39,1,0,Morning,48779097,11721641,60500738,57.698,205.7018,CELLULAR,0.594,82.1
1138,1779066000000,2026-05-18T09:00:00,9,49,1,0,Morning,60823974,8056354,68880328,65.6894,271.3912,CELLULAR,0.583,70.6
1139,1779069600000,2026-05-18T10:00:00,10,11,1,0,Morning,50266627,13900666,64167293,61.1947,332.5859,CELLULAR,0.445,64.1
1140,1779073200000,2026-05-18T11:00:00,11,30,1,0,Morning,46668598,8010131,54678729,52.1457,384.7316,CELLULAR,0.36,57.5
1141,1779076800000,2026-05-18T12:00:00,12,9,1,0,Afternoon,23712099,5819785,29531884,28.1638,412.8954,CELLULAR,0.2,52.4
1142,1779080400000,2026-05-18T13:00:00,13,55,1,0,Afternoon,31519593,9387349,40906942,39.0119,451.9073,CELLULAR,0.271,47.6
1143,1779084000000,2026-05-18T14:00:00,14,51,1,0,Afternoon,31295827,4469527,35765354,34.1085,486.0158,CELLULAR,0.371,42.3
1144,1779087600000,2026-05-18T15:00:00,15,33,1,0,Afternoon,48074185,13629164,61703349,58.8449,544.8607,CELLULAR,0.493,33.0
1145,1779091200000,2026-05-18T16:00:00,16,15,1,0,Afternoon,63742798,8175359,71918157,68.5865,613.4472,CELLULAR,0.55,23.1
1146,1779094800000,2026-05-18T17:00:00,17,18,1,0,Afternoon,31310183,10382247,41692430,39.761,653.2082,CELLULAR,0.334,16.7
1147,1779098400000,2026-05-18T18:00:00,18,46,1,0,Evening,165842528,29494178,195336706,186.2876,839.4958,CELLULAR,0.753,4.8
1148,1779102000000,2026-05-18T19:00:00,19,54,1,0,Evening,142506499,21042416,163548915,155.9724,995.4682,CELLULAR,0.567,3.0
1149,1779105600000,2026-05-18T20:00:00,20,50,1,0,Evening,193324717,34792467,228117184,217.5495,1213.0177,CELLULAR,0.888,3.0
1150,1779109200000,2026-05-18T21:00:00,21,9,1,0,Evening,184314918,38023459,222338377,212.0384,1425.0561,CELLULAR,0.626,3.0
1151,1779112800000,2026-05-18T22:00:00,22,57,1,0,Evening,131528687,37617946,169146633,161.3108,1586.3669,CELLULAR,0.659,23.1
1152,1779116400000,2026-05-18T23:00:00,23,2,1,0,Evening,66544463,13841575,80386038,76.6621,1663.029,CELLULAR,0.663,46.4
1153,1779120000000,2026-05-19T00:00:00,0,2,2,0,Night,10037510,2286194,12323704,11.7528,11.7528,CELLULAR,0.04,97.0
1154,1779123600000,2026-05-19T01:00:00,1,55,2,0,Night,0,0,0,0.0,11.7528,CELLULAR,0.074,100.0
1155,1779127200000,2026-05-19T02:00:00,2,9,2,0,Night,14519865,3881280,18401145,17.5487,29.3015,CELLULAR,0.023,100.0
1156,1779130800000,2026-05-19T03:00:00,3,51,2,0,Night,16878073,4187504,21065577,20.0897,49.3912,CELLULAR,0.085,100.0
1157,1779134400000,2026-05-19T04:00:00,4,27,2,0,Night,0,0,0,0.0,49.3912,CELLULAR,0.013,100.0
1158,1779138000000,2026-05-19T05:00:00,5,48,2,0,Night,9830815,2894598,12725413,12.1359,61.5271,CELLULAR,0.043,100.0
1159,1779141600000,2026-05-19T06:00:00,6,55,2,0,Morning,51846402,11230267,63076669,60.1546,121.6817,CELLULAR,0.419,100.0
1160,1779145200000,2026-05-19T07:00:00,7,50,2,0,Morning,35678297,5790996,41469293,39.5482,161.2299,CELLULAR,0.433,91.2
1161,1779148800000,2026-05-19T08:00:00,8,18,2,0,Morning,52388825,9160908,61549733,58.6984,219.9283,CELLULAR,0.49,83.0
1162,1779152400000,2026-05-19T09:00:00,9,46,2,0,Morning,62250207,12057760,74307967,70.8656,290.7939,CELLULAR,0.56,72.9
1163,1779156000000,2026-05-19T10:00:00,10,28,2,0,Morning,27048039,5820519,32868558,31.3459,322.1398,CELLULAR,0.377,66.1
1164,1779159600000,2026-05-19T11:00:00,11,32,2,0,Morning,23360667,6664363,30025030,28.6341,350.7739,CELLULAR,0.213,60.9
1165,1779163200000,2026-05-19T12:00:00,12,14,2,0,Afternoon,28827942,3866762,32694704,31.1801,381.954,CELLULAR,0.201,57.4
1166,1779166800000,2026-05-19T13:00:00,13,4,2,0,Afternoon,39334109,12889694,52223803,49.8045,431.7585,CELLULAR,0.507,47.9
1167,1779170400000,2026-05-19T14:00:00,14,18,2,0,Afternoon,62184392,11727633,73912025,70.488,502.2465,CELLULAR,0.513,41.1
1168,1779174000000,2026-05-19T15:00:00,15,0,2,0,Afternoon,52646299,8445311,61091610,58.2615,560.508,CELLULAR,0.417,33.1
1169,1779177600000,2026-05-19T16:00:00,16,21,2,0,Afternoon,23771714,5925426,29697140,28.3214,588.8294,CELLULAR,0.237,28.3
1170,1779181200000,2026-05-19T17:00:00,17,24,2,0,Afternoon,23768978,3700672,27469650,26.1971,615.0265,CELLULAR,0.339,21.9
1171,1779184800000,2026-05-19T18:00:00,18,53,2,0,Evening,160798599,33545315,194343914,185.3408,800.3673,CELLULAR,0.85,5.2
1172,1779188400000,2026-05-19T19:00:00,19,32,2,0,Evening,199346982,33631295,232978277,222.1854,1022.5527,CELLULAR,0.886,3.0
1173,1779192000000,2026-05-19T20:00:00,20,59,2,0,Evening,187024253,61355823,248380076,236.8737,1259.4264,CELLULAR,0.725,3.0
1174,1779195600000,2026-05-19T21:00:00,21,25,2,0,Evening,187796216,55849749,243645965,232.3589,1491.7853,CELLULAR,0.848,3.0
1175,1779199200000,2026-05-19T22:00:00,22,56,2,0,Evening,180318853,53887097,234205950,223.3562,1715.1415,CELLULAR,0.665,21.2
1176,1779202800000,2026-05-19T23:00:00,23,21,2,0,Evening,66650470,17896946,84547416,80.6307,1795.7722,CELLULAR,0.767,41.7
1177,1779206400000,2026-05-20T00:00:00,0,54,3,0,Night,5050985,1647003,6697988,6.3877,6.3877,CELLULAR,0.098,99.0
1178,1779210000000,2026-05-20T01:00:00,1,56,3,0,Night,14045318,2650843,16696161,15.9227,22.3104,CELLULAR,0.021,100.0
1179,1779213600000,2026-05-20T02:00:00,2,18,3,0,Night,8622844,1035904,9658748,9.2113,31.5217,CELLULAR,0.06,100.0
1180,1779217200000,2026-05-20T03:00:00,3,22,3,0,Night,0,0,0,0.0,31.5217,CELLULAR,0.012,100.0
1181,1779220800000,2026-05-20T04:00:00,4,27,3,0,Night,14485316,3660396,18145712,17.3051,48.8268,CELLULAR,0.02,100.0
1182,1779224400000,2026-05-20T05:00:00,5,9,3,0,Night,20387535,4259243,24646778,23.505,72.3318,CELLULAR,0.085,100.0
1183,1779228000000,2026-05-20T06:00:00,6,5,3,0,Morning,66023443,11873800,77897243,74.2886,146.6204,CELLULAR,0.547,100.0
1184,1779231600000,2026-05-20T07:00:00,7,40,3,0,Morning,63554766,10315630,73870396,70.4483,217.0687,CELLULAR,0.5,89.8
1185,1779235200000,2026-05-20T08:00:00,8,43,3,0,Morning,24637174,4135961,28773135,27.4402,244.5089,CELLULAR,0.26,83.2
1186,1779238800000,2026-05-20T09:00:00,9,3,3,0,Morning,39402129,12187600,51589729,49.1998,293.7087,CELLULAR,0.528,73.0
1187,1779242400000,2026-05-20T10:00:00,10,5,3,0,Morning,43785199,8843145,52628344,50.1903,343.899,CELLULAR,0.48,64.2
1188,1779246000000,2026-05-20T11:00:00,11,22,3,0,Morning,13589446,4114291,17703737,16.8836,360.7826,CELLULAR,0.209,59.6
1189,1779249600000,2026-05-20T12:00:00,12,39,3,0,Afternoon,54265017,10530373,64795390,61.7937,422.5763,CELLULAR,0.518,51.3
1190,1779253200000,2026-05-20T13:00:00,13,50,3,0,Afternoon,31359588,10062938,41422526,39.5036,462.0799,CELLULAR,0.225,45.5
1191,1779256800000,2026-05-20T14:00:00,14,33,3,0,Afternoon,44218863,12174183,56393046,53.7806,515.8605,CELLULAR,0.444,36.7
1192,1779260400000,2026-05-20T15:00:00,15,24,3,0,Afternoon,36057964,7795791,43853755,41.8222,557.6827,CELLULAR,0.267,31.0
1193,1779264000000,2026-05-20T16:00:00,16,58,3,0,Afternoon,41936143,10880734,52816877,50.3701,608.0528,CELLULAR,0.434,20.6
1194,1779267600000,2026-05-20T17:00:00,17,59,3,0,Afternoon,38702795,8706366,47409161,45.2129,653.2657,CELLULAR,0.472,11.2
1195,1779271200000,2026-05-20T18:00:00,18,37,3,0,Evening,178488227,39158506,217646733,207.5641,860.8298,CELLULAR,0.893,3.0
1196,1779274800000,2026-05-20T19:00:00,19,10,3,0,Evening,120844097,19199938,140044035,133.5564,994.3862,CELLULAR,0.583,3.0
1197,1779278400000,2026-05-20T20:00:00,20,21,3,0,Evening,138686140,44699840,183385980,174.8905,1169.2767,CELLULAR,0.898,3.0
1198,1779282000000,2026-05-20T21:00:00,21,31,3,0,Evening,102270468,23796783,126067251,120.2271,1289.5038,CELLULAR,0.51,3.0
1199,1779285600000,2026-05-20T22:00:00,22,50,3,0,Evening,173662353,25683688,199346041,190.1112,1479.615,CELLULAR,0.695,24.0
1200,1779289200000,2026-05-20T23:00:00,23,48,3,0,Evening,68942885,12439824,81382709,77.6126,1557.2276,CELLULAR,0.59,44.5
1201,1779292800000,2026-05-21T00:00:00,0,33,4,0,Night,18962340,3282570,22244910,21.2144,21.2144,CELLULAR,0.061,95.0
1202,1779296400000,2026-05-21T01:00:00,1,14,4,0,Night,6453070,1955670,8408740,8.0192,29.2336,CELLULAR,0.032,100.0
1203,1779300000000,2026-05-21T02:00:00,2,44,4,0,Night,9279341,2096135,11375476,10.8485,40.0821,CELLULAR,0.015,100.0
1204,1779303600000,2026-05-21T03:00:00,3,8,4,0,Night,8609662,1098369,9708031,9.2583,49.3404,CELLULAR,0.089,100.0
1205,1779307200000,2026-05-21T04:00:00,4,16,4,0,Night,6117243,1428519,7545762,7.1962,56.5366,CELLULAR,0.091,100.0
1206,1779310800000,2026-05-21T05:00:00,5,50,4,0,Night,0,0,0,0.0,56.5366,CELLULAR,0.048,100.0
1207,1779314400000,2026-05-21T06:00:00,6,37,4,0,Morning,11497925,3642044,15139969,14.4386,70.9752,CELLULAR,0.208,100.0
1208,1779318000000,2026-05-21T07:00:00,7,43,4,0,Morning,31571148,10126525,41697673,39.766,110.7412,CELLULAR,0.221,93.9
1209,1779321600000,2026-05-21T08:00:00,8,33,4,0,Morning,50686282,11280050,61966332,59.0957,169.8369,CELLULAR,0.5,83.4
1210,1779325200000,2026-05-21T09:00:00,9,55,4,0,Morning,35348707,8425670,43774377,41.7465,211.5834,CELLULAR,0.411,74.5
1211,1779328800000,2026-05-21T10:00:00,10,33,4,0,Morning,52706923,15661909,68368832,65.2016,276.785,CELLULAR,0.551,65.9
1212,1779332400000,2026-05-21T11:00:00,11,52,4,0,Morning,58984812,11152863,70137675,66.8885,343.6735,CELLULAR,0.555,54.1
1213,1779336000000,2026-05-21T12:00:00,12,46,4,0,Afternoon,50688142,16012301,66700443,63.6105,407.284,CELLULAR,0.52,44.7
1214,1779339600000,2026-05-21T13:00:00,13,10,4,0,Afternoon,36663334,11369101,48032435,45.8073,453.0913,CELLULAR,0.366,37.2
1215,1779343200000,2026-05-21T14:00:00,14,5,4,0,Afternoon,21652210,5443098,27095308,25.8401,478.9314,CELLULAR,0.278,32.3
1216,1779346800000,2026-05-21T15:00:00,15,21,4,0,Afternoon,28868925,6197343,35066268,33.4418,512.3732,CELLULAR,0.232,26.7
1217,1779350400000,2026-05-21T16:00:00,16,21,4,0,Afternoon,31267138,5835989,37103127,35.3843,547.7575,CELLULAR,0.413,18.0
1218,1779354000000,2026-05-21T17:00:00,17,15,4,0,Afternoon,53750954,12757390,66508344,63.4273,611.1848,CELLULAR,0.465,8.9
1219,1779357600000,2026-05-21T18:00:00,18,40,4,0,Evening,173251313,24977995,198229308,189.0462,800.231,CELLULAR,0.715,3.0
1220,1779361200000,2026-05-21T19:00:00,19,14,4,0,Evening,208092706,25046318,233139024,222.3387,1022.5697,CELLULAR,0.614,3.0
1221,1779364800000,2026-05-21T20:00:00,20,25,4,0,Evening,201869311,31860271,233729582,222.9019,1245.4716,CELLULAR,0.77,3.0
1222,1779368400000,2026-05-21T21:00:00,21,40,4,0,Evening,153368588,41900904,195269492,186.2235,1431.6951,CELLULAR,0.538,3.0
1223,1779372000000,2026-05-21T22:00:00,22,44,4,0,Evening,177903568,43661903,221565471,211.3013,1642.9964,CELLULAR,0.531,19.7
1224,1779375600000,2026-05-21T23:00:00,23,50,4,0,Evening,64384209,18055674,82439883,78.6208,1721.6172,CELLULAR,0.691,39.7
1225,1779379200000,2026-05-22T00:00:00,0,47,5,0,Night,11657805,1471729,13129534,12.5213,12.5213,CELLULAR,0.057,98.0
1226,1779382800000,2026-05-22T01:00:00,1,56,5,0,Night,7326495,2307716,9634211,9.1879,21.7092,CELLULAR,0.099,100.0
1227,1779386400000,2026-05-22T02:00:00,2,4,5,0,Night,14036600,3303911,17340511,16.5372,38.2464,CELLULAR,0.04,100.0
1228,1779390000000,2026-05-22T03:00:00,3,35,5,0,Night,13178628,2434144,15612772,14.8895,53.1359,CELLULAR,0.015,100.0
1229,1779393600000,2026-05-22T04:00:00,4,11,5,0,Night,14323340,2139408,16462748,15.7001,68.836,CELLULAR,0.04,100.0
1230,1779397200000,2026-05-22T05:00:00,5,3,5,0,Night,2189831,609447,2799278,2.6696,71.5056,CELLULAR,0.04,100.0
1231,1779400800000,2026-05-22T06:00:00,6,5,5,0,Morning,49795869,12189023,61984892,59.1134,130.619,CELLULAR,0.511,100.0
1232,1779404400000,2026-05-22T07:00:00,7,45,5,0,Morning,11279959,3129152,14409111,13.7416,144.3606,CELLULAR,0.232,95.1
1233,1779408000000,2026-05-22T08:00:00,8,53,5,0,Morning,57204021,6875087,64079108,61.1106,205.4712,CELLULAR,0.456,84.9
1234,1779411600000,2026-05-22T09:00:00,9,29,5,0,Morning,32226831,6821719,39048550,37.2396,242.7108,CELLULAR,0.337,78.6
1235,1779415200000,2026-05-22T10:00:00,10,9,5,0,Morning,43575311,6331558,49906869,47.5949,290.3057,CELLULAR,0.272,73.1
1236,1779418800000,2026-05-22T11:00:00,11,0,5,0,Morning,59126599,12418160,71544759,68.2304,358.5361,CELLULAR,0.446,65.0
1237,1779422400000,2026-05-22T12:00:00,12,57,5,0,Afternoon,46158548,14025729,60184277,57.3962,415.9323,CELLULAR,0.512,55.1
1238,1779426000000,2026-05-22T13:00:00,13,31,5,0,Afternoon,41448860,7620302,49069162,46.796,462.7283,CELLULAR,0.422,46.3
1239,1779429600000,2026-05-22T14:00:00,14,43,5,0,Afternoon,30277703,8185008,38462711,36.6809,499.4092,CELLULAR,0.3,41.0
1240,1779433200000,2026-05-22T15:00:00,15,36,5,0,Afternoon,43218654,8536750,51755404,49.3578,548.767,CELLULAR,0.303,35.9
1241,1779436800000,2026-05-22T16:00:00,16,23,5,0,Afternoon,34342273,8472972,42815245,40.8318,589.5988,CELLULAR,0.446,29.2
1242,1779440400000,2026-05-22T17:00:00,17,11,5,0,Afternoon,46744648,9389190,56133838,53.5334,643.1322,CELLULAR,0.371,19.8
1243,1779444000000,2026-05-22T18:00:00,18,11,5,0,Evening,133779243,26434571,160213814,152.7918,795.924,CELLULAR,0.711,9.1
1244,1779447600000,2026-05-22T19:00:00,19,34,5,0,Evening,172432464,19285606,191718070,182.8366,978.7606,CELLULAR,0.7,3.0
1245,1779451200000,2026-05-22T20:00:00,20,32,5,0,Evening,173293904,46854836,220148740,209.9502,1188.7108,CELLULAR,0.57,3.0
1246,1779454800000,2026-05-22T21:00:00,21,24,5,0,Evening,145766483,30137069,175903552,167.7547,1356.4655,CELLULAR,0.766,3.0
1247,1779458400000,2026-05-22T22:00:00,22,38,5,0,Evening,142532826,32699323,175232149,167.1144,1523.5799,CELLULAR,0.591,22.5
1248,1779462000000,2026-05-22T23:00:00,23,11,5,0,Evening,91303128,13543881,104847009,99.9899,1623.5698,CELLULAR,0.888,40.3
1249,1779465600000,2026-05-23T00:00:00,0,6,6,1,Night,49895637,16354443,66250080,63.181,63.181,CELLULAR,0.163,99.0
1250,1779469200000,2026-05-23T01:00:00,1,54,6,1,Night,49796573,16534876,66331449,63.2586,126.4396,CELLULAR,0.164,100.0
1251,1779472800000,2026-05-23T02:00:00,2,0,6,1,Night,32629704,6283265,38912969,37.1103,163.5499,CELLULAR,0.138,100.0
1252,1779476400000,2026-05-23T03:00:00,3,1,6,1,Night,34861486,9296041,44157527,42.1119,205.6618,CELLULAR,0.157,100.0
1253,1779480000000,2026-05-23T04:00:00,4,21,6,1,Night,44754217,10059673,54813890,52.2746,257.9364,CELLULAR,0.266,100.0
1254,1779483600000,2026-05-23T05:00:00,5,38,6,1,Night,45396209,10305196,55701405,53.121,311.0574,CELLULAR,0.237,100.0
1255,1779487200000,2026-05-23T06:00:00,6,58,6,1,Morning,63976969,11262553,75239522,71.754,382.8114,CELLULAR,0.573,100.0
1256,1779490800000,2026-05-23T07:00:00,7,37,6,1,Morning,72199534,15840794,88040328,83.9618,466.7732,CELLULAR,0.547,89.3
1257,1779494400000,2026-05-23T08:00:00,8,30,6,1,Morning,88054535,19380674,107435209,102.4582,569.2314,CELLULAR,0.686,77.4
1258,1779498000000,2026-05-23T09:00:00,9,59,6,1,Morning,101085898,15646825,116732723,111.325,680.5564,CELLULAR,0.689,67.1
1259,1779501600000,2026-05-23T10:00:00,10,42,6,1,Morning,58503761,14343749,72847510,69.4728,750.0292,CELLULAR,0.357,60.4
1260,1779505200000,2026-05-23T11:00:00,11,19,6,1,Morning,65991826,13735182,79727008,76.0336,826.0628,CELLULAR,0.473,51.3
1261,1779508800000,2026-05-23T12:00:00,12,5,6,1,Afternoon,87619967,11363090,98983057,94.3976,920.4604,CELLULAR,0.605,41.2
1262,1779512400000,2026-05-23T13:00:00,13,39,6,1,Afternoon,91568834,16129672,107698506,102.7093,1023.1697,CELLULAR,0.585,30.6
1263,1779516000000,2026-05-23T14:00:00,14,30,6,1,Afternoon,57138288,10839845,67978133,64.829,1087.9987,CELLULAR,0.446,20.5
1264,1779519600000,2026-05-23T15:00:00,15,7,6,1,Afternoon,84354586,21331493,105686079,100.7901,1188.7888,CELLULAR,0.684,10.0
1265,1779523200000,2026-05-23T16:00:00,16,34,6,1,Afternoon,65662698,8894201,74556899,71.103,1259.8918,CELLULAR,0.445,3.0
1266,1779526800000,2026-05-23T17:00:00,17,57,6,1,Afternoon,51499685,16149090,67648775,64.5149,1324.4067,CELLULAR,0.411,3.0
1267,1779530400000,2026-05-23T18:00:00,18,27,6,1,Evening,144838362,26126711,170965073,163.045,1487.4517,CELLULAR,0.853,3.0
1268,1779534000000,2026-05-23T19:00:00,19,28,6,1,Evening,167117330,19064259,186181589,177.5566,1665.0083,CELLULAR,0.681,3.0
1269,1779537600000,2026-05-23T20:00:00,20,22,6,1,Evening,181552289,39830521,221382810,211.1271,1876.1354,CELLULAR,0.869,3.0
1270,1779541200000,2026-05-23T21:00:00,21,7,6,1,Evening,205981613,68402624,274384237,261.6732,2137.8086,CELLULAR,0.872,3.0
1271,1779544800000,2026-05-23T22:00:00,22,22,6,1,Evening,232042677,62160800,294203477,280.5743,2418.3829,CELLULAR,0.992,20.4
1272,1779548400000,2026-05-23T23:00:00,23,15,6,1,Evening,118809893,15780498,134590391,128.3554,2546.7383,CELLULAR,0.753,41.9
1273,1779552000000,2026-05-24T00:00:00,0,50,7,1,Night,56013408,11837113,67850521,64.7073,64.7073,CELLULAR,0.251,98.0
1274,1779555600000,2026-05-24T01:00:00,1,39,7,1,Night,31580974,5011602,36592576,34.8974,99.6047,CELLULAR,0.227,100.0
1275,1779559200000,2026-05-24T02:00:00,2,10,7,1,Night,21606078,6477199,28083277,26.7823,126.387,CELLULAR,0.184,100.0
1276,1779562800000,2026-05-24T03:00:00,3,43,7,1,Night,45043095,5220605,50263700,47.9352,174.3222,CELLULAR,0.21,100.0
1277,1779566400000,2026-05-24T04:00:00,4,35,7,1,Night,63497476,8325890,71823366,68.4961,242.8183,CELLULAR,0.253,100.0
1278,1779570000000,2026-05-24T05:00:00,5,10,7,1,Night,33348502,6588612,39937114,38.087,280.9053,CELLULAR,0.152,100.0
1279,1779573600000,2026-05-24T06:00:00,6,3,7,1,Morning,86423420,25841006,112264426,107.0637,387.969,CELLULAR,0.647,100.0
1280,1779577200000,2026-05-24T07:00:00,7,54,7,1,Morning,44674394,11588524,56262918,53.6565,441.6255,CELLULAR,0.368,94.4
1281,1779580800000,2026-05-24T08:00:00,8,13,7,1,Morning,69211192,16057225,85268417,81.3183,522.9438,CELLULAR,0.608,82.8
1282,1779584400000,2026-05-24T09:00:00,9,40,7,1,Morning,67918666,10020520,77939186,74.3286,597.2724,CELLULAR,0.348,75.7
1283,1779588000000,2026-05-24T10:00:00,10,12,7,1,Morning,106954384,12288420,119242804,113.7188,710.9912,CELLULAR,0.526,64.2
1284,1779591600000,2026-05-24T11:00:00,11,25,7,1,Morning,66353677,16360304,82713981,78.8822,789.8734,CELLULAR,0.44,56.6
1285,1779595200000,2026-05-24T12:00:00,12,50,7,1,Afternoon,39694779,8315950,48010729,45.7866,835.66,CELLULAR,0.354,50.2
1286,1779598800000,2026-05-24T13:00:00,13,2,7,1,Afternoon,72590153,21190604,93780757,89.4363,925.0963,CELLULAR,0.397,43.2
1287,1779602400000,2026-05-24T14:00:00,14,20,7,1,Afternoon,62609191,9465624,72074815,68.7359,993.8322,CELLULAR,0.527,34.2
1288,1779606000000,2026-05-24T15:00:00,15,54,7,1,Afternoon,61598999,20063051,81662050,77.879,1071.7112,CELLULAR,0.337,25.7
1289,1779609600000,2026-05-24T16:00:00,16,14,7,1,Afternoon,111286380,22481613,133767993,127.5711,1199.2823,CELLULAR,0.633,16.4
1290,1779613200000,2026-05-24T17:00:00,17,9,7,1,Afternoon,88753904,12223859,100977763,96.2999,1295.5822,CELLULAR,0.702,5.6
1291,1779616800000,2026-05-24T18:00:00,18,8,7,1,Evening,255784465,35192543,290977008,277.4973,1573.0795,CELLULAR,0.882,3.0
1292,1779620400000,2026-05-24T19:00:00,19,17,7,1,Evening,200604708,55676074,256280782,244.4084,1817.4879,CELLULAR,1.0,3.0
1293,1779624000000,2026-05-24T20:00:00,20,20,7,1,Evening,144313919,30692471,175006390,166.8991,1984.387,CELLULAR,0.646,3.0
1294,1779627600000,2026-05-24T21:00:00,21,14,7,1,Evening,229911392,28155744,258067136,246.112,2230.499,CELLULAR,0.973,3.0
1295,1779631200000,2026-05-24T22:00:00,22,37,7,1,Evening,160230024,20852025,181082049,172.6933,2403.1923,CELLULAR,0.707,28.0
1296,1779634800000,2026-05-24T23:00:00,23,17,7,1,Evening,116999515,26289234,143288749,136.6508,2539.8431,CELLULAR,0.871,50.3
1297,1779638400000,2026-05-25T00:00:00,0,13,1,0,Night,0,0,0,0.0,0.0,CELLULAR,0.015,99.0
1298,1779642000000,2026-05-25T01:00:00,1,27,1,0,Night,20047860,5989435,26037295,24.8311,24.8311,CELLULAR,0.094,100.0
1299,1779645600000,2026-05-25T02:00:00,2,23,1,0,Night,14479838,1790076,16269914,15.5162,40.3473,CELLULAR,0.034,100.0
1300,1779649200000,2026-05-25T03:00:00,3,21,1,0,Night,4049354,654662,4704016,4.4861,44.8334,CELLULAR,0.099,100.0
1301,1779652800000,2026-05-25T04:00:00,4,24,1,0,Night,0,0,0,0.0,44.8334,CELLULAR,0.093,100.0
1302,1779656400000,2026-05-25T05:00:00,5,8,1,0,Night,20282025,4175066,24457091,23.3241,68.1575,CELLULAR,0.07,100.0
1303,1779660000000,2026-05-25T06:00:00,6,57,1,0,Morning,37784823,10274246,48059069,45.8327,113.9902,CELLULAR,0.409,100.0
1304,1779663600000,2026-05-25T07:00:00,7,52,1,0,Morning,34454965,4138923,38593888,36.806,150.7962,CELLULAR,0.292,93.2
1305,1779667200000,2026-05-25T08:00:00,8,57,1,0,Morning,36718754,5298105,42016859,40.0704,190.8666,CELLULAR,0.417,86.1
1306,1779670800000,2026-05-25T09:00:00,9,45,1,0,Morning,43199912,6376446,49576358,47.2797,238.1463,CELLULAR,0.319,80.6
1307,1779674400000,2026-05-25T10:00:00,10,25,1,0,Morning,12382217,1704248,14086465,13.4339,251.5802,CELLULAR,0.227,74.2
1308,1779678000000,2026-05-25T11:00:00,11,16,1,0,Morning,40686916,8824955,49511871,47.2182,298.7984,CELLULAR,0.386,65.5
1309,1779681600000,2026-05-25T12:00:00,12,10,1,0,Afternoon,51841193,15554980,67396173,64.274,363.0724,CELLULAR,0.597,53.4
1310,1779685200000,2026-05-25T13:00:00,13,49,1,0,Afternoon,43501822,11238983,54740805,52.2049,415.2773,CELLULAR,0.507,45.2
1311,1779688800000,2026-05-25T14:00:00,14,41,1,0,Afternoon,12459995,3322751,15782746,15.0516,430.3289,CELLULAR,0.227,39.6
1312,1779692400000,2026-05-25T15:00:00,15,9,1,0,Afternoon,27108324,4801206,31909530,30.4313,460.7602,CELLULAR,0.373,33.9
1313,1779696000000,2026-05-25T16:00:00,16,34,1,0,Afternoon,43952294,11421012,55373306,52.8081,513.5683,CELLULAR,0.545,24.9
1314,1779699600000,2026-05-25T17:00:00,17,25,1,0,Afternoon,27177091,3699173,30876264,29.4459,543.0142,CELLULAR,0.339,18.8
1315,1779703200000,2026-05-25T18:00:00,18,23,1,0,Evening,175555208,46707252,222262460,211.966,754.9802,CELLULAR,0.718,4.6
1316,1779706800000,2026-05-25T19:00:00,19,28,1,0,Evening,142760853,23489718,166250571,158.5489,913.5291,CELLULAR,0.527,3.0
1317,1779710400000,2026-05-25T20:00:00,20,0,1,0,Evening,160927301,53260180,214187481,204.2651,1117.7942,CELLULAR,0.749,3.0
1318,1779714000000,2026-05-25T21:00:00,21,20,1,0,Evening,205714380,32940783,238655163,227.5993,1345.3935,CELLULAR,0.747,3.0
1319,1779717600000,2026-05-25T22:00:00,22,14,1,0,Evening,166385513,42642450,209027963,199.3446,1544.7381,CELLULAR,0.666,18.4
1320,1779721200000,2026-05-25T23:00:00,23,45,1,0,Evening,53831621,14791177,68622798,65.4438,1610.1819,CELLULAR,0.504,42.7
1321,1779724800000,2026-05-26T00:00:00,0,49,2,0,Night,10081611,2700215,12781826,12.1897,12.1897,CELLULAR,0.066,98.0
1322,1779728400000,2026-05-26T01:00:00,1,43,2,0,Night,0,0,0,0.0,12.1897,CELLULAR,0.06,100.0
1323,1779732000000,2026-05-26T02:00:00,2,27,2,0,Night,0,0,0,0.0,12.1897,CELLULAR,0.01,100.0
1324,1779735600000,2026-05-26T03:00:00,3,40,2,0,Night,14176440,4632496,18808936,17.9376,30.1273,CELLULAR,0.079,100.0
1325,1779739200000,2026-05-26T04:00:00,4,39,2,0,Night,14558978,4135139,18694117,17.8281,47.9554,CELLULAR,0.076,100.0
1326,1779742800000,2026-05-26T05:00:00,5,27,2,0,Night,0,0,0,0.0,47.9554,CELLULAR,0.053,100.0
1327,1779746400000,2026-05-26T06:00:00,6,47,2,0,Morning,54443879,12558030,67001909,63.898,111.8534,CELLULAR,0.54,100.0
1328,1779750000000,2026-05-26T07:00:00,7,22,2,0,Morning,40666446,8494781,49161227,46.8838,158.7372,CELLULAR,0.402,92.2
1329,1779753600000,2026-05-26T08:00:00,8,27,2,0,Morning,23189703,3993790,27183493,25.9242,184.6614,CELLULAR,0.295,87.6
1330,1779757200000,2026-05-26T09:00:00,9,19,2,0,Morning,34404224,5426879,39831103,37.9859,222.6473,CELLULAR,0.346,79.9
1331,1779760800000,2026-05-26T10:00:00,10,45,2,0,Morning,58959233,17158052,76117285,72.5911,295.2384,CELLULAR,0.518,68.4
1332,1779764400000,2026-05-26T11:00:00,11,18,2,0,Morning,53460867,12122214,65583081,62.5449,357.7833,CELLULAR,0.438,60.3
1333,1779768000000,2026-05-26T12:00:00,12,55,2,0,Afternoon,58558750,12266267,70825017,67.544,425.3273,CELLULAR,0.463,52.4
1334,1779771600000,2026-05-26T13:00:00,13,2,2,0,Afternoon,38108898,10008786,48117684,45.8886,471.2159,CELLULAR,0.383,44.3
1335,1779775200000,2026-05-26T14:00:00,14,36,2,0,Afternoon,22999448,4516863,27516311,26.2416,497.4575,CELLULAR,0.258,38.8
1336,1779778800000,2026-05-26T15:00:00,15,6,2,0,Afternoon,47019749,10931061,57950810,55.2662,552.7237,CELLULAR,0.537,31.0
1337,1779782400000,2026-05-26T16:00:00,16,53,2,0,Afternoon,28537259,7445675,35982934,34.316,587.0397,CELLULAR,0.275,25.2
1338,1779786000000,2026-05-26T17:00:00,17,16,2,0,Afternoon,59677883,11304735,70982618,67.6943,654.734,CELLULAR,0.51,15.2
1339,1779789600000,2026-05-26T18:00:00,18,56,2,0,Evening,176002767,24931867,200934634,191.6262,846.3602,CELLULAR,0.691,3.0
1340,1779793200000,2026-05-26T19:00:00,19,5,2,0,Evening,129446240,31268688,160714928,153.2697,999.6299,CELLULAR,0.788,3.0
1341,1779796800000,2026-05-26T20:00:00,20,25,2,0,Evening,123355144,28034693,151389837,144.3766,1144.0065,CELLULAR,0.545,3.0
1342,1779800400000,2026-05-26T21:00:00,21,8,2,0,Evening,145241830,18424316,163666146,156.0842,1300.0907,CELLULAR,0.629,3.0
1343,1779804000000,2026-05-26T22:00:00,22,0,2,0,Evening,171780694,22218868,193999562,185.0124,1485.1031,CELLULAR,0.544,24.6
1344,1779807600000,2026-05-26T23:00:00,23,50,2,0,Evening,67103102,20348870,87451972,83.4007,1568.5038,CELLULAR,0.75,44.9
1345,1779811200000,2026-05-27T00:00:00,0,22,3,0,Night,15142715,2892582,18035297,17.1998,17.1998,CELLULAR,0.026,96.0
1346,1779814800000,2026-05-27T01:00:00,1,36,3,0,Night,10637840,3498327,14136167,13.4813,30.6811,CELLULAR,0.052,100.0
1347,1779818400000,2026-05-27T02:00:00,2,4,3,0,Night,0,0,0,0.0,30.6811,CELLULAR,0.078,100.0
1348,1779822000000,2026-05-27T03:00:00,3,43,3,0,Night,11443592,1328692,12772284,12.1806,42.8617,CELLULAR,0.094,100.0
1349,1779825600000,2026-05-27T04:00:00,4,10,3,0,Night,1103522,312684,1416206,1.3506,44.2123,CELLULAR,0.061,100.0
1350,1779829200000,2026-05-27T05:00:00,5,20,3,0,Night,7901251,1218633,9119884,8.6974,52.9097,CELLULAR,0.082,100.0
1351,1779832800000,2026-05-27T06:00:00,6,38,3,0,Morning,47583332,10702918,58286250,55.5861,108.4958,CELLULAR,0.346,100.0
1352,1779836400000,2026-05-27T07:00:00,7,25,3,0,Morning,55658639,14536498,70195137,66.9433,175.4391,CELLULAR,0.577,87.9
1353,1779840000000,2026-05-27T08:00:00,8,41,3,0,Morning,41630892,12803624,54434516,51.9128,227.3519,CELLULAR,0.381,81.7
1354,1779843600000,2026-05-27T09:00:00,9,30,3,0,Morning,27895247,4838779,32734026,31.2176,258.5695,CELLULAR,0.211,77.5
1355,1779847200000,2026-05-27T10:00:00,10,25,3,0,Morning,51917524,10224969,62142493,59.2637,317.8332,CELLULAR,0.588,68.3
1356,1779850800000,2026-05-27T11:00:00,11,2,3,0,Morning,42925015,8745559,51670574,49.2769,367.1101,CELLULAR,0.331,60.4
1357,1779854400000,2026-05-27T12:00:00,12,45,3,0,Afternoon,35570668,4227929,39798597,37.9549,405.065,CELLULAR,0.215,55.3
1358,1779858000000,2026-05-27T13:00:00,13,25,3,0,Afternoon,47993060,11395663,59388723,56.6375,461.7025,CELLULAR,0.409,48.9
1359,1779861600000,2026-05-27T14:00:00,14,23,3,0,Afternoon,55851890,7621456,63473346,60.5329,522.2354,CELLULAR,0.587,38.5
1360,1779865200000,2026-05-27T15:00:00,15,37,3,0,Afternoon,32787312,5396373,38183685,36.4148,558.6502,CELLULAR,0.349,31.2
1361,1779868800000,2026-05-27T16:00:00,16,37,3,0,Afternoon,55924720,11153001,67077721,63.9703,622.6205,CELLULAR,0.551,21.2
1362,1779872400000,2026-05-27T17:00:00,17,20,3,0,Afternoon,43829622,12479538,56309160,53.7006,676.3211,CELLULAR,0.524,13.7
1363,1779876000000,2026-05-27T18:00:00,18,3,3,0,Evening,137362329,41205969,178568298,170.296,846.6171,CELLULAR,0.54,3.0
1364,1779879600000,2026-05-27T19:00:00,19,20,3,0,Evening,137127019,40522202,177649221,169.4195,1016.0366,CELLULAR,0.567,3.0
1365,1779883200000,2026-05-27T20:00:00,20,34,3,0,Evening,224006828,55183242,279190070,266.2564,1282.293,CELLULAR,0.868,3.0
1366,1779886800000,2026-05-27T21:00:00,21,49,3,0,Evening,140459636,21396982,161856618,154.3585,1436.6515,CELLULAR,0.575,3.0
1367,1779890400000,2026-05-27T22:00:00,22,36,3,0,Evening,146849008,22508808,169357816,161.5122,1598.1637,CELLULAR,0.682,27.3
1368,1779894000000,2026-05-27T23:00:00,23,32,3,0,Evening,79744276,24801792,104546068,99.7029,1697.8666,CELLULAR,0.807,49.2
1369,1779897600000,2026-05-28T00:00:00,0,6,4,0,Night,0,0,0,0.0,0.0,CELLULAR,0.025,96.0
1370,1779901200000,2026-05-28T01:00:00,1,51,4,0,Night,5503189,1140693,6643882,6.3361,6.3361,CELLULAR,0.07,100.0
1371,1779904800000,2026-05-28T02:00:00,2,44,4,0,Night,10746308,2306995,13053303,12.4486,18.7847,CELLULAR,0.06,100.0
1372,1779908400000,2026-05-28T03:00:00,3,13,4,0,Night,9032371,2455093,11487464,10.9553,29.74,CELLULAR,0.062,100.0
1373,1779912000000,2026-05-28T04:00:00,4,8,4,0,Night,13554809,4239630,17794439,16.9701,46.7101,CELLULAR,0.042,100.0
1374,1779915600000,2026-05-28T05:00:00,5,6,4,0,Night,8602715,1275500,9878215,9.4206,56.1307,CELLULAR,0.017,100.0
1375,1779919200000,2026-05-28T06:00:00,6,57,4,0,Morning,45243668,13538873,58782541,56.0594,112.1901,CELLULAR,0.435,100.0
1376,1779922800000,2026-05-28T07:00:00,7,33,4,0,Morning,21442106,6062986,27505092,26.2309,138.421,CELLULAR,0.34,94.7
1377,1779926400000,2026-05-28T08:00:00,8,37,4,0,Morning,70461161,9085806,79546967,75.8619,214.2829,CELLULAR,0.544,86.6
1378,1779930000000,2026-05-28T09:00:00,9,38,4,0,Morning,15011563,4925327,19936890,19.0133,233.2962,CELLULAR,0.23,81.0
1379,1779933600000,2026-05-28T10:00:00,10,23,4,0,Morning,33725668,5694917,39420585,37.5944,270.8906,CELLULAR,0.399,73.4
1380,1779937200000,2026-05-28T11:00:00,11,27,4,0,Morning,64075054,7683929,71758983,68.4347,339.3253,CELLULAR,0.544,64.0
1381,1779940800000,2026-05-28T12:00:00,12,12,4,0,Afternoon,45713200,14818366,60531566,57.7274,397.0527,CELLULAR,0.533,55.6
1382,1779944400000,2026-05-28T13:00:00,13,35,4,0,Afternoon,41234398,11367207,52601605,50.1648,447.2175,CELLULAR,0.451,45.1
1383,1779948000000,2026-05-28T14:00:00,14,29,4,0,Afternoon,50769764,13754569,64524333,61.5352,508.7527,CELLULAR,0.593,35.0
1384,1779951600000,2026-05-28T15:00:00,15,26,4,0,Afternoon,12937709,4093052,17030761,16.2418,524.9945,CELLULAR,0.225,30.6
1385,1779955200000,2026-05-28T16:00:00,16,6,4,0,Afternoon,55800527,13782556,69583083,66.3596,591.3541,CELLULAR,0.483,20.4
1386,1779958800000,2026-05-28T17:00:00,17,16,4,0,Afternoon,41873995,10835718,52709713,50.2679,641.622,CELLULAR,0.303,13.2
1387,1779962400000,2026-05-28T18:00:00,18,31,4,0,Evening,191408345,24694465,216102810,206.0917,847.7137,CELLULAR,0.766,3.0
1388,1779966000000,2026-05-28T19:00:00,19,20,4,0,Evening,151238615,34007644,185246259,176.6646,1024.3783,CELLULAR,0.798,3.0
1389,1779969600000,2026-05-28T20:00:00,20,14,4,0,Evening,181104079,53811338,234915417,224.0328,1248.4111,CELLULAR,0.642,3.0
1390,1779973200000,2026-05-28T21:00:00,21,55,4,0,Evening,164379943,50913471,215293414,205.3198,1453.7309,CELLULAR,0.607,3.0
1391,1779976800000,2026-05-28T22:00:00,22,8,4,0,Evening,140686432,30341137,171027569,163.1046,1616.8355,CELLULAR,0.504,23.9
1392,1779980400000,2026-05-28T23:00:00,23,2,4,0,Evening,85865321,9946004,95811325,91.3728,1708.2083,CELLULAR,0.78,42.7
1393,1779984000000,2026-05-29T00:00:00,0,29,5,0,Night,4901082,1601557,6502639,6.2014,6.2014,CELLULAR,0.041,95.0
1394,1779987600000,2026-05-29T01:00:00,1,54,5,0,Night,757893,93445,851338,0.8119,7.0133,CELLULAR,0.012,100.0
1395,1779991200000,2026-05-29T02:00:00,2,4,5,0,Night,0,0,0,0.0,7.0133,CELLULAR,0.018,100.0
1396,1779994800000,2026-05-29T03:00:00,3,46,5,0,Night,0,0,0,0.0,7.0133,CELLULAR,0.096,100.0
1397,1779998400000,2026-05-29T04:00:00,4,45,5,0,Night,3546328,484398,4030726,3.844,10.8573,CELLULAR,0.031,100.0
1398,1780002000000,2026-05-29T05:00:00,5,6,5,0,Night,18436796,3971168,22407964,21.3699,32.2272,CELLULAR,0.075,100.0
1399,1780005600000,2026-05-29T06:00:00,6,36,5,0,Morning,25573636,3377337,28950973,27.6098,59.837,CELLULAR,0.278,100.0
1400,1780009200000,2026-05-29T07:00:00,7,15,5,0,Morning,49721348,10774671,60496019,57.6935,117.5305,CELLULAR,0.425,91.7
1401,1780012800000,2026-05-29T08:00:00,8,18,5,0,Morning,32754718,5434734,38189452,36.4203,153.9508,CELLULAR,0.37,84.1
1402,1780016400000,2026-05-29T09:00:00,9,2,5,0,Morning,34561115,4769397,39330512,37.5085,191.4593,CELLULAR,0.339,77.5
1403,1780020000000,2026-05-29T10:00:00,10,50,5,0,Morning,27733449,5841430,33574879,32.0195,223.4788,CELLULAR,0.385,70.5
1404,1780023600000,2026-05-29T11:00:00,11,45,5,0,Morning,40214806,9715237,49930043,47.617,271.0958,CELLULAR,0.348,64.7
1405,1780027200000,2026-05-29T12:00:00,12,41,5,0,Afternoon,58229803,16210809,74440612,70.9921,342.0879,CELLULAR,0.584,52.7
1406,1780030800000,2026-05-29T13:00:00,13,47,5,0,Afternoon,41167313,5773869,46941182,44.7666,386.8545,CELLULAR,0.332,47.1
1407,1780034400000,2026-05-29T14:00:00,14,16,5,0,Afternoon,33126222,9079066,42205288,40.2501,427.1046,CELLULAR,0.228,41.2
1408,1780038000000,2026-05-29T15:00:00,15,34,5,0,Afternoon,22720039,7069795,29789834,28.4098,455.5144,CELLULAR,0.257,35.5
1409,1780041600000,2026-05-29T16:00:00,16,31,5,0,Afternoon,55023673,12093999,67117672,64.0084,519.5228,CELLULAR,0.595,27.1
1410,1780045200000,2026-05-29T17:00:00,17,0,5,0,Afternoon,55709948,14644783,70354731,67.0955,586.6183,CELLULAR,0.527,17.9
1411,1780048800000,2026-05-29T18:00:00,18,47,5,0,Evening,190793630,35537305,226330935,215.846,802.4643,CELLULAR,0.788,7.4
1412,1780052400000,2026-05-29T19:00:00,19,44,5,0,Evening,208836501,34492480,243328981,232.0566,1034.5209,CELLULAR,0.655,3.0
1413,1780056000000,2026-05-29T20:00:00,20,54,5,0,Evening,181628701,23161652,204790353,195.3033,1229.8242,CELLULAR,0.618,3.0
1414,1780059600000,2026-05-29T21:00:00,21,23,5,0,Evening,220546783,46228777,266775560,254.417,1484.2412,CELLULAR,0.869,3.0
1415,1780063200000,2026-05-29T22:00:00,22,13,5,0,Evening,137852915,19637537,157490452,150.1946,1634.4358,CELLULAR,0.527,25.0
1416,1780066800000,2026-05-29T23:00:00,23,39,5,0,Evening,65243352,10017875,75261227,71.7747,1706.2105,CELLULAR,0.592,43.7
1417,1780070400000,2026-05-30T00:00:00,0,12,6,1,Night,52110024,12779738,64889762,61.8837,61.8837,CELLULAR,0.276,96.0
1418,1780074000000,2026-05-30T01:00:00,1,28,6,1,Night,25419212,7041869,32461081,30.9573,92.841,CELLULAR,0.185,100.0
1419,1780077600000,2026-05-30T02:00:00,2,16,6,1,Night,52926864,9445162,62372026,59.4826,152.3236,CELLULAR,0.181,100.0
1420,1780081200000,2026-05-30T03:00:00,3,27,6,1,Night,41989314,6803234,48792548,46.5322,198.8558,CELLULAR,0.12,100.0
1421,1780084800000,2026-05-30T04:00:00,4,1,6,1,Night,45024863,10341417,55366280,52.8014,251.6572,CELLULAR,0.247,100.0
1422,1780088400000,2026-05-30T05:00:00,5,8,6,1,Night,34530785,11443505,45974290,43.8445,295.5017,CELLULAR,0.17,100.0
1423,1780092000000,2026-05-30T06:00:00,6,56,6,1,Morning,83800243,16136180,99936423,95.3068,390.8085,CELLULAR,0.647,100.0
1424,1780095600000,2026-05-30T07:00:00,7,15,6,1,Morning,83171079,26930659,110101738,105.0012,495.8097,CELLULAR,0.621,91.0
1425,1780099200000,2026-05-30T08:00:00,8,48,6,1,Morning,102296540,22435769,124732309,118.954,614.7637,CELLULAR,0.736,81.2
1426,1780102800000,2026-05-30T09:00:00,9,0,6,1,Morning,89600241,12671256,102271497,97.5337,712.2974,CELLULAR,0.576,71.6
1427,1780106400000,2026-05-30T10:00:00,10,7,6,1,Morning,80776793,9094244,89871037,85.7077,798.0051,CELLULAR,0.37,65.1
1428,1780110000000,2026-05-30T11:00:00,11,12,6,1,Morning,80224205,23907256,104131461,99.3075,897.3126,CELLULAR,0.664,52.4
1429,1780113600000,2026-05-30T12:00:00,12,48,6,1,Afternoon,59309204,19395127,78704331,75.0583,972.3709,CELLULAR,0.4,46.3
1430,1780117200000,2026-05-30T13:00:00,13,10,6,1,Afternoon,85840225,17759083,103599308,98.8,1071.1709,CELLULAR,0.417,39.4
1431,1780120800000,2026-05-30T14:00:00,14,1,6,1,Afternoon,90543097,12856772,103399869,98.6098,1169.7807,CELLULAR,0.677,26.0
1432,1780124400000,2026-05-30T15:00:00,15,48,6,1,Afternoon,82165643,11036929,93202572,88.8849,1258.6656,CELLULAR,0.445,15.8
1433,1780128000000,2026-05-30T16:00:00,16,39,6,1,Afternoon,55428849,8488883,63917732,60.9567,1319.6223,CELLULAR,0.479,6.7
1434,1780131600000,2026-05-30T17:00:00,17,33,6,1,Afternoon,76742901,20756002,97498903,92.9822,1412.6045,CELLULAR,0.666,3.0
1435,1780135200000,2026-05-30T18:00:00,18,22,6,1,Evening,237943664,37692677,275636341,262.8673,1675.4718,CELLULAR,1.0,3.0
1436,1780138800000,2026-05-30T19:00:00,19,25,6,1,Evening,167383201,29398967,196782168,187.6661,1863.1379,CELLULAR,0.914,3.0
1437,1780142400000,2026-05-30T20:00:00,20,23,6,1,Evening,212273522,43401288,255674810,243.8305,2106.9684,CELLULAR,0.948,3.0
1438,1780146000000,2026-05-30T21:00:00,21,58,6,1,Evening,186126806,28856859,214983665,205.0244,2311.9928,CELLULAR,0.689,3.0
1439,1780149600000,2026-05-30T22:00:00,22,44,6,1,Evening,248195308,44505874,292701182,279.1416,2591.1344,CELLULAR,0.983,25.8
1440,1780153200000,2026-05-30T23:00:00,23,53,6,1,Evening,106352901,32183806,138536707,132.1189,2723.2533,CELLULAR,0.93,47.7
